source,geo_id,parent_id,cluster,x,n,share,x_rest,n_rest,share_rest,lq,lq_lo,lq_hi,is_finance_lens
claude_ai,AE,GLOBAL,"Assist with SQL databases, data analysis, and visualization tasks",110.0,4587.0,0.023980815347721823,26481.0,966921.0,0.027386932334699524,0.8756298461853605,0.7277353181836462,1.053580344903794,False
claude_ai,AE,GLOBAL,"Assist with academic research, scientific writing, and educational content creation",280.0,4587.0,0.06104207543056464,72159.0,966921.0,0.07462760659867766,0.8179556897600714,0.7300333629422244,0.9164670333892994,False
claude_ai,AE,GLOBAL,"Assist with business development, analysis, research, and strategic planning",301.0,4587.0,0.06562023108785699,42748.0,966921.0,0.04421043704708037,1.484270128747585,1.3301977248162609,1.656188229758609,True
claude_ai,AE,GLOBAL,"Assist with civic information, government services, and institutional research",43.0,4587.0,0.009374318726836712,11460.0,966921.0,0.011852054097490902,0.790944645521089,0.5870904267164647,1.065582751497686,False
claude_ai,AE,GLOBAL,"Assist with creative content, marketing, and media production projects",428.0,4587.0,0.09330717244386309,73935.0,966921.0,0.07646436472059248,1.2202700275457163,1.114710358708603,1.3358258748501315,False
claude_ai,AE,GLOBAL,"Assist with job applications, career transitions, and interview preparation",220.0,4587.0,0.047961630695443645,34350.0,966921.0,0.03552513597284576,1.3500759217953149,1.1862628251592322,1.5365102538443007,False
claude_ai,AE,GLOBAL,"Assist with mathematics, physics, and STEM homework and assignments",278.0,4587.0,0.06060606060606061,69606.0,966921.0,0.0719872667984251,0.8418997317368149,0.7510718165172198,0.9437115635429656,False
claude_ai,AE,GLOBAL,"Assist with software development, debugging, and programming across multiple platforms",759.0,4587.0,0.16546762589928057,167631.0,966921.0,0.17336576617945001,0.9544423304887418,0.8942542327386602,1.0186814094678183,False
claude_ai,AE,GLOBAL,"Assist with translation, writing, editing, and document formatting tasks",310.0,4587.0,0.06758229779812513,76096.0,966921.0,0.07869929394438635,0.8587408401132905,0.7710536675030756,0.9564001334259117,False
claude_ai,AE,GLOBAL,Build and manage subscription-based e-commerce operations,47.0,4587.0,0.01024634837584478,7685.0,966921.0,0.007947908877767676,1.289187952884868,0.9691994744498027,1.7148230283626265,False
claude_ai,AE,GLOBAL,Create professional presentations and draft workplace correspondence,257.0,4587.0,0.056027904948768255,33708.0,966921.0,0.03486117273282926,1.6071721217802288,1.4265045077995928,1.8107213926802708,False
claude_ai,AE,GLOBAL,Develop and debug automated trading bots and blockchain financial software,122.0,4587.0,0.02659690429474602,16317.0,966921.0,0.01687521524509241,1.576092743615868,1.3220911559990987,1.8788933918867299,True
claude_ai,AE,GLOBAL,"Develop, deploy, and debug machine learning and AI systems",112.0,4587.0,0.024416830172225856,22425.0,966921.0,0.023192173921137302,1.0528047200427557,0.8764052892842898,1.2647091386788303,False
claude_ai,AE,GLOBAL,"Extract and structure data from documents, images, and online sources",106.0,4587.0,0.023108785698713757,19894.0,966921.0,0.020574586755277836,1.1231713168083846,0.9300608799037591,1.3563776674830357,False
claude_ai,AE,GLOBAL,"Get help with daily life tasks, personal information, and household management",237.0,4587.0,0.051667756703727925,56994.0,966921.0,0.058943802027259726,0.8765596199551762,0.7741504060991673,0.9925161328889592,False
claude_ai,AE,GLOBAL,"Implement and troubleshoot authentication, authorization, and security systems for web applications",42.0,4587.0,0.009156311314584695,11002.0,966921.0,0.011378385617852958,0.804710933703831,0.5951798015275435,1.0880068261061846,False
claude_ai,AE,GLOBAL,"Provide financial information, tax guidance, and consumer purchase assistance",247.0,4587.0,0.05384783082624809,42963.0,966921.0,0.044432792337740105,1.2118939187288278,1.073071469879681,1.3686757233575433,True
claude_ai,AE,GLOBAL,"Provide health, fitness, medical, and mental health information and clinical documentation assistance",175.0,4587.0,0.0381512971441029,41980.0,966921.0,0.04341616326463072,0.8787348829412367,0.7596623340512454,1.0164713450774558,False
claude_ai,AE,GLOBAL,Provide legal services and fraud investigation assistance,86.0,4587.0,0.018748637453673424,21331.0,966921.0,0.02206074746540824,0.849864107418469,0.689036807443988,1.0482299251290788,True
claude_ai,AE,GLOBAL,"Provide technical support across IT infrastructure, security, and engineering systems",325.0,4587.0,0.07085240898190538,78850.0,966921.0,0.0815475100861394,0.8688482199770823,0.7822358319033719,0.9650506900463688,False
claude_ai,AL,GLOBAL,"Assist with mathematics, physics, and STEM homework and assignments",32.0,272.0,0.11764705882352941,69852.0,971236.0,0.07192072781486683,1.6357879348269113,1.1812612598737002,2.265207755997506,False
claude_ai,AL,GLOBAL,"Assist with software development, debugging, and programming across multiple platforms",72.0,272.0,0.2647058823529412,168318.0,971236.0,0.1733028841599776,1.5274176401391484,1.2528990526407306,1.86208509176456,False
claude_ai,AL,GLOBAL,"Provide technical support across IT infrastructure, security, and engineering systems",42.0,272.0,0.15441176470588236,79133.0,971236.0,0.08147659271279072,1.8951671831711467,1.4349364454649458,2.503008870894693,False
claude_ai,AM,GLOBAL,"Assist with academic research, scientific writing, and educational content creation",42.0,522.0,0.08045977011494253,72397.0,970986.0,0.0745602923214135,1.079123587231896,0.8073903819298622,1.4423106127878,False
claude_ai,AM,GLOBAL,"Assist with creative content, marketing, and media production projects",42.0,522.0,0.08045977011494253,74321.0,970986.0,0.0765417833006861,1.0511875559374548,0.7864907613569238,1.4049691770712267,False
claude_ai,AM,GLOBAL,"Assist with mathematics, physics, and STEM homework and assignments",39.0,522.0,0.07471264367816093,69845.0,970986.0,0.0719320360952681,1.0386560388643822,0.7679303772471844,1.40482314417183,False
claude_ai,AM,GLOBAL,"Assist with software development, debugging, and programming across multiple platforms",126.0,522.0,0.2413793103448276,168264.0,970986.0,0.1732918909232471,1.3929059753392452,1.1963153482333695,1.6218023608916323,False
claude_ai,AM,GLOBAL,"Assist with translation, writing, editing, and document formatting tasks",49.0,522.0,0.09386973180076628,76357.0,970986.0,0.07863862094819081,1.1936848671673697,0.9143184596472147,1.558410581204021,False
claude_ai,AM,GLOBAL,"Provide technical support across IT infrastructure, security, and engineering systems",62.0,522.0,0.11877394636015326,79113.0,970986.0,0.08147697289147321,1.4577609126244708,1.153886393081651,1.8416604018532325,False
claude_ai,AO,GLOBAL,"Assist with academic research, scientific writing, and educational content creation",36.0,285.0,0.12631578947368421,72403.0,971223.0,0.07454827573070243,1.6944159772385121,1.2484700965513769,2.299650998331295,False
claude_ai,AO,GLOBAL,"Assist with creative content, marketing, and media production projects",31.0,285.0,0.10877192982456141,74332.0,971223.0,0.07653443133039477,1.421215627186138,1.0192944810137805,1.9816195383979323,False
claude_ai,AO,GLOBAL,"Assist with mathematics, physics, and STEM homework and assignments",46.0,285.0,0.16140350877192983,69838.0,971223.0,0.07190727567201353,2.244606088375956,1.7225309812778067,2.924914876269415,False
claude_ai,AO,GLOBAL,"Assist with software development, debugging, and programming across multiple platforms",63.0,285.0,0.22105263157894736,168327.0,971223.0,0.17331447051809934,1.2754424423889215,1.025631369547621,1.5860995208878368,False
claude_ai,AO,GLOBAL,"Assist with translation, writing, editing, and document formatting tasks",34.0,285.0,0.11929824561403508,76372.0,971223.0,0.07863487582151577,1.5171162206044098,1.1065947273294134,2.079931857596725,False
claude_ai,AR,GLOBAL,"Assist with SQL databases, data analysis, and visualization tasks",188.0,4827.0,0.038947586492645535,26403.0,966681.0,0.027313043289358123,1.4259702252886823,1.238885373585077,1.6413068769434607,False
claude_ai,AR,GLOBAL,"Assist with academic research, scientific writing, and educational content creation",290.0,4827.0,0.060078723845038325,72149.0,966681.0,0.07463578988311553,0.804958639000478,0.7198091483026866,0.9001808493673509,False
claude_ai,AR,GLOBAL,"Assist with business development, analysis, research, and strategic planning",180.0,4827.0,0.037290242386575516,42869.0,966681.0,0.04434658382651568,0.840881961335632,0.7283726839489341,0.9707701681866375,True
claude_ai,AR,GLOBAL,"Assist with civic information, government services, and institutional research",37.0,4827.0,0.007665216490573856,11466.0,966681.0,0.011861203437328343,0.646242730012596,0.4685651689076452,0.8912947308220608,False
claude_ai,AR,GLOBAL,"Assist with creative content, marketing, and media production projects",408.0,4827.0,0.08452454940957116,73955.0,966681.0,0.07650403804357384,1.1048377519815247,1.0066192803380993,1.2126396563689863,False
claude_ai,AR,GLOBAL,"Assist with game development, gaming software, and tabletop RPG content",71.0,4827.0,0.014708928941371453,10582.0,966681.0,0.01094673423807854,1.3436819257204589,1.0658207516260911,1.6939819521746706,False
claude_ai,AR,GLOBAL,"Assist with job applications, career transitions, and interview preparation",120.0,4827.0,0.024860161591050343,34450.0,966681.0,0.035637402617823256,0.6975862370681606,0.5844302264832604,0.8326512491921124,False
claude_ai,AR,GLOBAL,"Assist with mathematics, physics, and STEM homework and assignments",276.0,4827.0,0.057178371659415785,69608.0,966681.0,0.07200720816898232,0.7940645542767457,0.7079587625691139,0.8906430002653876,False
claude_ai,AR,GLOBAL,"Assist with software development, debugging, and programming across multiple platforms",943.0,4827.0,0.19535943650300394,167447.0,966681.0,0.17321846607102032,1.1278210743588142,1.0648870306101168,1.1944744740097932,False
claude_ai,AR,GLOBAL,"Assist with translation, writing, editing, and document formatting tasks",476.0,4827.0,0.09861197431116636,75930.0,966681.0,0.07854711119800638,1.2554500452929356,1.1524950644323788,1.3676022265677241,False
claude_ai,AR,GLOBAL,Build and manage subscription-based e-commerce operations,48.0,4827.0,0.009944064636420136,7684.0,966681.0,0.007948847655017528,1.2510070727224434,0.9432515875911401,1.6591741976266319,False
claude_ai,AR,GLOBAL,"Create prediction tools for sports analysis, gaming, and divination readings",44.0,4827.0,0.009115392583385125,8012.0,966681.0,0.008288152968766326,1.099809887406305,0.818893530890144,1.4770928610485465,False
claude_ai,AR,GLOBAL,Create professional presentations and draft workplace correspondence,108.0,4827.0,0.022374145431945307,33857.0,966681.0,0.03502396343778351,0.6388239147088732,0.5299889989905939,0.7700084242903548,False
claude_ai,AR,GLOBAL,Develop and debug automated trading bots and blockchain financial software,109.0,4827.0,0.02258131344520406,16330.0,966681.0,0.0168928529680422,1.3367377013180224,1.1096092103996198,1.61035765148476,True
claude_ai,AR,GLOBAL,"Develop, deploy, and debug machine learning and AI systems",102.0,4827.0,0.02113113735239279,22435.0,966681.0,0.023208276566933663,0.9105000662780661,0.7511094582772665,1.1037144607308882,False
claude_ai,AR,GLOBAL,"Extract and structure data from documents, images, and online sources",91.0,4827.0,0.01885228920654651,19909.0,966681.0,0.020595211864099947,0.9153724336970007,0.7464654757680599,1.1224989226865765,False
claude_ai,AR,GLOBAL,"Get help with daily life tasks, personal information, and household management",249.0,4827.0,0.05158483530142946,56982.0,966681.0,0.0589460225244936,0.8751198654666584,0.7752108411701366,0.9879051456225746,False
claude_ai,AR,GLOBAL,"Implement and troubleshoot authentication, authorization, and security systems for web applications",50.0,4827.0,0.010358400662937643,10994.0,966681.0,0.011372934815104466,0.9107939886528309,0.690865063789843,1.2007347501631314,False
claude_ai,AR,GLOBAL,Provide entertainment recommendations and sports information including schedules and results,30.0,4827.0,0.006215040397762586,13541.0,966681.0,0.014007723333757466,0.4436866898123871,0.3104413970090044,0.6341225126975044,False
claude_ai,AR,GLOBAL,"Provide financial information, tax guidance, and consumer purchase assistance",201.0,4827.0,0.041640770665009326,43009.0,966681.0,0.044491409265310894,0.9359283365626236,0.8172010957999203,1.071904890586865,True
claude_ai,AR,GLOBAL,"Provide health, fitness, medical, and mental health information and clinical documentation assistance",222.0,4827.0,0.04599129894344313,41933.0,966681.0,0.043378322321427645,1.060236922088726,0.932082283314264,1.2060119059050596,False
claude_ai,AR,GLOBAL,Provide legal services and fraud investigation assistance,97.0,4827.0,0.020095297286099028,21320.0,966681.0,0.022054845393671748,0.9111511292600138,0.7478959748202524,1.1100425838651238,True
claude_ai,AR,GLOBAL,"Provide technical support across IT infrastructure, security, and engineering systems",487.0,4827.0,0.10089082245701264,78688.0,966681.0,0.08140017234227216,1.2394423691486305,1.1390323865379106,1.348703868825103,False
claude_ai,AT,GLOBAL,"Assist with SQL databases, data analysis, and visualization tasks",80.0,3336.0,0.023980815347721823,26511.0,968172.0,0.027382531203133328,0.8757705841663661,0.7050633817710631,1.0878087501360802,False
claude_ai,AT,GLOBAL,"Assist with academic research, scientific writing, and educational content creation",220.0,3336.0,0.06594724220623502,72219.0,968172.0,0.0745931508037828,0.8840924601738458,0.777946259447483,1.0047216869342221,False
claude_ai,AT,GLOBAL,"Assist with business development, analysis, research, and strategic planning",133.0,3336.0,0.03986810551558753,42916.0,968172.0,0.04432683448808683,0.8994124208509043,0.761243895763528,1.0626590338297746,True
claude_ai,AT,GLOBAL,"Assist with civic information, government services, and institutional research",41.0,3336.0,0.012290167865707434,11462.0,968172.0,0.0118388055015018,1.0381256676738526,0.7654122095959139,1.4080058932587942,False
claude_ai,AT,GLOBAL,"Assist with creative content, marketing, and media production projects",217.0,3336.0,0.06504796163069544,74146.0,968172.0,0.07658349962609949,0.8493730627129403,0.7466969524052999,0.9661678641360957,False
claude_ai,AT,GLOBAL,"Assist with game development, gaming software, and tabletop RPG content",42.0,3336.0,0.012589928057553957,10611.0,968172.0,0.010959829451791624,1.1487339390574054,0.8500505487598767,1.5523661088948981,False
claude_ai,AT,GLOBAL,"Assist with job applications, career transitions, and interview preparation",100.0,3336.0,0.02997601918465228,34470.0,968172.0,0.035603177947720034,0.8419478516403588,0.6939499866219587,1.021509040345278,False
claude_ai,AT,GLOBAL,"Assist with mathematics, physics, and STEM homework and assignments",178.0,3336.0,0.053357314148681056,69706.0,968172.0,0.07199753762761162,0.7410991529273928,0.642277504211915,0.8551256285141278,False
claude_ai,AT,GLOBAL,"Assist with software development, debugging, and programming across multiple platforms",618.0,3336.0,0.18525179856115107,167772.0,968172.0,0.17328739108340255,1.0690437278958749,0.9954757673836326,1.1480485307615533,False
claude_ai,AT,GLOBAL,"Assist with translation, writing, editing, and document formatting tasks",272.0,3336.0,0.0815347721822542,76134.0,968172.0,0.0786368537821792,1.0368519118033652,0.9250482721142538,1.1621684180363632,False
claude_ai,AT,GLOBAL,Create professional presentations and draft workplace correspondence,127.0,3336.0,0.03806954436450839,33838.0,968172.0,0.0349504013749623,1.089244840311922,0.918130828018784,1.2922497382060139,False
claude_ai,AT,GLOBAL,Develop and debug automated trading bots and blockchain financial software,42.0,3336.0,0.012589928057553957,16397.0,968172.0,0.01693604029036163,0.7433808518227804,0.5502104428648275,1.0043704150350448,True
claude_ai,AT,GLOBAL,"Develop, deploy, and debug machine learning and AI systems",73.0,3336.0,0.021882494004796162,22464.0,968172.0,0.02320248881397107,0.9431097750005124,0.7513999084601424,1.183731908517657,False
claude_ai,AT,GLOBAL,"Extract and structure data from documents, images, and online sources",62.0,3336.0,0.01858513189448441,19938.0,968172.0,0.020593448271588106,0.902477897308996,0.7049772796539336,1.1553086583599974,False
claude_ai,AT,GLOBAL,"Get help with daily life tasks, personal information, and household management",252.0,3336.0,0.07553956834532374,56979.0,968172.0,0.058852146106270375,1.283548236438491,1.1395664552575913,1.4457218073271165,False
claude_ai,AT,GLOBAL,"Implement and troubleshoot authentication, authorization, and security systems for web applications",33.0,3336.0,0.009892086330935251,11011.0,968172.0,0.011372979181385126,0.8697884848963985,0.6190846397130398,1.222017087694249,False
claude_ai,AT,GLOBAL,"Provide financial information, tax guidance, and consumer purchase assistance",179.0,3336.0,0.05365707434052758,43031.0,968172.0,0.04444561503534496,1.2072523756923443,1.0465878917340952,1.3925808908413237,True
claude_ai,AT,GLOBAL,"Provide health, fitness, medical, and mental health information and clinical documentation assistance",149.0,3336.0,0.044664268585131894,42006.0,968172.0,0.04338691885326161,1.0294408952198333,0.8796727858808951,1.20470767512694,False
claude_ai,AT,GLOBAL,Provide legal services and fraud investigation assistance,62.0,3336.0,0.01858513189448441,21355.0,968172.0,0.022057031188673085,0.84259444235761,0.6582159133741068,1.0786208292238788,True
claude_ai,AT,GLOBAL,"Provide technical support across IT infrastructure, security, and engineering systems",396.0,3336.0,0.11870503597122302,78779.0,968172.0,0.08136880636911623,1.458851877865052,1.3296883291240662,1.6005621429740422,False
claude_ai,AU,GLOBAL,"Analyze political media, misinformation, and criminal investigations",50.0,15451.0,0.003236036502491748,3739.0,956057.0,0.00391085468753432,0.827449946633526,0.6262619056660071,1.0932700967268627,False
claude_ai,AU,GLOBAL,"Assist with SQL databases, data analysis, and visualization tasks",339.0,15451.0,0.021940327486894052,26252.0,956057.0,0.02745861386925675,0.7990325947027833,0.7187040622246145,0.8883393331898665,False
claude_ai,AU,GLOBAL,"Assist with academic research, scientific writing, and educational content creation",1117.0,15451.0,0.07229305546566565,71322.0,956057.0,0.07460015459329308,0.9690738023237977,0.9154502639635124,1.025838400312847,False
claude_ai,AU,GLOBAL,"Assist with business development, analysis, research, and strategic planning",750.0,15451.0,0.04854054753737622,42299.0,956057.0,0.04424317796951437,1.097130671101948,1.0225186664364414,1.1771870274677583,True
claude_ai,AU,GLOBAL,"Assist with civic information, government services, and institutional research",219.0,15451.0,0.014173839880913856,11284.0,956057.0,0.011802643566230883,1.2009038315337521,1.051585372840295,1.371424565080433,False
claude_ai,AU,GLOBAL,"Assist with creative content, marketing, and media production projects",1192.0,15451.0,0.07714711021940328,73171.0,956057.0,0.07653413970087558,1.0080091122853594,0.9540858568485003,1.064980015327554,False
claude_ai,AU,GLOBAL,"Assist with game development, gaming software, and tabletop RPG content",166.0,15451.0,0.010743641188272604,10487.0,956057.0,0.010969011261880829,0.9794539299643694,0.8409200144434082,1.1408100466696744,False
claude_ai,AU,GLOBAL,"Assist with job applications, career transitions, and interview preparation",658.0,15451.0,0.042586240372791406,33912.0,956057.0,0.035470688463135565,1.2006037158554446,1.1133052229923928,1.2947476152599982,False
claude_ai,AU,GLOBAL,"Assist with mathematics, physics, and STEM homework and assignments",975.0,15451.0,0.06310271179858909,68909.0,956057.0,0.07207624649994718,0.8754994171156698,0.8235405356219655,0.9307364922735608,False
claude_ai,AU,GLOBAL,"Assist with software development, debugging, and programming across multiple platforms",2146.0,15451.0,0.13889068668694582,166244.0,956057.0,0.17388502986746607,0.7987501097294419,0.7678112737781513,0.8309356212671833,False
claude_ai,AU,GLOBAL,"Assist with translation, writing, editing, and document formatting tasks",891.0,15451.0,0.05766617047440295,75515.0,956057.0,0.07898587636511212,0.7300820491987852,0.684746938282188,0.7784186664630793,False
claude_ai,AU,GLOBAL,Build and manage subscription-based e-commerce operations,141.0,15451.0,0.00912562293702673,7591.0,956057.0,0.007939903164769465,1.1493368052041844,0.9737092045949691,1.3566422968615597,False
claude_ai,AU,GLOBAL,"Create prediction tools for sports analysis, gaming, and divination readings",127.0,15451.0,0.00821953271632904,7929.0,956057.0,0.008293438571131219,0.9910886354111985,0.8323198737283838,1.1801432529073284,False
claude_ai,AU,GLOBAL,Create professional presentations and draft workplace correspondence,788.0,15451.0,0.05099993527926995,33177.0,956057.0,0.03470190584870986,1.4696580499530696,1.371897299294279,1.5743851853217699,False
claude_ai,AU,GLOBAL,Develop and debug automated trading bots and blockchain financial software,238.0,15451.0,0.015403533751860722,16201.0,956057.0,0.01694564236232777,0.9089967451517009,0.800594606569036,1.0320767538484983,True
claude_ai,AU,GLOBAL,"Develop, deploy, and debug machine learning and AI systems",285.0,15451.0,0.018445408064202966,22252.0,956057.0,0.023274762906395748,0.7925068082706137,0.705880384547015,0.8897641227958546,False
claude_ai,AU,GLOBAL,"Extract and structure data from documents, images, and online sources",307.0,15451.0,0.019869264125299334,19693.0,956057.0,0.020598144252905425,0.964614281817971,0.8627481754324459,1.0785078881456966,False
claude_ai,AU,GLOBAL,"Get help with daily life tasks, personal information, and household management",1212.0,15451.0,0.07844152482039997,56019.0,956057.0,0.0585937867721276,1.3387345167749716,1.2675481692449198,1.4139187368889805,False
claude_ai,AU,GLOBAL,"Implement and troubleshoot authentication, authorization, and security systems for web applications",156.0,15451.0,0.010096433887774254,10888.0,956057.0,0.011388442320907645,0.8865509086557485,0.7575534451000876,1.0375142753584745,False
claude_ai,AU,GLOBAL,Provide entertainment recommendations and sports information including schedules and results,104.0,15451.0,0.006730955925182836,13467.0,956057.0,0.014085980229212276,0.4778478895791584,0.3942612760928418,0.5791555484173032,False
claude_ai,AU,GLOBAL,"Provide financial information, tax guidance, and consumer purchase assistance",901.0,15451.0,0.0583133777749013,42309.0,956057.0,0.044253637596921525,1.3177081239296322,1.2359602788662922,1.404862866194094,True
claude_ai,AU,GLOBAL,"Provide health, fitness, medical, and mental health information and clinical documentation assistance",964.0,15451.0,0.06239078376804091,41191.0,956057.0,0.043084251252801874,1.448111130026508,1.3612562531740342,1.5405077772954399,False
claude_ai,AU,GLOBAL,Provide legal services and fraud investigation assistance,391.0,15451.0,0.02530580544948547,21026.0,956057.0,0.02199241258627885,1.1506607267487268,1.0424443610610814,1.2701110558401572,True
claude_ai,AU,GLOBAL,"Provide technical support across IT infrastructure, security, and engineering systems",1278.0,15451.0,0.08271309300368908,77897.0,956057.0,0.08147735961349585,1.0151665861050871,0.9628217375094291,1.0703572191982889,False
claude_ai,AU,GLOBAL,"Resolve payment, billing, subscription, and account access issues",56.0,15451.0,0.0036243608827907577,3283.0,956057.0,0.0034338956777681664,1.0554662176418774,0.8108443772968855,1.373887478010301,False
claude_ai,AZ,GLOBAL,"Assist with creative content, marketing, and media production projects",45.0,555.0,0.08108108108108109,74318.0,970953.0,0.07654129499574129,1.0593115923318568,0.8004749677678386,1.4018440236523526,False
claude_ai,AZ,GLOBAL,"Assist with mathematics, physics, and STEM homework and assignments",36.0,555.0,0.06486486486486487,69848.0,970953.0,0.07193757061361364,0.9016827272811696,0.6573965904002134,1.2367446873769854,False
claude_ai,AZ,GLOBAL,"Assist with software development, debugging, and programming across multiple platforms",157.0,555.0,0.2828828828828829,168233.0,970953.0,0.17326585323903423,1.6326522369795686,1.4299929984663382,1.8640324321679789,False
claude_ai,AZ,GLOBAL,"Assist with translation, writing, editing, and document formatting tasks",63.0,555.0,0.11351351351351352,76343.0,970953.0,0.07862687483328236,1.4436986558883786,1.1440896269038816,1.8217679454487496,False
claude_ai,AZ,GLOBAL,"Get help with daily life tasks, personal information, and household management",39.0,555.0,0.07027027027027027,57192.0,970953.0,0.05890295410797433,1.1929838041986596,0.8813768487485146,1.6147580448716705,False
claude_ai,AZ,GLOBAL,"Provide technical support across IT infrastructure, security, and engineering systems",76.0,555.0,0.13693693693693693,79099.0,970953.0,0.0814653232442765,1.6809230171017298,1.363928244330019,2.071591523357821,False
claude_ai,BA,GLOBAL,"Assist with creative content, marketing, and media production projects",30.0,299.0,0.10033444816053512,74333.0,971209.0,0.0765365642204716,1.3109348346433636,0.933561277336962,1.8408541382347043,False
claude_ai,BA,GLOBAL,"Assist with software development, debugging, and programming across multiple platforms",89.0,299.0,0.2976588628762542,168301.0,971209.0,0.17329019809330432,1.7176901299171365,1.4431261341673314,2.044491685487446,False
claude_ai,BA,GLOBAL,"Assist with translation, writing, editing, and document formatting tasks",35.0,299.0,0.11705685618729098,76371.0,971209.0,0.07863497970055879,1.4886104966649996,1.0903099767247613,2.0324139539086468,False
claude_ai,BA,GLOBAL,"Provide technical support across IT infrastructure, security, and engineering systems",44.0,299.0,0.14715719063545152,79131.0,971209.0,0.08147679850577991,1.8061238700366005,1.3746869653764466,2.372964548349153,False
claude_ai,BD,GLOBAL,"Assist with SQL databases, data analysis, and visualization tasks",56.0,2354.0,0.0237892948173322,26535.0,969154.0,0.027379549586546616,0.8688709338382051,0.6705785204127971,1.1257991073202702,False
claude_ai,BD,GLOBAL,"Assist with academic research, scientific writing, and educational content creation",231.0,2354.0,0.09813084112149532,72208.0,969154.0,0.07450621882590383,1.3170825558977077,1.1650342258103623,1.4889746761245828,False
claude_ai,BD,GLOBAL,"Assist with business development, analysis, research, and strategic planning",82.0,2354.0,0.034834324553950725,42967.0,969154.0,0.04433454332335212,0.7857151995428948,0.6350800567522423,0.9720796114269594,True
claude_ai,BD,GLOBAL,"Assist with civic information, government services, and institutional research",32.0,2354.0,0.013593882752761258,11471.0,969154.0,0.011836096224129499,1.1485106656237105,0.8137242581210165,1.6210365315854287,False
claude_ai,BD,GLOBAL,"Assist with creative content, marketing, and media production projects",301.0,2354.0,0.12786745964316057,74062.0,969154.0,0.07641922749119336,1.6732367473604228,1.505357345299904,1.8598382779070404,False
claude_ai,BD,GLOBAL,"Assist with job applications, career transitions, and interview preparation",62.0,2354.0,0.026338147833474938,34508.0,969154.0,0.0356063123094988,0.7397044547758076,0.5784846088521218,0.9458552086647583,False
claude_ai,BD,GLOBAL,"Assist with mathematics, physics, and STEM homework and assignments",201.0,2354.0,0.08538657604078165,69683.0,969154.0,0.07190085373428784,1.1875599746886285,1.0402838340406326,1.355686445693023,False
claude_ai,BD,GLOBAL,"Assist with software development, debugging, and programming across multiple platforms",485.0,2354.0,0.20603228547153782,167905.0,969154.0,0.1732490398842702,1.189226131406943,1.098429199437086,1.2875284017812814,False
claude_ai,BD,GLOBAL,"Assist with translation, writing, editing, and document formatting tasks",212.0,2354.0,0.09005947323704333,76194.0,969154.0,0.0786190842735004,1.1455166906262106,1.0072927398185614,1.30270817671096,False
claude_ai,BD,GLOBAL,Build and manage subscription-based e-commerce operations,30.0,2354.0,0.012744265080713678,7702.0,969154.0,0.007947137400248052,1.6036296390592033,1.1230144912378717,2.289933067946886,False
claude_ai,BD,GLOBAL,Create professional presentations and draft workplace correspondence,30.0,2354.0,0.012744265080713678,33935.0,969154.0,0.035015075003559805,0.36396509444626446,0.2550211616894571,0.5194494021503577,False
claude_ai,BD,GLOBAL,Develop and debug automated trading bots and blockchain financial software,38.0,2354.0,0.016142735768903994,16401.0,969154.0,0.01692300707627477,0.9538928688114372,0.6956240071942071,1.3080508949647003,True
claude_ai,BD,GLOBAL,"Develop, deploy, and debug machine learning and AI systems",78.0,2354.0,0.03313508920985556,22459.0,969154.0,0.02317381964063503,1.4298501379441808,1.1490879989524094,1.779212226429028,False
claude_ai,BD,GLOBAL,"Extract and structure data from documents, images, and online sources",62.0,2354.0,0.026338147833474938,19938.0,969154.0,0.020572581860055266,1.2802548563247853,1.0010555381530133,1.637324238940142,False
claude_ai,BD,GLOBAL,"Get help with daily life tasks, personal information, and household management",94.0,2354.0,0.03993203058623619,57137.0,969154.0,0.05895554266917332,0.6773244512447827,0.5555227806008123,0.825831861940704,False
claude_ai,BD,GLOBAL,"Implement and troubleshoot authentication, authorization, and security systems for web applications",34.0,2354.0,0.014443500424808835,11010.0,969154.0,0.011360423627204758,1.2713874850776732,0.9101839565911737,1.775933453349342,False
claude_ai,BD,GLOBAL,"Provide financial information, tax guidance, and consumer purchase assistance",53.0,2354.0,0.022514868309260833,43157.0,969154.0,0.04453059059757273,0.5056045295408247,0.38738399567680487,0.6599032049467427,True
claude_ai,BD,GLOBAL,"Provide health, fitness, medical, and mental health information and clinical documentation assistance",57.0,2354.0,0.024214103653355988,42098.0,969154.0,0.0434378850007326,0.5574420497901224,0.43127348577423613,0.7205210826173554,False
claude_ai,BD,GLOBAL,"Provide technical support across IT infrastructure, security, and engineering systems",172.0,2354.0,0.07306711979609176,79003.0,969154.0,0.08151748844868824,0.8963367393499173,0.7760957444520792,1.035206746141422,False
claude_ai,BE,GLOBAL,"Assist with SQL databases, data analysis, and visualization tasks",130.0,4691.0,0.02771264122788318,26461.0,966817.0,0.027369191894639832,1.0125487568126048,0.8543195027335974,1.2000837879062876,False
claude_ai,BE,GLOBAL,"Assist with academic research, scientific writing, and educational content creation",294.0,4691.0,0.06267320400767427,72145.0,966817.0,0.07462115374471073,0.8398852183670056,0.7517270900314,0.9383820130812732,False
claude_ai,BE,GLOBAL,"Assist with business development, analysis, research, and strategic planning",185.0,4691.0,0.03943722020891068,42864.0,966817.0,0.04433517408154801,0.8895244244755132,0.7721293404260662,1.0247683390737021,True
claude_ai,BE,GLOBAL,"Assist with civic information, government services, and institutional research",37.0,4691.0,0.007887444041782135,11466.0,966817.0,0.011859534948185644,0.6650719506491958,0.4822348003275036,0.9172309821687067,False
claude_ai,BE,GLOBAL,"Assist with creative content, marketing, and media production projects",316.0,4691.0,0.06736303560008527,74047.0,966817.0,0.0765884340056081,0.8795458018524402,0.7905277205647985,0.97858784383114,False
claude_ai,BE,GLOBAL,"Assist with game development, gaming software, and tabletop RPG content",77.0,4691.0,0.0164144105734385,10576.0,966817.0,0.010938988453864588,1.500541905009464,1.2014088756494652,1.874154631554751,False
claude_ai,BE,GLOBAL,"Assist with job applications, career transitions, and interview preparation",140.0,4691.0,0.029844382860797273,34430.0,966817.0,0.03561170314547634,0.8380498607123856,0.7116516493368041,0.9868979713523542,False
claude_ai,BE,GLOBAL,"Assist with mathematics, physics, and STEM homework and assignments",275.0,4691.0,0.058622894905137495,69609.0,966817.0,0.0719981133968476,0.8142282087589293,0.725848894301745,0.9133685828322969,False
claude_ai,BE,GLOBAL,"Assist with software development, debugging, and programming across multiple platforms",803.0,4691.0,0.1711788531230015,167587.0,966817.0,0.17333890488065476,0.9875385634913265,0.9271320300937563,1.0518808354446478,False
claude_ai,BE,GLOBAL,"Assist with translation, writing, editing, and document formatting tasks",411.0,4691.0,0.08761458111276914,75995.0,966817.0,0.0786032930740771,1.1146426273794872,1.0160623053430244,1.222787402148533,False
claude_ai,BE,GLOBAL,Build and manage subscription-based e-commerce operations,50.0,4691.0,0.010658708164570454,7682.0,966817.0,0.00794566086446556,1.341450175936672,1.0172962073450937,1.7688934270351546,False
claude_ai,BE,GLOBAL,Create professional presentations and draft workplace correspondence,198.0,4691.0,0.042208484331699,33767.0,966817.0,0.03492594772330234,1.2085136433831916,1.054080987765827,1.3855721175077105,False
claude_ai,BE,GLOBAL,Develop and debug automated trading bots and blockchain financial software,81.0,4691.0,0.017267107226604135,16358.0,966817.0,0.016919437701240256,1.0205485271734767,0.8219438634606395,1.2671416414386647,True
claude_ai,BE,GLOBAL,"Develop, deploy, and debug machine learning and AI systems",94.0,4691.0,0.020038371349392455,22443.0,966817.0,0.023213286485446575,0.8632285377581235,0.7063700993865417,1.0549193815638247,False
claude_ai,BE,GLOBAL,"Extract and structure data from documents, images, and online sources",82.0,4691.0,0.017480281389895543,19918.0,966817.0,0.02060162367852448,0.8484904715601285,0.6843526774361257,1.0519957093256564,False
claude_ai,BE,GLOBAL,"Get help with daily life tasks, personal information, and household management",304.0,4691.0,0.06480494564058836,56927.0,966817.0,0.05888084301372442,1.1006117155198187,0.9869500939929541,1.2273631217143652,False
claude_ai,BE,GLOBAL,"Implement and troubleshoot authentication, authorization, and security systems for web applications",50.0,4691.0,0.010658708164570454,10994.0,966817.0,0.011371335009624365,0.9373312944829464,0.7110241021397518,1.235668316971327,False
claude_ai,BE,GLOBAL,Provide entertainment recommendations and sports information including schedules and results,35.0,4691.0,0.007461095715199318,13536.0,966817.0,0.014000581288909898,0.5329132813299245,0.38293790687341694,0.7416256273414702,False
claude_ai,BE,GLOBAL,"Provide financial information, tax guidance, and consumer purchase assistance",215.0,4691.0,0.045832445107652955,42995.0,966817.0,0.04447067025093684,1.0306218649062846,0.9041718073938809,1.174756190954972,True
claude_ai,BE,GLOBAL,"Provide health, fitness, medical, and mental health information and clinical documentation assistance",235.0,4691.0,0.05009592837348113,41920.0,966817.0,0.04335877420442545,1.1553815644624024,1.0196574786830268,1.3091715477080912,False
claude_ai,BE,GLOBAL,Provide legal services and fraud investigation assistance,105.0,4691.0,0.022383287145597952,21312.0,966817.0,0.022043468412326222,1.0154158468583696,0.8400525342233668,1.2273867407641703,True
claude_ai,BE,GLOBAL,"Provide technical support across IT infrastructure, security, and engineering systems",508.0,4691.0,0.10829247495203581,78667.0,966817.0,0.08136700120084774,1.3309139252253472,1.2256554087792728,1.4452119769315508,False
claude_ai,BF,GLOBAL,"Assist with academic research, scientific writing, and educational content creation",41.0,322.0,0.12732919254658384,72398.0,971186.0,0.07454596750776885,1.708062780636849,1.2831583267479505,2.2736698985471038,False
claude_ai,BF,GLOBAL,"Assist with mathematics, physics, and STEM homework and assignments",88.0,322.0,0.2732919254658385,69796.0,971186.0,0.07186676908439783,3.802757922022263,3.181874820861963,4.544794697355705,False
claude_ai,BF,GLOBAL,"Assist with software development, debugging, and programming across multiple platforms",47.0,322.0,0.14596273291925466,168343.0,971186.0,0.17333754811127838,0.8420722140684154,0.6465317627140365,1.096752943319375,False
claude_ai,BF,GLOBAL,"Assist with translation, writing, editing, and document formatting tasks",39.0,322.0,0.12111801242236025,76367.0,971186.0,0.07863272328884477,1.5403003655037173,1.1475936438849417,2.0673913877208228,False
claude_ai,BF,GLOBAL,"Provide technical support across IT infrastructure, security, and engineering systems",31.0,322.0,0.09627329192546584,79144.0,971186.0,0.08149211376605511,1.1813817003427356,0.8453249278200792,1.6510369870480728,False
claude_ai,BG,GLOBAL,"Assist with SQL databases, data analysis, and visualization tasks",48.0,1498.0,0.03204272363150868,26543.0,970010.0,0.027363635426438902,1.1709965847794046,0.8862733446886549,1.5471897127254113,False
claude_ai,BG,GLOBAL,"Assist with academic research, scientific writing, and educational content creation",77.0,1498.0,0.0514018691588785,72362.0,970010.0,0.07459923093576355,0.6890402020784906,0.55426358708228,0.8565895562067419,False
claude_ai,BG,GLOBAL,"Assist with business development, analysis, research, and strategic planning",58.0,1498.0,0.03871829105473965,42991.0,970010.0,0.04432016164781807,0.873604463864716,0.6786662048283089,1.1245362651841946,True
claude_ai,BG,GLOBAL,"Assist with creative content, marketing, and media production projects",135.0,1498.0,0.09012016021361816,74228.0,970010.0,0.07652292244409852,1.177688427666268,1.0024989086524232,1.3834928105043123,False
claude_ai,BG,GLOBAL,"Assist with job applications, career transitions, and interview preparation",38.0,1498.0,0.025367156208277702,34532.0,970010.0,0.035599632993474295,0.7125679136334835,0.5205099939740893,0.9754914169145641,False
claude_ai,BG,GLOBAL,"Assist with mathematics, physics, and STEM homework and assignments",88.0,1498.0,0.05874499332443257,69796.0,970010.0,0.07195389738250121,0.8164254538173081,0.6665417787920248,1.00001311673034,False
claude_ai,BG,GLOBAL,"Assist with software development, debugging, and programming across multiple platforms",291.0,1498.0,0.19425901201602136,168099.0,970010.0,0.17329615158606612,1.1209655277286652,1.011023867728699,1.242862561869009,False
claude_ai,BG,GLOBAL,"Assist with translation, writing, editing, and document formatting tasks",114.0,1498.0,0.07610146862483311,76292.0,970010.0,0.07865073555942723,0.9675875004033759,0.8109665698845612,1.154456429776288,False
claude_ai,BG,GLOBAL,Create professional presentations and draft workplace correspondence,33.0,1498.0,0.022029372496662217,33932.0,970010.0,0.03498108266925083,0.6297510201428539,0.4493263773314629,0.8826242290209639,False
claude_ai,BG,GLOBAL,Develop and debug automated trading bots and blockchain financial software,43.0,1498.0,0.02870493991989319,16396.0,970010.0,0.016902918526613128,1.6982238821478162,1.2644233514209495,2.2808534425247857,True
claude_ai,BG,GLOBAL,"Extract and structure data from documents, images, and online sources",36.0,1498.0,0.02403204272363151,19964.0,970010.0,0.020581231121328647,1.1676678903200661,0.8453530524323332,1.6128744057426256,False
claude_ai,BG,GLOBAL,"Get help with daily life tasks, personal information, and household management",102.0,1498.0,0.06809078771695594,57129.0,970010.0,0.0588952691209369,1.1561333997326126,0.9584547248912407,1.3945827625076008,False
claude_ai,BG,GLOBAL,"Provide financial information, tax guidance, and consumer purchase assistance",48.0,1498.0,0.03204272363150868,43162.0,970010.0,0.04449644849022175,0.720118677304104,0.5450791618672782,0.9513680684943877,True
claude_ai,BG,GLOBAL,"Provide health, fitness, medical, and mental health information and clinical documentation assistance",80.0,1498.0,0.0534045393858478,42075.0,970010.0,0.04337584148617025,1.231204688049108,0.9946000184176846,1.524095069177357,False
claude_ai,BG,GLOBAL,"Provide technical support across IT infrastructure, security, and engineering systems",199.0,1498.0,0.1328437917222964,78976.0,970010.0,0.08141771734312017,1.631632475797011,1.4333655064607143,1.857324265217659,False
claude_ai,BJ,GLOBAL,"Assist with academic research, scientific writing, and educational content creation",50.0,450.0,0.1111111111111111,72389.0,971058.0,0.07454652554224361,1.4904934911842038,1.1476082397840082,1.9358268529690923,False
claude_ai,BJ,GLOBAL,"Assist with creative content, marketing, and media production projects",56.0,450.0,0.12444444444444444,74307.0,971058.0,0.07652169077439247,1.626263653940185,1.2726610165586203,2.078113054235336,False
claude_ai,BJ,GLOBAL,"Assist with mathematics, physics, and STEM homework and assignments",62.0,450.0,0.13777777777777778,69822.0,971058.0,0.07190301712153135,1.9161612863185435,1.5205562580066625,2.4146913709060858,False
claude_ai,BJ,GLOBAL,"Assist with software development, debugging, and programming across multiple platforms",103.0,450.0,0.2288888888888889,168287.0,971058.0,0.17330272754047646,1.3207460271242977,1.1146637591772257,1.5649293823387598,False
claude_ai,BJ,GLOBAL,"Assist with translation, writing, editing, and document formatting tasks",43.0,450.0,0.09555555555555556,76363.0,971058.0,0.07863896904201396,1.2151170942297536,0.9143890566174858,1.614749806992741,False
claude_ai,BJ,GLOBAL,"Provide technical support across IT infrastructure, security, and engineering systems",32.0,450.0,0.07111111111111111,79143.0,971058.0,0.08150182584356444,0.8725094238698727,0.6247620877094473,1.2185001454438058,False
claude_ai,BO,GLOBAL,"Assist with academic research, scientific writing, and educational content creation",48.0,647.0,0.07418856259659969,72391.0,970861.0,0.0745637120040871,0.9949687401900424,0.7577971474627739,1.3063691216969,False
claude_ai,BO,GLOBAL,"Assist with creative content, marketing, and media production projects",35.0,647.0,0.05409582689335394,74328.0,970861.0,0.07655884828003184,0.7065914405541451,0.5119175965037622,0.9752965463079423,False
claude_ai,BO,GLOBAL,"Assist with mathematics, physics, and STEM homework and assignments",64.0,647.0,0.09891808346213292,69820.0,970861.0,0.07191554712775568,1.375475643485102,1.0899401267162658,1.7358139217433046,False
claude_ai,BO,GLOBAL,"Assist with software development, debugging, and programming across multiple platforms",150.0,647.0,0.23183925811437403,168240.0,970861.0,0.17328948222248086,1.3378726460543229,1.1627090130593858,1.5394249093766812,False
claude_ai,BO,GLOBAL,"Assist with translation, writing, editing, and document formatting tasks",67.0,647.0,0.1035548686244204,76339.0,970861.0,0.07863020555980722,1.3169858566076764,1.049725087947197,1.6522914107887845,False
claude_ai,BO,GLOBAL,"Get help with daily life tasks, personal information, and household management",34.0,647.0,0.05255023183925812,57197.0,970861.0,0.058913685893243216,0.8919868285695749,0.6430154744215827,1.2373582502929927,False
claude_ai,BO,GLOBAL,"Provide health, fitness, medical, and mental health information and clinical documentation assistance",40.0,647.0,0.061823802163833076,42115.0,970861.0,0.04337902130171054,1.4252004842118282,1.0554808983111061,1.9244274561934598,False
claude_ai,BO,GLOBAL,"Provide technical support across IT infrastructure, security, and engineering systems",58.0,647.0,0.08964451313755796,79117.0,970861.0,0.08149158324415133,1.1000462816997947,0.8604559425407909,1.4063495433691862,False
claude_ai,BR,GLOBAL,"Analyze political media, misinformation, and criminal investigations",53.0,24927.0,0.002126208528904401,3736.0,946581.0,0.0039468360341059034,0.5387121508294583,0.41089741665228174,0.7062852422284498,False
claude_ai,BR,GLOBAL,"Assist with SQL databases, data analysis, and visualization tasks",696.0,24927.0,0.02792153087014081,25895.0,946581.0,0.027356348796352344,1.020659996624397,0.9476424409193209,1.0993036864185834,False
claude_ai,BR,GLOBAL,"Assist with academic research, scientific writing, and educational content creation",1541.0,24927.0,0.06182051590644683,70898.0,946581.0,0.0748990313560065,0.8253847184298618,0.7860126039570707,0.8667290193412094,False
claude_ai,BR,GLOBAL,"Assist with business development, analysis, research, and strategic planning",1052.0,24927.0,0.04220323344164962,41997.0,946581.0,0.04436704307396831,0.9512293476779327,0.8959460776821231,1.0099238050404378,True
claude_ai,BR,GLOBAL,"Assist with civic information, government services, and institutional research",224.0,24927.0,0.008986239820275204,11279.0,946581.0,0.011915514889903769,0.7541629466544838,0.661133499640256,0.8602827574401468,False
claude_ai,BR,GLOBAL,"Assist with creative content, marketing, and media production projects",2895.0,24927.0,0.11613912624864604,71468.0,946581.0,0.07550119852395093,1.5382421540209552,1.485386801974938,1.592978287716704,False
claude_ai,BR,GLOBAL,"Assist with game development, gaming software, and tabletop RPG content",329.0,24927.0,0.013198539736029205,10324.0,946581.0,0.010906620775189868,1.2101401532226135,1.085122070615908,1.3495617037910255,False
claude_ai,BR,GLOBAL,"Assist with job applications, career transitions, and interview preparation",614.0,24927.0,0.02463192522164721,33956.0,946581.0,0.035872260271440054,0.6866566264646023,0.6346161923861121,0.742964532460087,False
claude_ai,BR,GLOBAL,"Assist with mathematics, physics, and STEM homework and assignments",1347.0,24927.0,0.05403779034781562,68537.0,946581.0,0.07240479156036303,0.7463289263496455,0.7082006412735319,0.7865099716721086,False
claude_ai,BR,GLOBAL,"Assist with software development, debugging, and programming across multiple platforms",3968.0,24927.0,0.15918481967344647,164422.0,946581.0,0.1737009299785227,0.9164304399126068,0.8903535130214154,0.9432711152544343,False
claude_ai,BR,GLOBAL,"Assist with translation, writing, editing, and document formatting tasks",2113.0,24927.0,0.08476752116179244,74293.0,946581.0,0.07848562352297374,1.0800388320413854,1.0362675132292534,1.1256590251317264,False
claude_ai,BR,GLOBAL,Build and manage subscription-based e-commerce operations,176.0,24927.0,0.007060617001644803,7556.0,946581.0,0.007982412492961511,0.8845216916402778,0.7621366411948597,1.0265595179305171,False
claude_ai,BR,GLOBAL,"Create prediction tools for sports analysis, gaming, and divination readings",207.0,24927.0,0.008304248405343603,7849.0,946581.0,0.008291947545957504,1.0014834704775835,0.8728797238768533,1.1490347572574897,False
claude_ai,BR,GLOBAL,Create professional presentations and draft workplace correspondence,591.0,24927.0,0.02370923095438681,33374.0,946581.0,0.03525741589995996,0.6724608241755385,0.620538559953148,0.7287275751002272,False
claude_ai,BR,GLOBAL,Develop and debug automated trading bots and blockchain financial software,453.0,24927.0,0.018173065350824406,15986.0,946581.0,0.01688814797677114,1.0760839717783508,0.9809780155123671,1.1804104638506776,True
claude_ai,BR,GLOBAL,"Develop, deploy, and debug machine learning and AI systems",597.0,24927.0,0.02394993380671561,21940.0,946581.0,0.023178153797720428,1.0332977343981162,0.9535461038164209,1.1197195433329954,False
claude_ai,BR,GLOBAL,"Extract and structure data from documents, images, and online sources",471.0,24927.0,0.018895173907810807,19529.0,946581.0,0.020631092320678314,0.9158591127466569,0.8365927493410606,1.0026358883241215,False
claude_ai,BR,GLOBAL,"Get help with daily life tasks, personal information, and household management",1080.0,24927.0,0.04332651341918402,56151.0,946581.0,0.05931980464429352,0.7303886733779386,0.6886224869650556,0.7746880537548523,False
claude_ai,BR,GLOBAL,"Implement and troubleshoot authentication, authorization, and security systems for web applications",245.0,24927.0,0.009828699803426004,10799.0,946581.0,0.011408426748476887,0.8615298165225289,0.7595327626636927,0.9772239740578377,False
claude_ai,BR,GLOBAL,Provide entertainment recommendations and sports information including schedules and results,116.0,24927.0,0.004653588478356802,13455.0,946581.0,0.014214314464372305,0.3273874719755823,0.272820324417582,0.3928686656149114,False
claude_ai,BR,GLOBAL,"Provide financial information, tax guidance, and consumer purchase assistance",895.0,24927.0,0.03590484213904602,42315.0,946581.0,0.04470298896766362,0.8031866094014019,0.7526405952548415,0.8571272046564118,True
claude_ai,BR,GLOBAL,"Provide health, fitness, medical, and mental health information and clinical documentation assistance",986.0,24927.0,0.03955550206603282,41169.0,946581.0,0.04349231603000694,0.9094825402892325,0.85489479393721,0.9675558875279666,False
claude_ai,BR,GLOBAL,Provide legal services and fraud investigation assistance,2423.0,24927.0,0.09720383519878044,18994.0,946581.0,0.020065900329712935,4.844229942418489,4.6525737717681235,5.043781116899047,True
claude_ai,BR,GLOBAL,"Provide technical support across IT infrastructure, security, and engineering systems",1768.0,24927.0,0.07092710715288643,77407.0,946581.0,0.08177535784048064,0.8673408350134534,0.8288153364198576,0.9076570992657739,False
claude_ai,BR,GLOBAL,"Resolve payment, billing, subscription, and account access issues",87.0,24927.0,0.0034901913587676013,3252.0,946581.0,0.00343552215816713,1.0159129233006134,0.8213820350894402,1.2565152677302167,False
claude_ai,CA,GLOBAL,"Analyze political media, misinformation, and criminal investigations",126.0,25219.0,0.004996232998929379,3663.0,946289.0,0.003870910472382116,1.2907126203450403,1.081173392813996,1.5408620665201356,False
claude_ai,CA,GLOBAL,"Assist with SQL databases, data analysis, and visualization tasks",601.0,25219.0,0.023831238352036162,25990.0,946289.0,0.027465182412561066,0.8676890615201981,0.8010609417140634,0.9398589648757861,False
claude_ai,CA,GLOBAL,"Assist with academic research, scientific writing, and educational content creation",1879.0,25219.0,0.07450731591260558,70560.0,946289.0,0.0745649584851985,0.9992269482372963,0.9561431055412245,1.0442521504335331,False
claude_ai,CA,GLOBAL,"Assist with business development, analysis, research, and strategic planning",1180.0,25219.0,0.04679011856140212,41869.0,946289.0,0.04424546835057789,1.0575121092777628,0.999430690004089,1.1189689014498119,True
claude_ai,CA,GLOBAL,"Assist with civic information, government services, and institutional research",236.0,25219.0,0.009358023712280424,11267.0,946289.0,0.011906510590316489,0.7859585427061445,0.6913164146409955,0.8935573028069318,False
claude_ai,CA,GLOBAL,"Assist with creative content, marketing, and media production projects",1804.0,25219.0,0.07153336769895713,72559.0,946289.0,0.07667742095702264,0.9329130636651338,0.8918521827199913,0.9758643878660737,False
claude_ai,CA,GLOBAL,"Assist with game development, gaming software, and tabletop RPG content",299.0,25219.0,0.011856140211745112,10354.0,946289.0,0.01094168906116419,1.083574953141981,0.9665455261822076,1.2147743145782304,False
claude_ai,CA,GLOBAL,"Assist with job applications, career transitions, and interview preparation",1218.0,25219.0,0.04829691898965066,33352.0,946289.0,0.03524504670349122,1.370317917180305,1.295957937922494,1.4489445522865971,False
claude_ai,CA,GLOBAL,"Assist with mathematics, physics, and STEM homework and assignments",2172.0,25219.0,0.08612554026725881,67712.0,946289.0,0.07155530709962812,1.2036219779945072,1.1554402833556658,1.2538128424119273,False
claude_ai,CA,GLOBAL,"Assist with software development, debugging, and programming across multiple platforms",3788.0,25219.0,0.15020421111067053,164602.0,946289.0,0.17394474626673248,0.8635168025157974,0.8382614435902664,0.8895330614676085,False
claude_ai,CA,GLOBAL,"Assist with translation, writing, editing, and document formatting tasks",1705.0,25219.0,0.06760775605694119,74701.0,946289.0,0.07894100005389475,0.8564339951455378,0.8176454791907695,0.8970626105177972,False
claude_ai,CA,GLOBAL,Build and manage subscription-based e-commerce operations,192.0,25219.0,0.007613307426940006,7540.0,946289.0,0.007967967502528298,0.9554892668079086,0.8284280690784614,1.1020386356544942,False
claude_ai,CA,GLOBAL,"Create prediction tools for sports analysis, gaming, and divination readings",229.0,25219.0,0.009080455212339902,7827.0,946289.0,0.008271257512239918,1.0978324878535728,0.9632258997978669,1.2512497552647661,False
claude_ai,CA,GLOBAL,Create professional presentations and draft workplace correspondence,965.0,25219.0,0.03826480034894326,33000.0,946289.0,0.0348730673187578,1.0972593835576112,1.0304942806051574,1.1683501572645247,False
claude_ai,CA,GLOBAL,Develop and debug automated trading bots and blockchain financial software,414.0,25219.0,0.016416194139339386,16025.0,946289.0,0.01693457284191193,0.9693893251744979,0.8799859772189355,1.0678757253974658,True
claude_ai,CA,GLOBAL,"Develop, deploy, and debug machine learning and AI systems",568.0,25219.0,0.02252270113803085,21969.0,946289.0,0.023215951997751217,0.970139029414451,0.8934473148426967,1.0534138060047988,False
claude_ai,CA,GLOBAL,"Extract and structure data from documents, images, and online sources",419.0,25219.0,0.016614457353582617,19581.0,946289.0,0.020692410035412015,0.802925194559233,0.7294579166991233,0.8837917216325097,False
claude_ai,CA,GLOBAL,"Get help with daily life tasks, personal information, and household management",1670.0,25219.0,0.0662199135572386,55561.0,946289.0,0.058714621009015214,1.1278266370325545,1.0759981319767014,1.182151609188578,False
claude_ai,CA,GLOBAL,"Implement and troubleshoot authentication, authorization, and security systems for web applications",254.0,25219.0,0.010071771283556049,10790.0,946289.0,0.011402436253618082,0.8832999421821102,0.7804529583029811,0.9996999557224164,False
claude_ai,CA,GLOBAL,Provide entertainment recommendations and sports information including schedules and results,174.0,25219.0,0.00689955985566438,13397.0,946289.0,0.014157408571799947,0.4873462414164955,0.41987187176234175,0.5656638965260807,False
claude_ai,CA,GLOBAL,"Provide financial information, tax guidance, and consumer purchase assistance",1340.0,25219.0,0.05313454141718545,41870.0,946289.0,0.044246525110193606,1.2008749000030334,1.138958568456899,1.2661571416167523,True
claude_ai,CA,GLOBAL,"Provide health, fitness, medical, and mental health information and clinical documentation assistance",1362.0,25219.0,0.054006899559855666,40793.0,946289.0,0.043108395004063244,1.2528162914616785,1.1887164746019547,1.3203725982491843,False
claude_ai,CA,GLOBAL,Provide legal services and fraud investigation assistance,527.0,25219.0,0.02089694278123637,20890.0,946289.0,0.022075708372389407,0.9466034986842213,0.8689976615982393,1.0311399251330553,True
claude_ai,CA,GLOBAL,"Provide technical support across IT infrastructure, security, and engineering systems",2017.0,25219.0,0.0799793806257187,77158.0,946289.0,0.08153745842971862,0.9808912635492201,0.940168071985032,1.0233783719923042,False
claude_ai,CA,GLOBAL,"Resolve payment, billing, subscription, and account access issues",80.0,25219.0,0.003172211427891669,3259.0,946289.0,0.003443979587631263,0.9210889168113469,0.7381163288772431,1.1494188103970253,False
claude_ai,CA-AB,CA,"Assist with SQL databases, data analysis, and visualization tasks",55.0,2536.0,0.02168769716088328,546.0,22683.0,0.02407089009390292,0.9009927375463654,0.6849000168446461,1.1852648461759774,False
claude_ai,CA-AB,CA,"Assist with academic research, scientific writing, and educational content creation",187.0,2536.0,0.07373817034700315,1692.0,22683.0,0.07459330776352334,0.9885360035349129,0.8547977560373545,1.1431984038129293,False
claude_ai,CA-AB,CA,"Assist with business development, analysis, research, and strategic planning",138.0,2536.0,0.05441640378548896,1042.0,22683.0,0.045937486223162724,1.184575131541503,0.9966464987356993,1.407939770065543,True
claude_ai,CA-AB,CA,"Assist with creative content, marketing, and media production projects",193.0,2536.0,0.07610410094637224,1611.0,22683.0,0.07102235154080148,1.071551410159256,0.928265776360405,1.23695438726213,False
claude_ai,CA-AB,CA,"Assist with game development, gaming software, and tabletop RPG content",32.0,2536.0,0.012618296529968454,267.0,22683.0,0.011770929771194287,1.0719880905965335,0.7446514411012496,1.5432166016913027,False
claude_ai,CA-AB,CA,"Assist with job applications, career transitions, and interview preparation",121.0,2536.0,0.04771293375394322,1097.0,22683.0,0.048362209584270156,0.9865747277490374,0.8214141925960258,1.1849438470949019,False
claude_ai,CA-AB,CA,"Assist with mathematics, physics, and STEM homework and assignments",218.0,2536.0,0.0859621451104101,1954.0,22683.0,0.08614380813825331,0.9978911655780105,0.8729156663310437,1.140759430431621,False
claude_ai,CA-AB,CA,"Assist with software development, debugging, and programming across multiple platforms",360.0,2536.0,0.14195583596214512,3428.0,22683.0,0.15112639421593263,0.9393186193492817,0.8494748113891272,1.0386646629502805,False
claude_ai,CA-AB,CA,"Assist with translation, writing, editing, and document formatting tasks",156.0,2536.0,0.061514195583596214,1549.0,22683.0,0.06828902702464401,0.9007918001437785,0.7680331715768783,1.0564984654768221,False
claude_ai,CA-AB,CA,"Create prediction tools for sports analysis, gaming, and divination readings",62.0,2536.0,0.02444794952681388,167.0,22683.0,0.007362341841908037,3.3206756833336484,2.4882616423834256,4.431562503741002,False
claude_ai,CA-AB,CA,Create professional presentations and draft workplace correspondence,105.0,2536.0,0.04140378548895899,860.0,22683.0,0.037913856191861744,1.092048914239601,0.895510161547935,1.3317222766411405,False
claude_ai,CA-AB,CA,Develop and debug automated trading bots and blockchain financial software,50.0,2536.0,0.01971608832807571,364.0,22683.0,0.01604726006260195,1.2286264602904982,0.9168131305298586,1.646489266633379,True
claude_ai,CA-AB,CA,"Develop, deploy, and debug machine learning and AI systems",60.0,2536.0,0.02365930599369085,508.0,22683.0,0.022395626680774147,1.0564252713678928,0.8109863004181599,1.376144521071783,False
claude_ai,CA-AB,CA,"Extract and structure data from documents, images, and online sources",42.0,2536.0,0.016561514195583597,377.0,22683.0,0.01662037649340916,0.9964584257252593,0.726343682346642,1.3670242040117233,False
claude_ai,CA-AB,CA,"Get help with daily life tasks, personal information, and household management",155.0,2536.0,0.0611198738170347,1515.0,22683.0,0.06679010712868669,0.9151036949120779,0.7797121434511533,1.074005040802855,False
claude_ai,CA-AB,CA,"Provide financial information, tax guidance, and consumer purchase assistance",140.0,2536.0,0.055205047318611984,1200.0,22683.0,0.052903055151434994,1.0435134069400631,0.8802276608177129,1.2370893110221892,True
claude_ai,CA-AB,CA,"Provide health, fitness, medical, and mental health information and clinical documentation assistance",128.0,2536.0,0.050473186119873815,1234.0,22683.0,0.05440197504739232,0.9277822372423807,0.7770305760503315,1.1077812202936026,False
claude_ai,CA-AB,CA,Provide legal services and fraud investigation assistance,50.0,2536.0,0.01971608832807571,477.0,22683.0,0.02102896442269541,0.9375682003055373,0.702638708328719,1.2510471168248267,True
claude_ai,CA-AB,CA,"Provide technical support across IT infrastructure, security, and engineering systems",224.0,2536.0,0.08832807570977919,1793.0,22683.0,0.07904598157210245,1.1174265149609155,0.9785648324187546,1.2759931431945932,False
claude_ai,CA-BC,CA,"Analyze political media, misinformation, and criminal investigations",30.0,4778.0,0.006278777731268313,96.0,20441.0,0.0046964434225331446,1.3369218292172456,0.8883566488434138,2.011984690793523,False
claude_ai,CA-BC,CA,"Assist with SQL databases, data analysis, and visualization tasks",111.0,4778.0,0.023231477605692757,490.0,20441.0,0.02397142996917959,0.969131905587685,0.7905988315234145,1.187981328808986,False
claude_ai,CA-BC,CA,"Assist with academic research, scientific writing, and educational content creation",351.0,4778.0,0.07346169945583926,1528.0,20441.0,0.0747517244753192,0.9827425383356089,0.8789182141336978,1.098831360101276,False
claude_ai,CA-BC,CA,"Assist with business development, analysis, research, and strategic planning",222.0,4778.0,0.046462955211385513,958.0,20441.0,0.04686659165402867,0.9913875443381328,0.859669718133133,1.1432870582008614,True
claude_ai,CA-BC,CA,"Assist with civic information, government services, and institutional research",48.0,4778.0,0.010046044370029301,188.0,20441.0,0.009197201702460741,1.0922935796157922,0.7968271042559386,1.4973201309259918,False
claude_ai,CA-BC,CA,"Assist with creative content, marketing, and media production projects",344.0,4778.0,0.07199665131854333,1460.0,20441.0,0.0714250770510249,1.0080024312344824,0.9001478968227624,1.1287799537842942,False
claude_ai,CA-BC,CA,"Assist with game development, gaming software, and tabletop RPG content",57.0,4778.0,0.011929677689409795,242.0,20441.0,0.011838951127635635,1.0076633952447338,0.7563819258931406,1.3424243538304685,False
claude_ai,CA-BC,CA,"Assist with job applications, career transitions, and interview preparation",235.0,4778.0,0.04918375889493512,983.0,20441.0,0.04808962379531334,1.022751999563956,0.8902122901571821,1.1750249509893618,False
claude_ai,CA-BC,CA,"Assist with mathematics, physics, and STEM homework and assignments",407.0,4778.0,0.08518208455420678,1765.0,20441.0,0.0863460691746979,0.9865195412875586,0.8899036564377245,1.0936249090581425,False
claude_ai,CA-BC,CA,"Assist with software development, debugging, and programming across multiple platforms",718.0,4778.0,0.15027208036835496,3070.0,20441.0,0.15018834694975783,1.0005575227392651,0.9283548633711959,1.0783757330410477,False
claude_ai,CA-BC,CA,"Assist with translation, writing, editing, and document formatting tasks",286.0,4778.0,0.05985768103809125,1419.0,20441.0,0.06941930433931803,0.8622627611695725,0.7624103935225743,0.9751927250946649,False
claude_ai,CA-BC,CA,Build and manage subscription-based e-commerce operations,45.0,4778.0,0.009418166596902469,147.0,20441.0,0.007191428990753877,1.3096377102536283,0.9392436974660671,1.8260978878491023,False
claude_ai,CA-BC,CA,Create professional presentations and draft workplace correspondence,167.0,4778.0,0.034951862704060276,798.0,20441.0,0.03903918594980676,0.8953020370096443,0.7600435112958421,1.0546313803889762,False
claude_ai,CA-BC,CA,Develop and debug automated trading bots and blockchain financial software,79.0,4778.0,0.016534114692339893,335.0,20441.0,0.01638863069321462,1.0088771296302081,0.7911451239519989,1.2865314237247865,True
claude_ai,CA-BC,CA,"Develop, deploy, and debug machine learning and AI systems",108.0,4778.0,0.022603599832565928,460.0,20441.0,0.02250379139963798,1.0044351829945222,0.8164664085105948,1.2356785610784224,False
claude_ai,CA-BC,CA,"Extract and structure data from documents, images, and online sources",82.0,4778.0,0.01716199246546672,337.0,20441.0,0.016486473264517392,1.0409741483282056,0.8194468084005574,1.3223886729179135,False
claude_ai,CA-BC,CA,"Get help with daily life tasks, personal information, and household management",328.0,4778.0,0.06864796986186689,1342.0,20441.0,0.06565236534416125,1.0456282801389127,0.9305983751681418,1.1748768635327937,False
claude_ai,CA-BC,CA,"Implement and troubleshoot authentication, authorization, and security systems for web applications",59.0,4778.0,0.01234826287149435,195.0,20441.0,0.009539650702020449,1.294414571057518,0.9690306424741558,1.729056861904864,False
claude_ai,CA-BC,CA,Provide entertainment recommendations and sports information including schedules and results,38.0,4778.0,0.00795311845960653,136.0,20441.0,0.006653294848588621,1.1953654002413021,0.8354309764090113,1.7103728260543771,False
claude_ai,CA-BC,CA,"Provide financial information, tax guidance, and consumer purchase assistance",269.0,4778.0,0.05629970699037254,1071.0,20441.0,0.05239469693263539,1.0745306354717135,0.9436275194890938,1.2235930626444484,True
claude_ai,CA-BC,CA,"Provide health, fitness, medical, and mental health information and clinical documentation assistance",284.0,4778.0,0.0594390958560067,1078.0,20441.0,0.0527371459321951,1.1270821506425166,0.9927786876507932,1.2795542350963416,False
claude_ai,CA-BC,CA,Provide legal services and fraud investigation assistance,105.0,4778.0,0.021975722059439096,422.0,20441.0,0.02064478254488528,1.064468565443115,0.8616178719527786,1.3150763972066526,True
claude_ai,CA-BC,CA,"Provide technical support across IT infrastructure, security, and engineering systems",364.0,4778.0,0.07618250313938886,1653.0,20441.0,0.08086688518174258,0.94207292599652,0.8447664285497497,1.0505879115239702,False
claude_ai,CA-MB,CA,"Assist with academic research, scientific writing, and educational content creation",33.0,373.0,0.08847184986595175,1846.0,24846.0,0.07429767366980601,1.1907755047505075,0.8571960552075726,1.6541680215390937,False
claude_ai,CA-MB,CA,"Assist with mathematics, physics, and STEM homework and assignments",50.0,373.0,0.13404825737265416,2122.0,24846.0,0.08540610158576833,1.5695395865603041,1.2088299821712407,2.037883366654387,False
claude_ai,CA-MB,CA,"Assist with software development, debugging, and programming across multiple platforms",60.0,373.0,0.16085790884718498,3728.0,24846.0,0.15004427271995494,1.0720696360561046,0.8486719801538299,1.3542727124620526,False
claude_ai,CA-MB,CA,"Assist with translation, writing, editing, and document formatting tasks",30.0,373.0,0.08042895442359249,1675.0,24846.0,0.06741527811317717,1.193037493497659,0.8438731134881663,1.6866735509652382,False
claude_ai,CA-MB,CA,"Provide health, fitness, medical, and mental health information and clinical documentation assistance",33.0,373.0,0.08847184986595175,1329.0,24846.0,0.05348949529099251,1.6540041999770032,1.1891949480152544,2.3004889972896807,False
claude_ai,CA-MB,CA,"Provide technical support across IT infrastructure, security, and engineering systems",36.0,373.0,0.09651474530831099,1981.0,24846.0,0.07973114384609192,1.2105024542808152,0.8848583375618936,1.6559895856972495,False
claude_ai,CA-NS,CA,"Assist with academic research, scientific writing, and educational content creation",34.0,389.0,0.08740359897172237,1845.0,24830.0,0.0743052758759565,1.1762771612291958,0.8506585921049359,1.62653733574319,False
claude_ai,CA-NS,CA,"Assist with creative content, marketing, and media production projects",32.0,389.0,0.08226221079691516,1772.0,24830.0,0.07136528393072895,1.1526922652863452,0.824610649054182,1.6113052383873134,False
claude_ai,CA-NS,CA,"Assist with mathematics, physics, and STEM homework and assignments",38.0,389.0,0.09768637532133675,2134.0,24830.0,0.08594442207007652,1.136622633190624,0.8380515022196504,1.5415651745262098,False
claude_ai,CA-NS,CA,"Assist with software development, debugging, and programming across multiple platforms",64.0,389.0,0.16452442159383032,3724.0,24830.0,0.1499798630688683,1.0969767422596153,0.8751744830805082,1.3749920688076327,False
claude_ai,CA-NS,CA,"Assist with translation, writing, editing, and document formatting tasks",43.0,389.0,0.11053984575835475,1662.0,24830.0,0.06693515908175594,1.651446672791786,1.2410506960347585,2.197554154547347,False
claude_ai,CA-NS,CA,"Get help with daily life tasks, personal information, and household management",31.0,389.0,0.07969151670951156,1639.0,24830.0,0.06600886024969795,1.207285149418653,0.8585073158667821,1.6977577302707472,False
claude_ai,CA-NS,CA,"Provide health, fitness, medical, and mental health information and clinical documentation assistance",30.0,389.0,0.07712082262210797,1332.0,24830.0,0.05364478453483689,1.4376201394196253,1.0153892635302932,2.0354279284766568,False
claude_ai,CA-NS,CA,"Provide technical support across IT infrastructure, security, and engineering systems",37.0,389.0,0.09511568123393316,1980.0,24830.0,0.0797422472815143,1.192789073251798,0.8753604517228615,1.6253256249681742,False
claude_ai,CA-ON,CA,"Analyze political media, misinformation, and criminal investigations",54.0,11079.0,0.00487408610885459,72.0,14140.0,0.005091937765205092,0.9572163552667208,0.6732162261968943,1.3610235688557621,False
claude_ai,CA-ON,CA,"Assist with SQL databases, data analysis, and visualization tasks",287.0,11079.0,0.025904865060023468,314.0,14140.0,0.022206506364922208,1.1665439234036046,0.9959356541779303,1.3663781585901078,False
claude_ai,CA-ON,CA,"Assist with academic research, scientific writing, and educational content creation",831.0,11079.0,0.07500676956404008,1048.0,14140.0,0.07411598302687411,1.0120188183545102,0.9271574789690723,1.1046473893976143,False
claude_ai,CA-ON,CA,"Assist with business development, analysis, research, and strategic planning",533.0,11079.0,0.04810903511147215,647.0,14140.0,0.04575671852899576,1.0514092063001796,0.9400792694942033,1.1759235151388372,True
claude_ai,CA-ON,CA,"Assist with civic information, government services, and institutional research",92.0,11079.0,0.008303998555826338,144.0,14140.0,0.010183875530410185,0.8154065248568362,0.6284597522389561,1.0579640118724665,False
claude_ai,CA-ON,CA,"Assist with creative content, marketing, and media production projects",803.0,11079.0,0.0724794656557451,1001.0,14140.0,0.07079207920792079,1.0238358085636723,0.9362193210682112,1.1196519226939303,False
claude_ai,CA-ON,CA,"Assist with game development, gaming software, and tabletop RPG content",130.0,11079.0,0.011733911002798086,169.0,14140.0,0.011951909476661951,0.9817603643761239,0.7821532913219791,1.23230755883013,False
claude_ai,CA-ON,CA,"Assist with job applications, career transitions, and interview preparation",617.0,11079.0,0.05569094683635707,601.0,14140.0,0.042503536067892506,1.310266203437752,1.174316813913896,1.4619543069891363,False
claude_ai,CA-ON,CA,"Assist with mathematics, physics, and STEM homework and assignments",974.0,11079.0,0.08791407166711797,1198.0,14140.0,0.08472418670438472,1.0376502281911921,0.9570836520299402,1.1249988376476316,False
claude_ai,CA-ON,CA,"Assist with software development, debugging, and programming across multiple platforms",1625.0,11079.0,0.1466738875349761,2163.0,14140.0,0.15297029702970297,0.9588390058920767,0.903593331970078,1.017462398948458,False
claude_ai,CA-ON,CA,"Assist with translation, writing, editing, and document formatting tasks",695.0,11079.0,0.06273129343803592,1010.0,14140.0,0.07142857142857142,0.8782381081325029,0.7999716982267178,0.9641618275820119,False
claude_ai,CA-ON,CA,Build and manage subscription-based e-commerce operations,87.0,11079.0,0.00785269428648795,105.0,14140.0,0.007425742574257425,1.0574961639137106,0.7967942300703602,1.4034967805846976,False
claude_ai,CA-ON,CA,"Create prediction tools for sports analysis, gaming, and divination readings",92.0,11079.0,0.008303998555826338,137.0,14140.0,0.00968882602545969,0.8570696319663096,0.6588528492150687,1.1149202054965706,False
claude_ai,CA-ON,CA,Create professional presentations and draft workplace correspondence,456.0,11079.0,0.041158949363660984,509.0,14140.0,0.035997171145686,1.1433939960749828,1.0101429637511774,1.2942225775700693,False
claude_ai,CA-ON,CA,Develop and debug automated trading bots and blockchain financial software,180.0,11079.0,0.016246953696181964,234.0,14140.0,0.01654879773691655,0.9817603643761238,0.8096706333924502,1.1904265429777003,True
claude_ai,CA-ON,CA,"Develop, deploy, and debug machine learning and AI systems",236.0,11079.0,0.021301561512771912,332.0,14140.0,0.02347949080622348,0.9072412041885387,0.76923100271043,1.0700122585767817,False
claude_ai,CA-ON,CA,"Extract and structure data from documents, images, and online sources",168.0,11079.0,0.015163823449769834,251.0,14140.0,0.017751060820367752,0.854248858883448,0.7037586816627383,1.0369195178943262,False
claude_ai,CA-ON,CA,"Get help with daily life tasks, personal information, and household management",735.0,11079.0,0.06634172759274302,935.0,14140.0,0.06612446958981612,1.003285591616456,0.9138542931406718,1.1014687854513767,False
claude_ai,CA-ON,CA,"Implement and troubleshoot authentication, authorization, and security systems for web applications",104.0,11079.0,0.00938712880223847,150.0,14140.0,0.010608203677510608,0.8848933417576798,0.6899425455337475,1.1349296131336677,False
claude_ai,CA-ON,CA,Provide entertainment recommendations and sports information including schedules and results,69.0,11079.0,0.006227998916869754,105.0,14140.0,0.007425742574257425,0.8387038541384603,0.6196350837385518,1.1352232522126036,False
claude_ai,CA-ON,CA,"Provide financial information, tax guidance, and consumer purchase assistance",603.0,11079.0,0.054427294882209584,737.0,14140.0,0.05212164073550212,1.0442360239273318,0.9404209193285998,1.159511503047018,True
claude_ai,CA-ON,CA,"Provide health, fitness, medical, and mental health information and clinical documentation assistance",592.0,11079.0,0.053434425489665136,770.0,14140.0,0.054455445544554455,0.9812503589920325,0.8841414197019247,1.0890251780609987,False
claude_ai,CA-ON,CA,Provide legal services and fraud investigation assistance,248.0,11079.0,0.02238469175918404,279.0,14140.0,0.01973125884016973,1.1344786432790765,0.9578505413521043,1.3436770524131485,True
claude_ai,CA-ON,CA,"Provide technical support across IT infrastructure, security, and engineering systems",827.0,11079.0,0.07464572614856936,1190.0,14140.0,0.08415841584158416,0.8869668636477065,0.8145462107379937,0.9658263789555603,False
claude_ai,CA-ON,CA,"Resolve payment, billing, subscription, and account access issues",41.0,11079.0,0.003700695008574781,39.0,14140.0,0.002758132956152758,1.3417391646473693,0.8661182719362056,2.078542901449399,False
claude_ai,CA-QC,CA,"Assist with SQL databases, data analysis, and visualization tasks",103.0,5220.0,0.019731800766283523,498.0,19999.0,0.02490124506225311,0.7924021757528197,0.6423345450073805,0.9775298760096857,False
claude_ai,CA-QC,CA,"Assist with academic research, scientific writing, and educational content creation",389.0,5220.0,0.07452107279693486,1490.0,19999.0,0.0745037251862593,1.0002328421918794,0.8984129263104962,1.113592324086262,False
claude_ai,CA-QC,CA,"Assist with business development, analysis, research, and strategic planning",221.0,5220.0,0.042337164750957855,959.0,19999.0,0.047952397619880995,0.8828998517772744,0.7652259613344018,1.0186692397485038,True
claude_ai,CA-QC,CA,"Assist with civic information, government services, and institutional research",58.0,5220.0,0.011111111111111112,178.0,19999.0,0.008900445022251112,1.2483770287141074,0.9296713118003186,1.6763399989218957,False
claude_ai,CA-QC,CA,"Assist with creative content, marketing, and media production projects",357.0,5220.0,0.06839080459770115,1447.0,19999.0,0.07235361768088404,0.9452299247750003,0.8452903247279361,1.0569854930940095,False
claude_ai,CA-QC,CA,"Assist with game development, gaming software, and tabletop RPG content",63.0,5220.0,0.01206896551724138,236.0,19999.0,0.011800590029501476,1.0227425482174166,0.7758571051739841,1.348189393328674,False
claude_ai,CA-QC,CA,"Assist with job applications, career transitions, and interview preparation",187.0,5220.0,0.03582375478927203,1031.0,19999.0,0.05155257762888144,0.6948974510481585,0.5964440426927359,0.8096022978001133,False
claude_ai,CA-QC,CA,"Assist with mathematics, physics, and STEM homework and assignments",427.0,5220.0,0.08180076628352491,1745.0,19999.0,0.0872543627181359,0.937497722008146,0.8471454610703611,1.0374864992606792,False
claude_ai,CA-QC,CA,"Assist with software development, debugging, and programming across multiple platforms",846.0,5220.0,0.16206896551724137,2942.0,19999.0,0.1471073553677684,1.1017053845612883,1.0270866016926443,1.1817452903884267,False
claude_ai,CA-QC,CA,"Assist with translation, writing, editing, and document formatting tasks",457.0,5220.0,0.08754789272030651,1248.0,19999.0,0.0624031201560078,1.4029409507318988,1.2659550757520617,1.5547497292281534,False
claude_ai,CA-QC,CA,Build and manage subscription-based e-commerce operations,36.0,5220.0,0.006896551724137931,156.0,19999.0,0.007800390019500975,0.884129089301503,0.6161445529483843,1.268670221636429,False
claude_ai,CA-QC,CA,"Create prediction tools for sports analysis, gaming, and divination readings",38.0,5220.0,0.0072796934865900385,191.0,19999.0,0.009550477523876194,0.76223345569798,0.5388510037063756,1.0782198362608524,False
claude_ai,CA-QC,CA,Create professional presentations and draft workplace correspondence,181.0,5220.0,0.03467432950191571,784.0,19999.0,0.0392019600980049,0.8845049945265463,0.7546807374705411,1.0366623215594457,False
claude_ai,CA-QC,CA,Develop and debug automated trading bots and blockchain financial software,87.0,5220.0,0.016666666666666666,327.0,19999.0,0.016350817540877045,1.0193170234454638,0.8062693202053463,1.2886602134645266,True
claude_ai,CA-QC,CA,"Develop, deploy, and debug machine learning and AI systems",123.0,5220.0,0.023563218390804597,445.0,19999.0,0.02225111255562778,1.0589681002195532,0.869331785768738,1.2899717411010796,False
claude_ai,CA-QC,CA,"Extract and structure data from documents, images, and online sources",93.0,5220.0,0.017816091954022988,326.0,19999.0,0.016300815040752037,1.0929571257316129,0.8697874363081609,1.3733875988802904,False
claude_ai,CA-QC,CA,"Get help with daily life tasks, personal information, and household management",353.0,5220.0,0.06762452107279693,1317.0,19999.0,0.06585329266463323,1.0268965808161472,0.9167578101261495,1.1502673618311343,False
claude_ai,CA-QC,CA,"Implement and troubleshoot authentication, authorization, and security systems for web applications",54.0,5220.0,0.010344827586206896,200.0,19999.0,0.01000050002500125,1.0344310344827585,0.7670667824622316,1.3949861857741914,False
claude_ai,CA-QC,CA,Provide entertainment recommendations and sports information including schedules and results,35.0,5220.0,0.006704980842911878,139.0,19999.0,0.006950347517375869,0.9646972077510406,0.6667376582649718,1.3958124175322995,False
claude_ai,CA-QC,CA,"Provide financial information, tax guidance, and consumer purchase assistance",265.0,5220.0,0.05076628352490421,1075.0,19999.0,0.05375268763438172,0.9444417713623807,0.8285407118806171,1.0765557403564663,True
claude_ai,CA-QC,CA,"Provide health, fitness, medical, and mental health information and clinical documentation assistance",261.0,5220.0,0.05,1101.0,19999.0,0.05505275263763188,0.908219800181653,0.7963455858632382,1.035810607963439,False
claude_ai,CA-QC,CA,Provide legal services and fraud investigation assistance,95.0,5220.0,0.018199233716475097,432.0,19999.0,0.0216010800540027,0.8425149886476515,0.6761303373032624,1.049844189697369,True
claude_ai,CA-QC,CA,"Provide technical support across IT infrastructure, security, and engineering systems",473.0,5220.0,0.09061302681992338,1544.0,19999.0,0.07720386019300965,1.17368518353086,1.063698764969128,1.2950441942835658,False
claude_ai,CH,GLOBAL,"Assist with SQL databases, data analysis, and visualization tasks",158.0,6125.0,0.02579591836734694,26433.0,965383.0,0.027380842629298425,0.9421155775441489,0.8073558292609386,1.0993687408733348,False
claude_ai,CH,GLOBAL,"Assist with academic research, scientific writing, and educational content creation",382.0,6125.0,0.06236734693877551,72057.0,965383.0,0.0746408420285006,0.8355659615276229,0.7580510930670227,0.9210071490548627,False
claude_ai,CH,GLOBAL,"Assist with business development, analysis, research, and strategic planning",269.0,6125.0,0.043918367346938776,42780.0,965383.0,0.04431401837405465,0.9910716508763393,0.8814519890846496,1.1143238989008912,True
claude_ai,CH,GLOBAL,"Assist with civic information, government services, and institutional research",82.0,6125.0,0.013387755102040816,11421.0,965383.0,0.011830537724405754,1.13162693141349,0.9120072707331346,1.404133007482378,False
claude_ai,CH,GLOBAL,"Assist with creative content, marketing, and media production projects",399.0,6125.0,0.06514285714285714,73964.0,965383.0,0.07661622381997611,0.8502488623809267,0.773096399908863,0.9351008853039313,False
claude_ai,CH,GLOBAL,"Assist with game development, gaming software, and tabletop RPG content",61.0,6125.0,0.009959183673469388,10592.0,965383.0,0.01097181118789123,0.9077064399778039,0.7066279236241094,1.166003993942742,False
claude_ai,CH,GLOBAL,"Assist with job applications, career transitions, and interview preparation",232.0,6125.0,0.037877551020408164,34338.0,965383.0,0.035569302546243305,1.0648943979478913,0.9382200249588123,1.2086717919185155,False
claude_ai,CH,GLOBAL,"Assist with mathematics, physics, and STEM homework and assignments",312.0,6125.0,0.05093877551020408,69572.0,965383.0,0.07206673413557106,0.7068278606101212,0.6342545508266684,0.7877052263693022,False
claude_ai,CH,GLOBAL,"Assist with software development, debugging, and programming across multiple platforms",916.0,6125.0,0.14955102040816326,167474.0,965383.0,0.17347933410884592,0.8620682179603633,0.8119624913807538,0.9152659393829873,False
claude_ai,CH,GLOBAL,"Assist with translation, writing, editing, and document formatting tasks",476.0,6125.0,0.07771428571428571,75930.0,965383.0,0.07865272125156544,0.9880686195932342,0.9061522568172673,1.0773902395320678,False
claude_ai,CH,GLOBAL,Build and manage subscription-based e-commerce operations,59.0,6125.0,0.00963265306122449,7673.0,965383.0,0.007948140789717657,1.2119379004566768,0.93923107126449,1.5638254733054096,False
claude_ai,CH,GLOBAL,Create professional presentations and draft workplace correspondence,296.0,6125.0,0.0483265306122449,33669.0,965383.0,0.034876313338851,1.385654789332645,1.2392949332630934,1.5492996410023134,False
claude_ai,CH,GLOBAL,Develop and debug automated trading bots and blockchain financial software,123.0,6125.0,0.020081632653061225,16316.0,965383.0,0.016901064137238797,1.1881874709187425,0.9968299733824412,1.4162791085201791,True
claude_ai,CH,GLOBAL,"Develop, deploy, and debug machine learning and AI systems",90.0,6125.0,0.014693877551020407,22447.0,965383.0,0.023251911417541016,0.6319427804088179,0.5145604660051345,0.7761025265140414,False
claude_ai,CH,GLOBAL,"Extract and structure data from documents, images, and online sources",130.0,6125.0,0.02122448979591837,19870.0,965383.0,0.020582504560366196,1.031190821975494,0.869435756875198,1.2230397736898375,False
claude_ai,CH,GLOBAL,"Get help with daily life tasks, personal information, and household management",446.0,6125.0,0.07281632653061225,56785.0,965383.0,0.05882121396378432,1.2379262790367536,1.1316947053728166,1.3541297534169696,False
claude_ai,CH,GLOBAL,"Implement and troubleshoot authentication, authorization, and security systems for web applications",73.0,6125.0,0.011918367346938775,10971.0,965383.0,0.011364401486249499,1.0487457136532492,0.834274805341203,1.3183516568695102,False
claude_ai,CH,GLOBAL,Provide entertainment recommendations and sports information including schedules and results,47.0,6125.0,0.007673469387755102,13524.0,965383.0,0.014008947744055986,0.5477548726677893,0.41180099648990126,0.7285931872160099,False
claude_ai,CH,GLOBAL,"Provide financial information, tax guidance, and consumer purchase assistance",369.0,6125.0,0.060244897959183676,42841.0,965383.0,0.0443772057307825,1.3575640234011954,1.229180175834175,1.4993571437828594,True
claude_ai,CH,GLOBAL,"Provide health, fitness, medical, and mental health information and clinical documentation assistance",342.0,6125.0,0.05583673469387755,41813.0,965383.0,0.04331234339117221,1.2891644811178244,1.1625143531416386,1.429612507479554,False
claude_ai,CH,GLOBAL,Provide legal services and fraud investigation assistance,157.0,6125.0,0.02563265306122449,21260.0,965383.0,0.02202234760711552,1.1639382648261563,0.9968359202176863,1.3590524346581294,True
claude_ai,CH,GLOBAL,"Provide technical support across IT infrastructure, security, and engineering systems",637.0,6125.0,0.104,78538.0,965383.0,0.08135423971625769,1.2783599276783213,1.1873975374325074,1.3762906298654944,False
claude_ai,CI,GLOBAL,"Assist with academic research, scientific writing, and educational content creation",98.0,981.0,0.0998980632008155,72341.0,970527.0,0.07453785417613318,1.340232614756471,1.1105685291783631,1.6173909258763843,False
claude_ai,CI,GLOBAL,"Assist with business development, analysis, research, and strategic planning",60.0,981.0,0.06116207951070336,42989.0,970527.0,0.04429449154943654,1.3808055442388611,1.0803857887970862,1.764762153270855,True
claude_ai,CI,GLOBAL,"Assist with creative content, marketing, and media production projects",53.0,981.0,0.05402650356778797,74310.0,970527.0,0.07656664884129963,0.705614055014595,0.5430081036437826,0.9169130097564071,False
claude_ai,CI,GLOBAL,"Assist with job applications, career transitions, and interview preparation",40.0,981.0,0.040774719673802244,34530.0,970527.0,0.03557860832310693,1.1460459415249427,0.8458795162218512,1.5527285800136548,False
claude_ai,CI,GLOBAL,"Assist with mathematics, physics, and STEM homework and assignments",142.0,981.0,0.14475025484199797,69742.0,970527.0,0.07185992764755643,2.0143390006171282,1.7298123418831055,2.345665776086483,False
claude_ai,CI,GLOBAL,"Assist with software development, debugging, and programming across multiple platforms",135.0,981.0,0.13761467889908258,168255.0,970527.0,0.17336457409222,0.7937877713464082,0.6786479376331241,0.9284623012878409,False
claude_ai,CI,GLOBAL,"Assist with translation, writing, editing, and document formatting tasks",104.0,981.0,0.10601427115188583,76302.0,970527.0,0.07861914197132074,1.3484536779930578,1.1242431975148814,1.6173789850028746,False
claude_ai,CI,GLOBAL,Create professional presentations and draft workplace correspondence,30.0,981.0,0.03058103975535168,33935.0,970527.0,0.03496553934099721,0.8746051206907971,0.6147933632336972,1.2442133615677868,False
claude_ai,CI,GLOBAL,"Get help with daily life tasks, personal information, and household management",51.0,981.0,0.05198776758409786,57180.0,970527.0,0.05891644436476265,0.8823982530621151,0.6753963334476145,1.1528440982682129,False
claude_ai,CI,GLOBAL,"Provide financial information, tax guidance, and consumer purchase assistance",37.0,981.0,0.03771661569826707,43173.0,970527.0,0.044484079268273836,0.8478677387207756,0.6180090742774447,1.1632186844569739,True
claude_ai,CI,GLOBAL,Provide legal services and fraud investigation assistance,35.0,981.0,0.03567787971457696,21382.0,970527.0,0.022031329370537863,1.6194156564282685,1.1693624776623732,2.2426810491880595,True
claude_ai,CI,GLOBAL,"Provide technical support across IT infrastructure, security, and engineering systems",58.0,981.0,0.059123343527013254,79117.0,970527.0,0.08151962799592387,0.7252651291535522,0.5649918356284669,0.9310037320822764,False
claude_ai,CL,GLOBAL,"Assist with SQL databases, data analysis, and visualization tasks",82.0,2631.0,0.031166856708475865,26509.0,968877.0,0.027360542153441563,1.1391169273506345,0.9202376451228641,1.4100568272269556,False
claude_ai,CL,GLOBAL,"Assist with academic research, scientific writing, and educational content creation",137.0,2631.0,0.05207145572025846,72302.0,968877.0,0.07462453954423523,0.697779256505724,0.5927164094780906,0.8214651779902827,False
claude_ai,CL,GLOBAL,"Assist with business development, analysis, research, and strategic planning",121.0,2631.0,0.0459901178259217,42928.0,968877.0,0.044306965693271694,1.0379884315324623,0.8719726781092431,1.2356120908873698,True
claude_ai,CL,GLOBAL,"Assist with creative content, marketing, and media production projects",179.0,2631.0,0.06803496769289244,74184.0,968877.0,0.07656699457206642,0.8885678231611472,0.7712526279718811,1.0237278262941958,False
claude_ai,CL,GLOBAL,"Assist with game development, gaming software, and tabletop RPG content",37.0,2631.0,0.014063093880653743,10616.0,968877.0,0.01095701518355787,1.2834785427473774,0.9315242114421771,1.768410471202429,False
claude_ai,CL,GLOBAL,"Assist with job applications, career transitions, and interview preparation",83.0,2631.0,0.031546940326871914,34487.0,968877.0,0.0355948175052148,0.8862790298686078,0.7169893564803073,1.0955399988652619,False
claude_ai,CL,GLOBAL,"Assist with mathematics, physics, and STEM homework and assignments",142.0,2631.0,0.05397187381223869,69742.0,968877.0,0.07198230528746168,0.7497936277075561,0.6388431563509529,0.8800133155719586,False
claude_ai,CL,GLOBAL,"Assist with software development, debugging, and programming across multiple platforms",451.0,2631.0,0.17141771189661725,167939.0,968877.0,0.17333366361261543,0.9889464534697648,0.9091561133893586,1.0757394394944548,False
claude_ai,CL,GLOBAL,"Assist with translation, writing, editing, and document formatting tasks",265.0,2631.0,0.10072215887495249,76141.0,968877.0,0.07858685880663903,1.2816666858103696,1.1431419263750637,1.4369777326994642,False
claude_ai,CL,GLOBAL,Create professional presentations and draft workplace correspondence,68.0,2631.0,0.025845686050931203,33897.0,968877.0,0.034985865078849016,0.7387465192780504,0.5841329634969514,0.9342845787683116,False
claude_ai,CL,GLOBAL,Develop and debug automated trading bots and blockchain financial software,40.0,2631.0,0.015203344735841885,16399.0,968877.0,0.01692578108469909,0.8982359313146093,0.6601850484246455,1.2221236912739868,True
claude_ai,CL,GLOBAL,"Develop, deploy, and debug machine learning and AI systems",49.0,2631.0,0.01862409730140631,22488.0,968877.0,0.023210376549345272,0.8024039274766382,0.6078518210532213,1.0592253581050979,False
claude_ai,CL,GLOBAL,"Extract and structure data from documents, images, and online sources",58.0,2631.0,0.022044849866970733,19942.0,968877.0,0.02058259201116344,1.0710434261639257,0.8300701051268357,1.3819724546683647,False
claude_ai,CL,GLOBAL,"Get help with daily life tasks, personal information, and household management",163.0,2631.0,0.06195362979855568,57068.0,968877.0,0.058901181470919425,1.0518232105266565,0.9063086837839586,1.2207011650638946,False
claude_ai,CL,GLOBAL,"Implement and troubleshoot authentication, authorization, and security systems for web applications",40.0,2631.0,0.015203344735841885,11004.0,968877.0,0.011357478813100116,1.338619687170872,0.9836746903377317,1.8216415289349541,False
claude_ai,CL,GLOBAL,"Provide financial information, tax guidance, and consumer purchase assistance",121.0,2631.0,0.0459901178259217,43089.0,968877.0,0.044473137457076595,1.0341100371051903,0.868715427001921,1.2309941041709318,True
claude_ai,CL,GLOBAL,"Provide health, fitness, medical, and mental health information and clinical documentation assistance",157.0,2631.0,0.0596731280881794,41998.0,968877.0,0.043347091529678174,1.376635109354993,1.1825438994939357,1.6025825553874515,False
claude_ai,CL,GLOBAL,Provide legal services and fraud investigation assistance,78.0,2631.0,0.029646522234891677,21339.0,968877.0,0.022024467502066825,1.3460721459944303,1.081313646168787,1.6756564837980614,True
claude_ai,CL,GLOBAL,"Provide technical support across IT infrastructure, security, and engineering systems",266.0,2631.0,0.10110224249334854,78909.0,968877.0,0.08144377459677545,1.2413747151811334,1.1074774473789544,1.391460554919761,False
claude_ai,CM,GLOBAL,"Assist with academic research, scientific writing, and educational content creation",127.0,1029.0,0.12342079689018465,72312.0,970479.0,0.07451165867576733,1.656395778642404,1.407278026214193,1.9496126027670828,False
claude_ai,CM,GLOBAL,"Assist with business development, analysis, research, and strategic planning",47.0,1029.0,0.0456754130223518,43002.0,970479.0,0.04431007780693864,1.0308131983284254,0.7795061657739886,1.3631397627150559,True
claude_ai,CM,GLOBAL,"Assist with creative content, marketing, and media production projects",83.0,1029.0,0.08066083576287658,74280.0,970479.0,0.07653952326634579,1.053845546988701,0.8573159323403996,1.2954272690070006,False
claude_ai,CM,GLOBAL,"Assist with mathematics, physics, and STEM homework and assignments",156.0,1029.0,0.15160349854227406,69728.0,970479.0,0.07184905598163381,2.1100277028138996,1.8257348799033615,2.43858895157755,False
claude_ai,CM,GLOBAL,"Assist with software development, debugging, and programming across multiple platforms",170.0,1029.0,0.1652089407191448,168220.0,970479.0,0.17333708405849071,0.9531078800390852,0.8307359298895212,1.0935058883433735,False
claude_ai,CM,GLOBAL,"Assist with translation, writing, editing, and document formatting tasks",109.0,1029.0,0.10592808551992225,76297.0,970479.0,0.07861787838788886,1.3473790910165357,1.1280811842652096,1.60930830177001,False
claude_ai,CM,GLOBAL,Create professional presentations and draft workplace correspondence,32.0,1029.0,0.031098153547133137,33933.0,970479.0,0.03496520790248939,0.8894027924518381,0.6322834509561388,1.2510802331215864,False
claude_ai,CM,GLOBAL,"Extract and structure data from documents, images, and online sources",31.0,1029.0,0.03012633624878523,19969.0,970479.0,0.02057643699657592,1.4641182170556781,1.0348932827305053,2.0713654144690397,False
claude_ai,CM,GLOBAL,"Get help with daily life tasks, personal information, and household management",53.0,1029.0,0.05150631681243926,57178.0,970479.0,0.05891729754069897,0.8742138380814166,0.6725005002156997,1.1364301356622244,False
claude_ai,CM,GLOBAL,"Provide health, fitness, medical, and mental health information and clinical documentation assistance",59.0,1029.0,0.057337220602526724,42096.0,970479.0,0.04337651819359306,1.3218493090345764,1.031597646907413,1.6937665581472652,False
claude_ai,CM,GLOBAL,"Provide technical support across IT infrastructure, security, and engineering systems",70.0,1029.0,0.06802721088435375,79105.0,970479.0,0.08151129493786058,0.8345740419927532,0.6655851533545923,1.0464684016126966,False
claude_ai,CO,GLOBAL,"Assist with SQL databases, data analysis, and visualization tasks",277.0,6769.0,0.04092184960850938,26314.0,964739.0,0.027275770959814,1.500300382665643,1.3360547826423665,1.6847372334351298,False
claude_ai,CO,GLOBAL,"Assist with academic research, scientific writing, and educational content creation",536.0,6769.0,0.07918451765401094,71903.0,964739.0,0.07453103896494286,1.0624367881314112,0.9792417098282985,1.1527000100648381,False
claude_ai,CO,GLOBAL,"Assist with business development, analysis, research, and strategic planning",303.0,6769.0,0.04476288964396514,42746.0,964739.0,0.04430835697530627,1.01025839592545,0.9046261849757048,1.128225164701897,True
claude_ai,CO,GLOBAL,"Assist with civic information, government services, and institutional research",96.0,6769.0,0.014182301669375093,11407.0,964739.0,0.011823923361655329,1.1994581862199751,0.9825695575078475,1.4642219774640455,False
claude_ai,CO,GLOBAL,"Assist with creative content, marketing, and media production projects",533.0,6769.0,0.07874132072684296,73830.0,964739.0,0.07652847039458341,1.0289153869252845,0.9481191158053061,1.1165969083456415,False
claude_ai,CO,GLOBAL,"Assist with game development, gaming software, and tabletop RPG content",50.0,6769.0,0.007386615452799527,10603.0,964739.0,0.010990537337041417,0.672088654656075,0.5095775339951389,0.8864267546805191,False
claude_ai,CO,GLOBAL,"Assist with job applications, career transitions, and interview preparation",159.0,6769.0,0.023489437139902498,34411.0,964739.0,0.035668714543519026,0.658544537994025,0.5645790597016094,0.7681491211363247,False
claude_ai,CO,GLOBAL,"Assist with mathematics, physics, and STEM homework and assignments",597.0,6769.0,0.08819618850642635,69287.0,964739.0,0.07181942473560206,1.2280269416124419,1.1370932125879611,1.3262326717207018,False
claude_ai,CO,GLOBAL,"Assist with software development, debugging, and programming across multiple platforms",1209.0,6769.0,0.17860836164869257,167181.0,964739.0,0.17329142908081874,1.0306820285116014,0.9791673231841324,1.0849069599691115,False
claude_ai,CO,GLOBAL,"Assist with translation, writing, editing, and document formatting tasks",622.0,6769.0,0.09188949623282612,75784.0,964739.0,0.07855388866833413,1.1697638117037956,1.0850212286963024,1.2611249798457111,False
claude_ai,CO,GLOBAL,Build and manage subscription-based e-commerce operations,49.0,6769.0,0.007238883143743537,7683.0,964739.0,0.00796381197401577,0.9089721313565008,0.6870740942106244,1.20253454837652,False
claude_ai,CO,GLOBAL,"Create prediction tools for sports analysis, gaming, and divination readings",35.0,6769.0,0.005170630816959669,8021.0,964739.0,0.008314165800283808,0.6219061468299282,0.44658442184811487,0.8660563077061145,False
claude_ai,CO,GLOBAL,Create professional presentations and draft workplace correspondence,190.0,6769.0,0.028069138720638202,33775.0,964739.0,0.035009468882257276,0.8017584846842273,0.6966150513722279,0.9227717180340781,False
claude_ai,CO,GLOBAL,Develop and debug automated trading bots and blockchain financial software,113.0,6769.0,0.016693750923326933,16326.0,964739.0,0.016922711738615315,0.9864702053178673,0.8211171641963746,1.1851213303186385,True
claude_ai,CO,GLOBAL,"Develop, deploy, and debug machine learning and AI systems",107.0,6769.0,0.015807357068990988,22430.0,964739.0,0.023249811607077148,0.6798918346581051,0.5631311098684822,0.8208619604459821,False
claude_ai,CO,GLOBAL,"Extract and structure data from documents, images, and online sources",159.0,6769.0,0.023489437139902498,19841.0,964739.0,0.020566184221846532,1.1421388083721786,0.9789104613465466,1.3325846531412413,False
claude_ai,CO,GLOBAL,"Get help with daily life tasks, personal information, and household management",348.0,6769.0,0.05141084355148471,56883.0,964739.0,0.05896206124143421,0.8719309072484892,0.7868750951788178,0.9661806704435132,False
claude_ai,CO,GLOBAL,"Implement and troubleshoot authentication, authorization, and security systems for web applications",63.0,6769.0,0.009307135470527405,10981.0,964739.0,0.01138235315458378,0.8176811371187631,0.6390514141640359,1.0462420193130382,False
claude_ai,CO,GLOBAL,"Provide financial information, tax guidance, and consumer purchase assistance",205.0,6769.0,0.030285123356478063,43005.0,964739.0,0.04457682336880752,0.6793916898454898,0.5935242859222845,0.7776818559561827,True
claude_ai,CO,GLOBAL,"Provide health, fitness, medical, and mental health information and clinical documentation assistance",306.0,6769.0,0.045206086571133106,41849.0,964739.0,0.04337857182097956,1.0421294356507536,0.9336832479827022,1.1631715177456825,False
claude_ai,CO,GLOBAL,Provide legal services and fraud investigation assistance,272.0,6769.0,0.04018318806322943,21145.0,964739.0,0.02191784513738949,1.8333548672940128,1.630614093798775,2.061303212215111,True
claude_ai,CO,GLOBAL,"Provide technical support across IT infrastructure, security, and engineering systems",467.0,6769.0,0.06899098832914759,78708.0,964739.0,0.0815847602304872,0.8456357306712599,0.7745789164667507,0.9232110167029205,False
claude_ai,CR,GLOBAL,"Assist with academic research, scientific writing, and educational content creation",56.0,681.0,0.08223201174743025,72383.0,970827.0,0.07455808295401756,1.1029255110830232,0.8580887563273134,1.4176210491374177,False
claude_ai,CR,GLOBAL,"Assist with business development, analysis, research, and strategic planning",33.0,681.0,0.048458149779735685,43016.0,970827.0,0.04430861523216804,1.0936507387067942,0.783934680576565,1.525729079104186,True
claude_ai,CR,GLOBAL,"Assist with creative content, marketing, and media production projects",42.0,681.0,0.06167400881057269,74321.0,970827.0,0.07655431915263997,0.8056241567193909,0.6009885552201495,1.079937839501922,False
claude_ai,CR,GLOBAL,"Assist with mathematics, physics, and STEM homework and assignments",58.0,681.0,0.08516886930983847,69826.0,970827.0,0.07192424602941616,1.1841468491029494,0.925669208554724,1.5148000465844027,False
claude_ai,CR,GLOBAL,"Assist with software development, debugging, and programming across multiple platforms",144.0,681.0,0.21145374449339208,168246.0,970827.0,0.17330173141043667,1.2201479048850277,1.0553440418536484,1.410687748026135,False
claude_ai,CR,GLOBAL,"Assist with translation, writing, editing, and document formatting tasks",62.0,681.0,0.09104258443465492,76344.0,970827.0,0.0786381095705002,1.1577412647875764,0.9130675106546933,1.4679799911299665,False
claude_ai,CR,GLOBAL,"Get help with daily life tasks, personal information, and household management",52.0,681.0,0.0763582966226138,57179.0,970827.0,0.058897208256465876,1.2964671651347923,0.9983035987261047,1.6836833127892967,False
claude_ai,CR,GLOBAL,"Provide financial information, tax guidance, and consumer purchase assistance",32.0,681.0,0.04698972099853157,43178.0,970827.0,0.04447548327353895,1.0565308691426516,0.7532344884690554,1.4819521603692276,True
claude_ai,CR,GLOBAL,"Provide health, fitness, medical, and mental health information and clinical documentation assistance",32.0,681.0,0.04698972099853157,42123.0,970827.0,0.04338878090535183,1.0829924238027064,0.7720972307878777,1.519073690780132,False
claude_ai,CR,GLOBAL,"Provide technical support across IT infrastructure, security, and engineering systems",59.0,681.0,0.08663729809104258,79116.0,970827.0,0.08149340716729139,1.0631203320925298,0.8329768876982917,1.3568501805993731,False
claude_ai,CY,GLOBAL,"Assist with academic research, scientific writing, and educational content creation",50.0,606.0,0.08250825082508251,72389.0,970902.0,0.07455850332989324,1.1066242901901429,0.8485019182341762,1.4432699482723597,False
claude_ai,CY,GLOBAL,"Assist with creative content, marketing, and media production projects",53.0,606.0,0.08745874587458746,74310.0,970902.0,0.07653707583257631,1.142697769978855,0.883481322766885,1.4779692109678984,False
claude_ai,CY,GLOBAL,"Assist with mathematics, physics, and STEM homework and assignments",32.0,606.0,0.052805280528052806,69852.0,970902.0,0.07194546926466316,0.7339625561937744,0.523832581759934,1.0283839773475172,False
claude_ai,CY,GLOBAL,"Assist with software development, debugging, and programming across multiple platforms",119.0,606.0,0.19636963696369636,168271.0,970902.0,0.17331409349244312,1.1330275167279371,0.9644147272032766,1.3311196080398413,False
claude_ai,CY,GLOBAL,"Assist with translation, writing, editing, and document formatting tasks",64.0,606.0,0.10561056105610561,76342.0,970902.0,0.07862997501292612,1.343133595537123,1.0652436517815222,1.6935166451763803,False
claude_ai,CY,GLOBAL,Create professional presentations and draft workplace correspondence,31.0,606.0,0.05115511551155116,33934.0,970902.0,0.03495100432381435,1.4636236211586031,1.0385773078437486,2.0626236373881084,False
claude_ai,CY,GLOBAL,"Get help with daily life tasks, personal information, and household management",38.0,606.0,0.0627062706270627,57193.0,970902.0,0.058907078160308664,1.0644946683048,0.7823710086329223,1.4483523626844972,False
claude_ai,CY,GLOBAL,"Provide financial information, tax guidance, and consumer purchase assistance",37.0,606.0,0.06105610561056106,43173.0,970902.0,0.04446689779195016,1.373068701491788,1.0046927234392165,1.8765117085377256,True
claude_ai,CY,GLOBAL,"Provide technical support across IT infrastructure, security, and engineering systems",54.0,606.0,0.0891089108910891,79121.0,970902.0,0.08149226183487109,1.0934646908150831,0.8476413813536743,1.4105788796552865,False
claude_ai,CZ,GLOBAL,"Assist with SQL databases, data analysis, and visualization tasks",94.0,2916.0,0.03223593964334705,26497.0,968592.0,0.027356203644052397,1.1783776748699402,0.965519414695114,1.438162634016388,False
claude_ai,CZ,GLOBAL,"Assist with academic research, scientific writing, and educational content creation",151.0,2916.0,0.05178326474622771,72288.0,968592.0,0.07463204321324149,0.6938476091063273,0.5939387862647652,0.8105624953207856,False
claude_ai,CZ,GLOBAL,"Assist with business development, analysis, research, and strategic planning",86.0,2916.0,0.029492455418381344,42963.0,968592.0,0.0443561375687596,0.6649013425179998,0.5398122051973314,0.8189770276139433,True
claude_ai,CZ,GLOBAL,"Assist with civic information, government services, and institutional research",33.0,2916.0,0.01131687242798354,11470.0,968592.0,0.011841931380808432,0.9556610373814675,0.6803856475329433,1.3423093530567198,False
claude_ai,CZ,GLOBAL,"Assist with creative content, marketing, and media production projects",217.0,2916.0,0.07441700960219479,74146.0,968592.0,0.07655029155722946,0.9721322817766171,0.8551681273048866,1.1050940079473797,False
claude_ai,CZ,GLOBAL,"Assist with game development, gaming software, and tabletop RPG content",48.0,2916.0,0.01646090534979424,10605.0,968592.0,0.010948882501610585,1.5034324596480815,1.1349055893890494,1.9916274814896862,False
claude_ai,CZ,GLOBAL,"Assist with job applications, career transitions, and interview preparation",51.0,2916.0,0.01748971193415638,34519.0,968592.0,0.03563832862546872,0.4907556725782437,0.3737940469748768,0.6443150502712839,False
claude_ai,CZ,GLOBAL,"Assist with mathematics, physics, and STEM homework and assignments",155.0,2916.0,0.053155006858710566,69729.0,968592.0,0.07199006392784578,0.7383658793800597,0.6333878511828446,0.8607430199593561,False
claude_ai,CZ,GLOBAL,"Assist with software development, debugging, and programming across multiple platforms",565.0,2916.0,0.19375857338820301,167825.0,968592.0,0.1732669689611312,1.1182660754668634,1.0383282755698828,1.2043580483770584,False
claude_ai,CZ,GLOBAL,"Assist with translation, writing, editing, and document formatting tasks",223.0,2916.0,0.07647462277091907,76183.0,968592.0,0.07865334423575665,0.972299697031228,0.8569222967377775,1.1032116966099956,False
claude_ai,CZ,GLOBAL,Create professional presentations and draft workplace correspondence,79.0,2916.0,0.02709190672153635,33886.0,968592.0,0.034984802682656885,0.7743907252324363,0.6228561630450808,0.9627921033874641,False
claude_ai,CZ,GLOBAL,Develop and debug automated trading bots and blockchain financial software,42.0,2916.0,0.01440329218106996,16397.0,968592.0,0.016928696499661364,0.8508211002163147,0.62990558232624,1.149214366222874,True
claude_ai,CZ,GLOBAL,"Develop, deploy, and debug machine learning and AI systems",72.0,2916.0,0.024691358024691357,22465.0,968592.0,0.0231934601978955,1.0645827666081393,0.8471296235145162,1.3378548400386798,False
claude_ai,CZ,GLOBAL,"Extract and structure data from documents, images, and online sources",60.0,2916.0,0.0205761316872428,19940.0,968592.0,0.020586583411797744,0.999492304072712,0.7777871045993625,1.2843937113294708,False
claude_ai,CZ,GLOBAL,"Get help with daily life tasks, personal information, and household management",197.0,2916.0,0.06755829903978051,57034.0,968592.0,0.05888341014586121,1.1473231402941946,1.002354773434995,1.313257963289283,False
claude_ai,CZ,GLOBAL,"Implement and troubleshoot authentication, authorization, and security systems for web applications",49.0,2916.0,0.016803840877914953,10995.0,968592.0,0.011351528817087071,1.4803152199746612,1.1207478269452467,1.955241935611342,False
claude_ai,CZ,GLOBAL,"Provide financial information, tax guidance, and consumer purchase assistance",139.0,2916.0,0.04766803840877915,43071.0,968592.0,0.04446763962535309,1.0719714113541876,0.9111958496281884,1.2611149482623147,True
claude_ai,CZ,GLOBAL,"Provide health, fitness, medical, and mental health information and clinical documentation assistance",154.0,2916.0,0.05281207133058985,42001.0,968592.0,0.0433629433239176,1.217907902055634,1.044079955947811,1.4206763087823322,False
claude_ai,CZ,GLOBAL,Provide legal services and fraud investigation assistance,58.0,2916.0,0.019890260631001373,21359.0,968592.0,0.022051596544262187,0.9019873273609664,0.6988717590746162,1.1641350908170205,True
claude_ai,CZ,GLOBAL,"Provide technical support across IT infrastructure, security, and engineering systems",380.0,2916.0,0.13031550068587106,78795.0,968592.0,0.08135004212299916,1.6019106725087786,1.4581851508426742,1.75980245115964,False
claude_ai,DE,GLOBAL,"Analyze political media, misinformation, and criminal investigations",139.0,29438.0,0.004721788164956858,3650.0,942070.0,0.0038744466971668773,1.2186999935783307,1.0292202690909427,1.4430629855935992,False
claude_ai,DE,GLOBAL,"Assist with SQL databases, data analysis, and visualization tasks",757.0,29438.0,0.025715062164549222,25834.0,942070.0,0.027422590677975096,0.9377327790259691,0.8731684778629758,1.0070711290585093,False
claude_ai,DE,GLOBAL,"Assist with academic research, scientific writing, and educational content creation",2132.0,29438.0,0.07242339832869081,70307.0,942070.0,0.07463033532540045,0.970428419126257,0.93098332822404,1.011544770027568,False
claude_ai,DE,GLOBAL,"Assist with business development, analysis, research, and strategic planning",1142.0,29438.0,0.03879339629050887,41907.0,942070.0,0.044483955544704745,0.8720761410599587,0.8232405762740891,0.9238086869430778,True
claude_ai,DE,GLOBAL,"Assist with civic information, government services, and institutional research",320.0,29438.0,0.010870303689109314,11183.0,942070.0,0.011870667784771832,0.9157280690690522,0.8199166853796521,1.022735494268727,False
claude_ai,DE,GLOBAL,"Assist with creative content, marketing, and media production projects",1904.0,29438.0,0.06467830695020042,72459.0,942070.0,0.0769146666383602,0.8409099301477431,0.8047112734880842,0.8787369257994532,False
claude_ai,DE,GLOBAL,"Assist with game development, gaming software, and tabletop RPG content",348.0,29438.0,0.01182145526190638,10305.0,942070.0,0.010938677592960184,1.0807024122837596,0.9718212452806281,1.2017824364178036,False
claude_ai,DE,GLOBAL,"Assist with job applications, career transitions, and interview preparation",1017.0,29438.0,0.03454718391195054,33553.0,942070.0,0.035616249323298696,0.9699837733714196,0.9123124286459879,1.031300781466116,False
claude_ai,DE,GLOBAL,"Assist with mathematics, physics, and STEM homework and assignments",1969.0,29438.0,0.06688633738705076,67915.0,942070.0,0.0720912458734489,0.92780110229285,0.8885037446814783,0.9688365305927021,False
claude_ai,DE,GLOBAL,"Assist with software development, debugging, and programming across multiple platforms",4949.0,29438.0,0.16811604049188125,163441.0,942070.0,0.17349135414565797,0.9690168211537287,0.9443446102778158,0.9943336250975539,False
claude_ai,DE,GLOBAL,"Assist with translation, writing, editing, and document formatting tasks",2042.0,29438.0,0.06936612541612881,74364.0,942070.0,0.07893680936660757,0.8787551203643225,0.8422686300056603,0.9168221800701819,False
claude_ai,DE,GLOBAL,Build and manage subscription-based e-commerce operations,264.0,29438.0,0.008968000543515185,7468.0,942070.0,0.00792722409162801,1.131291412965901,1.001166610543444,1.278328949020468,False
claude_ai,DE,GLOBAL,"Create prediction tools for sports analysis, gaming, and divination readings",123.0,29438.0,0.004178272980501393,7933.0,942070.0,0.008420817985924613,0.4961837421834044,0.41539608668176703,0.592683257981047,False
claude_ai,DE,GLOBAL,Create professional presentations and draft workplace correspondence,1174.0,29438.0,0.0398804266594198,32791.0,942070.0,0.034807392231999745,1.145745891953268,1.0822096434378135,1.2130123372008397,False
claude_ai,DE,GLOBAL,Develop and debug automated trading bots and blockchain financial software,452.0,29438.0,0.015354303960866907,15987.0,942070.0,0.016970076533590922,0.904786960181015,0.8246320327433139,0.9927330140089554,True
claude_ai,DE,GLOBAL,"Develop, deploy, and debug machine learning and AI systems",738.0,29438.0,0.025069637883008356,21799.0,942070.0,0.02313946946617555,1.083414549311697,1.0077105687421533,1.1648057706940738,False
claude_ai,DE,GLOBAL,"Extract and structure data from documents, images, and online sources",636.0,29438.0,0.021604728582104764,19364.0,942070.0,0.02055473584765463,1.051082764684127,0.9720892327600145,1.136495437851198,False
claude_ai,DE,GLOBAL,"Get help with daily life tasks, personal information, and household management",1939.0,29438.0,0.06586724641619675,55292.0,942070.0,0.058692029254726295,1.122251986386936,1.074186623923061,1.172468072959017,False
claude_ai,DE,GLOBAL,"Implement and troubleshoot authentication, authorization, and security systems for web applications",327.0,29438.0,0.01110809158230858,10717.0,942070.0,0.011376012398229432,0.9764486177983991,0.8752468627180199,1.0893519803538898,False
claude_ai,DE,GLOBAL,Provide entertainment recommendations and sports information including schedules and results,199.0,29438.0,0.006759970106664855,13372.0,942070.0,0.01419427431082616,0.4762462637141609,0.4142401561156537,0.5475338408243883,False
claude_ai,DE,GLOBAL,"Provide financial information, tax guidance, and consumer purchase assistance",1444.0,29438.0,0.04905224539710578,41766.0,942070.0,0.04433428513804707,1.1064178715043682,1.0512325156341356,1.164500230137769,True
claude_ai,DE,GLOBAL,"Provide health, fitness, medical, and mental health information and clinical documentation assistance",1484.0,29438.0,0.05041103335824445,40671.0,942070.0,0.043171951128897004,1.1676802192176574,1.1101951470781597,1.2281418252823666,False
claude_ai,DE,GLOBAL,Provide legal services and fraud investigation assistance,626.0,29438.0,0.021265031591820097,20791.0,942070.0,0.022069485282410012,0.9635490506327719,0.8906631577976705,1.0423994355745252,True
claude_ai,DE,GLOBAL,"Provide technical support across IT infrastructure, security, and engineering systems",3191.0,29438.0,0.10839730959983694,75984.0,942070.0,0.08065642680480219,1.3439389010149294,1.2997089436353322,1.3896740331795283,False
claude_ai,DE,GLOBAL,"Resolve payment, billing, subscription, and account access issues",122.0,29438.0,0.004144303281472926,3217.0,942070.0,0.003414820554735848,1.213622565240037,1.0132862981117348,1.4535672036664546,False
claude_ai,DK,GLOBAL,"Assist with SQL databases, data analysis, and visualization tasks",81.0,2450.0,0.03306122448979592,26510.0,969058.0,0.027356463699799185,1.2085342920268825,0.9752435344483115,1.4976311899685077,False
claude_ai,DK,GLOBAL,"Assist with academic research, scientific writing, and educational content creation",186.0,2450.0,0.07591836734693877,72253.0,969058.0,0.0745600366541528,1.0182179456145737,0.8866763773562768,1.1692741695259776,False
claude_ai,DK,GLOBAL,"Assist with business development, analysis, research, and strategic planning",86.0,2450.0,0.03510204081632653,42963.0,969058.0,0.044334807617294324,0.7917490275210705,0.6431828842817787,0.974631847177591,True
claude_ai,DK,GLOBAL,"Assist with creative content, marketing, and media production projects",152.0,2450.0,0.062040816326530614,74211.0,969058.0,0.07658055554982261,0.810137976684792,0.6944241322918759,0.9451335441076908,False
claude_ai,DK,GLOBAL,"Assist with game development, gaming software, and tabletop RPG content",30.0,2450.0,0.012244897959183673,10623.0,969058.0,0.010962192149489505,1.117011797658911,0.7823186297204824,1.5948940862561238,False
claude_ai,DK,GLOBAL,"Assist with job applications, career transitions, and interview preparation",97.0,2450.0,0.03959183673469388,34473.0,969058.0,0.03557372210951254,1.112951762899921,0.9154970588621154,1.3529935618598192,False
claude_ai,DK,GLOBAL,"Assist with mathematics, physics, and STEM homework and assignments",154.0,2450.0,0.06285714285714286,69730.0,969058.0,0.07195647732127489,0.8735439142816169,0.749566035401283,1.0180276775346842,False
claude_ai,DK,GLOBAL,"Assist with software development, debugging, and programming across multiple platforms",398.0,2450.0,0.16244897959183674,167992.0,969058.0,0.17335598075656977,0.937083213875102,0.8564145160227812,1.0253503803328006,False
claude_ai,DK,GLOBAL,"Assist with translation, writing, editing, and document formatting tasks",172.0,2450.0,0.07020408163265306,76234.0,969058.0,0.0786681498940208,0.8924079405353976,0.7725178898744438,1.0309041936363004,False
claude_ai,DK,GLOBAL,Create professional presentations and draft workplace correspondence,64.0,2450.0,0.026122448979591838,33901.0,969058.0,0.03498345816246293,0.7467085974828267,0.5862053463030213,0.951157701087477,False
claude_ai,DK,GLOBAL,Develop and debug automated trading bots and blockchain financial software,36.0,2450.0,0.014693877551020407,16403.0,969058.0,0.016926747418627163,0.8680863007886809,0.6274591206616035,1.200992703432847,True
claude_ai,DK,GLOBAL,"Develop, deploy, and debug machine learning and AI systems",71.0,2450.0,0.028979591836734694,22466.0,969058.0,0.023183338871357546,1.250018040867197,0.9936005133807936,1.5726089926994895,False
claude_ai,DK,GLOBAL,"Extract and structure data from documents, images, and online sources",37.0,2450.0,0.015102040816326531,19963.0,969058.0,0.020600418138026825,0.7330938971791693,0.5322959253193041,1.0096388804008982,False
claude_ai,DK,GLOBAL,"Get help with daily life tasks, personal information, and household management",173.0,2450.0,0.07061224489795918,57058.0,969058.0,0.05887986064817586,1.1992597149624336,1.0385500323418313,1.3848383025791446,False
claude_ai,DK,GLOBAL,"Implement and troubleshoot authentication, authorization, and security systems for web applications",32.0,2450.0,0.013061224489795919,11012.0,969058.0,0.011363612910682332,1.149390127282297,0.8142553298691779,1.6224611816864234,False
claude_ai,DK,GLOBAL,"Provide financial information, tax guidance, and consumer purchase assistance",122.0,2450.0,0.04979591836734694,43088.0,969058.0,0.044463798864464256,1.1199204665156073,0.9417985187668222,1.331730541435546,True
claude_ai,DK,GLOBAL,"Provide health, fitness, medical, and mental health information and clinical documentation assistance",117.0,2450.0,0.04775510204081632,42038.0,969058.0,0.04338027238823682,1.1008483675119984,0.922204412881112,1.3140981666610854,False
claude_ai,DK,GLOBAL,Provide legal services and fraud investigation assistance,43.0,2450.0,0.017551020408163264,21374.0,969058.0,0.02205647133608102,0.7957311095112696,0.5915239786052842,1.0704350483593055,True
claude_ai,DK,GLOBAL,"Provide technical support across IT infrastructure, security, and engineering systems",322.0,2450.0,0.13142857142857142,78853.0,969058.0,0.08137077450472521,1.6151815222176527,1.4585338469681834,1.7886532802349442,False
claude_ai,DO,GLOBAL,"Assist with SQL databases, data analysis, and visualization tasks",36.0,1160.0,0.03103448275862069,26555.0,970348.0,0.027366470585810453,1.134033073841539,0.8220154446382062,1.5644852185624205,False
claude_ai,DO,GLOBAL,"Assist with academic research, scientific writing, and educational content creation",116.0,1160.0,0.1,72323.0,970348.0,0.07453305412078966,1.3416866003899175,1.1287856667561154,1.5947429053019568,False
claude_ai,DO,GLOBAL,"Assist with business development, analysis, research, and strategic planning",48.0,1160.0,0.041379310344827586,43001.0,970348.0,0.04431502924723914,0.9337534251408748,0.7077363719845751,1.2319494849719523,True
claude_ai,DO,GLOBAL,"Assist with creative content, marketing, and media production projects",77.0,1160.0,0.06637931034482758,74286.0,970348.0,0.0765560396888539,0.8670682367402034,0.6986744926460635,1.0760480525294032,False
claude_ai,DO,GLOBAL,"Assist with mathematics, physics, and STEM homework and assignments",162.0,1160.0,0.1396551724137931,69722.0,970348.0,0.0718525724791518,1.9436349680356175,1.6846299806458438,2.2424609156739197,False
claude_ai,DO,GLOBAL,"Assist with software development, debugging, and programming across multiple platforms",204.0,1160.0,0.17586206896551723,168186.0,970348.0,0.1733254461286054,1.0146350284598702,0.895722455590292,1.1493339645027867,False
claude_ai,DO,GLOBAL,"Assist with translation, writing, editing, and document formatting tasks",127.0,1160.0,0.10948275862068965,76279.0,970348.0,0.07860994200018963,1.3927342500828401,1.1817570483346362,1.6413768752953923,False
claude_ai,DO,GLOBAL,Develop and debug automated trading bots and blockchain financial software,40.0,1160.0,0.034482758620689655,16399.0,970348.0,0.016900122430303356,2.040385137024755,1.504179392724412,2.7677360343642765,True
claude_ai,DO,GLOBAL,"Extract and structure data from documents, images, and online sources",31.0,1160.0,0.026724137931034484,19969.0,970348.0,0.020579214879610203,1.298598517357076,0.9173407509151085,1.8383115626333413,False
claude_ai,DO,GLOBAL,"Get help with daily life tasks, personal information, and household management",67.0,1160.0,0.05775862068965517,57164.0,970348.0,0.058910823745707726,0.9804415728249513,0.7769942836138156,1.2371592661565007,False
claude_ai,DO,GLOBAL,"Provide financial information, tax guidance, and consumer purchase assistance",37.0,1160.0,0.03189655172413793,43173.0,970348.0,0.04449228524199565,0.7169007289837119,0.5220491988687372,0.9844793485577269,True
claude_ai,DO,GLOBAL,"Provide health, fitness, medical, and mental health information and clinical documentation assistance",49.0,1160.0,0.04224137931034483,42106.0,970348.0,0.0433926797396398,0.9734678651744285,0.7400244367697314,1.280551881048396,False
claude_ai,DO,GLOBAL,"Provide technical support across IT infrastructure, security, and engineering systems",83.0,1160.0,0.07155172413793104,79092.0,970348.0,0.08150890196094597,0.8778393821599291,0.7134110037000948,1.0801655383421493,False
claude_ai,DZ,GLOBAL,"Assist with SQL databases, data analysis, and visualization tasks",52.0,2054.0,0.02531645569620253,26539.0,969454.0,0.027375202949288982,0.9247951784357484,0.706956815110196,1.2097572352063644,False
claude_ai,DZ,GLOBAL,"Assist with academic research, scientific writing, and educational content creation",191.0,2054.0,0.09298928919182084,72248.0,969454.0,0.07452442302574439,1.2477693273747021,1.0899256794434946,1.4284719808896225,False
claude_ai,DZ,GLOBAL,"Assist with business development, analysis, research, and strategic planning",55.0,2054.0,0.026777020447906523,42994.0,969454.0,0.044348674614783166,0.6037840066359206,0.46513555999290956,0.7837610323211637,True
claude_ai,DZ,GLOBAL,"Assist with creative content, marketing, and media production projects",129.0,2054.0,0.06280428432327166,74234.0,969454.0,0.07657299882201735,0.8201883861078886,0.6939012062926296,0.969459315830286,False
claude_ai,DZ,GLOBAL,"Assist with job applications, career transitions, and interview preparation",30.0,2054.0,0.014605647517039922,34540.0,969454.0,0.03562830211644905,0.4099450899821778,0.287335284202051,0.5848741384727447,False
claude_ai,DZ,GLOBAL,"Assist with mathematics, physics, and STEM homework and assignments",232.0,2054.0,0.11295034079844206,69652.0,969454.0,0.07184662707049536,1.5721035962845695,1.3923712201188625,1.775036485772732,False
claude_ai,DZ,GLOBAL,"Assist with software development, debugging, and programming across multiple platforms",407.0,2054.0,0.19814995131450827,167983.0,969454.0,0.17327588518898265,1.1435518052520512,1.0481568182069387,1.2476288934820845,False
claude_ai,DZ,GLOBAL,"Assist with translation, writing, editing, and document formatting tasks",204.0,2054.0,0.09931840311587146,76202.0,969454.0,0.07860300746605821,1.2635445680466926,1.1090547017245582,1.4395546702590116,False
claude_ai,DZ,GLOBAL,"Develop, deploy, and debug machine learning and AI systems",58.0,2054.0,0.028237585199610515,22479.0,969454.0,0.023187278612497343,1.2178050590374667,0.9446132950313776,1.57000665734647,False
claude_ai,DZ,GLOBAL,"Extract and structure data from documents, images, and online sources",71.0,2054.0,0.03456669912366115,19929.0,969454.0,0.020556932046285847,1.6815105992387875,1.3373984999744892,2.1141626040453314,False
claude_ai,DZ,GLOBAL,"Get help with daily life tasks, personal information, and household management",107.0,2054.0,0.05209347614410906,57124.0,969454.0,0.05892388911696687,0.8840807510295341,0.7350201793588254,1.0633704982395875,False
claude_ai,DZ,GLOBAL,"Provide financial information, tax guidance, and consumer purchase assistance",49.0,2054.0,0.02385589094449854,43161.0,969454.0,0.044520936527158585,0.5358353351337524,0.4062761994023836,0.7067101316794888,True
claude_ai,DZ,GLOBAL,"Provide health, fitness, medical, and mental health information and clinical documentation assistance",128.0,2054.0,0.062317429406037,42027.0,969454.0,0.043351205936537476,1.4375016348395124,1.2151771102719873,1.7005018714545699,False
claude_ai,DZ,GLOBAL,"Provide technical support across IT infrastructure, security, and engineering systems",178.0,2054.0,0.0866601752677702,78997.0,969454.0,0.08148607360431748,1.063496760054697,0.9240444443501725,1.223994544377379,False
claude_ai,EC,GLOBAL,"Assist with SQL databases, data analysis, and visualization tasks",47.0,1113.0,0.042228212039532795,26544.0,970395.0,0.027353809531170295,1.5437780975776985,1.1667095443165303,2.042711338199217,False
claude_ai,EC,GLOBAL,"Assist with academic research, scientific writing, and educational content creation",130.0,1113.0,0.11680143755615453,72309.0,970395.0,0.07451501708067333,1.5674885698502894,1.3334507601227894,1.8426030342395645,False
claude_ai,EC,GLOBAL,"Assist with business development, analysis, research, and strategic planning",36.0,1113.0,0.03234501347708895,43013.0,970395.0,0.044325248996542645,0.7297198370980804,0.5291054081885591,1.0063987863542747,True
claude_ai,EC,GLOBAL,"Assist with creative content, marketing, and media production projects",56.0,1113.0,0.050314465408805034,74307.0,970395.0,0.07657397245451594,0.657070069581296,0.5090036873575551,0.848208150673549,False
claude_ai,EC,GLOBAL,"Assist with mathematics, physics, and STEM homework and assignments",206.0,1113.0,0.18508535489667566,69678.0,970395.0,0.07180375001932203,2.577655830605924,2.2782258609703336,2.916440241893662,False
claude_ai,EC,GLOBAL,"Assist with software development, debugging, and programming across multiple platforms",157.0,1113.0,0.14106019766397124,168233.0,970395.0,0.17336548518902098,0.813657906071516,0.7038053073407574,0.9406567145878999,False
claude_ai,EC,GLOBAL,"Assist with translation, writing, editing, and document formatting tasks",110.0,1113.0,0.09883198562443846,76296.0,970395.0,0.07862365325460251,1.2570261178833353,1.0525484577852746,1.5012274725722894,False
claude_ai,EC,GLOBAL,"Extract and structure data from documents, images, and online sources",36.0,1113.0,0.03234501347708895,19964.0,970395.0,0.020573065607304243,1.5722019311310225,1.1397897313340113,2.168662205228938,False
claude_ai,EC,GLOBAL,"Get help with daily life tasks, personal information, and household management",69.0,1113.0,0.06199460916442048,57162.0,970395.0,0.0589059094492449,1.0524344627568631,0.8373127922031567,1.3228250048395134,False
claude_ai,EC,GLOBAL,"Provide financial information, tax guidance, and consumer purchase assistance",30.0,1113.0,0.026954177897574125,43180.0,970395.0,0.04449734386512709,0.605748019011497,0.4255378727630331,0.8622749842543005,True
claude_ai,EC,GLOBAL,"Provide health, fitness, medical, and mental health information and clinical documentation assistance",61.0,1113.0,0.05480682839173405,42094.0,970395.0,0.04337821196523065,1.2634644423717576,0.9897530800608676,1.6128693401384564,False
claude_ai,EC,GLOBAL,Provide legal services and fraud investigation assistance,44.0,1113.0,0.039532794249775384,21373.0,970395.0,0.02202505165422328,1.7949013182992928,1.3432137538835052,2.3984795667242325,True
claude_ai,EC,GLOBAL,"Provide technical support across IT infrastructure, security, and engineering systems",51.0,1113.0,0.04582210242587601,79124.0,970395.0,0.08153793043039174,0.561972841155123,0.4297816355489323,0.7348231010210406,False
claude_ai,EE,GLOBAL,"Assist with academic research, scientific writing, and educational content creation",45.0,660.0,0.06818181818181818,72394.0,970848.0,0.07456780052078184,0.9143600549518166,0.6895880091885276,1.2123968209298124,False
claude_ai,EE,GLOBAL,"Assist with creative content, marketing, and media production projects",47.0,660.0,0.07121212121212121,74316.0,970848.0,0.07654751310194799,0.9302996051260221,0.706195623209616,1.225520701139695,False
claude_ai,EE,GLOBAL,"Assist with mathematics, physics, and STEM homework and assignments",41.0,660.0,0.06212121212121212,69843.0,970848.0,0.07194020073173144,0.8635117985403625,0.6419311148592263,1.1615773234203348,False
claude_ai,EE,GLOBAL,"Assist with software development, debugging, and programming across multiple platforms",132.0,660.0,0.2,168258.0,970848.0,0.17331034312271335,1.1539992154904968,0.9906300327375505,1.3443103331650108,False
claude_ai,EE,GLOBAL,"Assist with translation, writing, editing, and document formatting tasks",58.0,660.0,0.08787878787878788,76348.0,970848.0,0.07864052869244208,1.117474530499102,0.8738772336525893,1.428975693868036,False
claude_ai,EE,GLOBAL,"Get help with daily life tasks, personal information, and household management",56.0,660.0,0.08484848484848485,57175.0,970848.0,0.05889181416658427,1.4407517589537704,1.1212910160762206,1.8512282727388598,False
claude_ai,EE,GLOBAL,"Provide financial information, tax guidance, and consumer purchase assistance",38.0,660.0,0.05757575757575758,43172.0,970848.0,0.044468341079139065,1.2947583871701356,0.9507742021303248,1.7631939080711643,True
claude_ai,EE,GLOBAL,"Provide health, fitness, medical, and mental health information and clinical documentation assistance",36.0,660.0,0.05454545454545454,42119.0,970848.0,0.04338372227166354,1.2572792671845354,0.9150103526357898,1.7275773450415635,False
claude_ai,EE,GLOBAL,"Provide technical support across IT infrastructure, security, and engineering systems",84.0,660.0,0.12727272727272726,79091.0,970848.0,0.08146589373413758,1.5622823422042043,1.279225049925256,1.9079724219797476,False
claude_ai,EG,GLOBAL,"Assist with SQL databases, data analysis, and visualization tasks",161.0,4449.0,0.036187907394920206,26430.0,967059.0,0.027330286983524275,1.3240954043671638,1.1372523951165232,1.541635478100362,False
claude_ai,EG,GLOBAL,"Assist with academic research, scientific writing, and educational content creation",258.0,4449.0,0.05799055967633176,72181.0,967059.0,0.07463970657426279,0.7769398131091799,0.6900208708605866,0.8748075582717951,False
claude_ai,EG,GLOBAL,"Assist with business development, analysis, research, and strategic planning",142.0,4449.0,0.03191728478309733,42907.0,967059.0,0.04436854421498585,0.7193674110298394,0.6117200279646298,0.8459580337325421,True
claude_ai,EG,GLOBAL,"Assist with creative content, marketing, and media production projects",318.0,4449.0,0.07147673634524612,74045.0,967059.0,0.07656720013980532,0.9335163910229911,0.8395131249378053,1.0380455366593,False
claude_ai,EG,GLOBAL,"Assist with game development, gaming software, and tabletop RPG content",47.0,4449.0,0.010564171723982918,10606.0,967059.0,0.01096727293784557,0.9632450823329434,0.7243664927930121,1.2809000662924501,False
claude_ai,EG,GLOBAL,"Assist with job applications, career transitions, and interview preparation",129.0,4449.0,0.02899527983816588,34441.0,967059.0,0.03561416625045628,0.8141501792926121,0.686619792763825,0.9653676189177205,False
claude_ai,EG,GLOBAL,"Assist with mathematics, physics, and STEM homework and assignments",254.0,4449.0,0.05709148123173747,69630.0,967059.0,0.07200181167850152,0.7929172877851903,0.7035124567050858,0.8936839984514766,False
claude_ai,EG,GLOBAL,"Assist with software development, debugging, and programming across multiple platforms",1261.0,4449.0,0.28343447965835017,167129.0,967059.0,0.17282192710062158,1.640037722142324,1.564855783859895,1.7188317018040296,False
claude_ai,EG,GLOBAL,"Assist with translation, writing, editing, and document formatting tasks",375.0,4449.0,0.08428860418071477,76031.0,967059.0,0.0786208494000883,1.0720897169627894,0.9728894987966837,1.1814048385134772,False
claude_ai,EG,GLOBAL,Build and manage subscription-based e-commerce operations,39.0,4449.0,0.008766014834794335,7693.0,967059.0,0.007955047210149536,1.101943785275104,0.8055834066798383,1.5073300862923729,False
claude_ai,EG,GLOBAL,Create professional presentations and draft workplace correspondence,93.0,4449.0,0.020903573836817263,33872.0,967059.0,0.035025784362691416,0.5968053026410801,0.4879495167472888,0.7299455313222015,False
claude_ai,EG,GLOBAL,Develop and debug automated trading bots and blockchain financial software,82.0,4449.0,0.018431108114182963,16357.0,967059.0,0.016914169662864416,1.08968447648063,0.8788936890792075,1.3510305888382057,True
claude_ai,EG,GLOBAL,"Develop, deploy, and debug machine learning and AI systems",134.0,4449.0,0.030119127893908745,22403.0,967059.0,0.023166114994017946,1.300137200462237,1.0999001769339054,1.5368274098635395,False
claude_ai,EG,GLOBAL,"Extract and structure data from documents, images, and online sources",103.0,4449.0,0.02315126994830299,19897.0,967059.0,0.020574752936480607,1.1252271179040028,0.9292423312661566,1.3625466945111626,False
claude_ai,EG,GLOBAL,"Get help with daily life tasks, personal information, and household management",174.0,4449.0,0.03910991233985165,57057.0,967059.0,0.059000536678734186,0.6628738405009832,0.5729020358399439,0.7669753307409819,False
claude_ai,EG,GLOBAL,"Implement and troubleshoot authentication, authorization, and security systems for web applications",60.0,4449.0,0.013486176668914362,10984.0,967059.0,0.011358148778926621,1.1873569303772447,0.9228578364100072,1.5276637684512437,False
claude_ai,EG,GLOBAL,"Provide financial information, tax guidance, and consumer purchase assistance",118.0,4449.0,0.02652281411553158,43092.0,967059.0,0.0445598458832398,0.5952178152731796,0.4980321299566661,0.7113682557978807,True
claude_ai,EG,GLOBAL,"Provide health, fitness, medical, and mental health information and clinical documentation assistance",205.0,4449.0,0.046077770285457405,41950.0,967059.0,0.043378945855423505,1.0622150763881801,0.9289762702807516,1.2145637134147211,False
claude_ai,EG,GLOBAL,Provide legal services and fraud investigation assistance,35.0,4449.0,0.007866936390200046,21382.0,967059.0,0.02211033659787045,0.3558035561954198,0.25572890977682056,0.49504051267332316,True
claude_ai,EG,GLOBAL,"Provide technical support across IT infrastructure, security, and engineering systems",435.0,4449.0,0.09777478084962914,78740.0,967059.0,0.08142212626116917,1.2008379704554422,1.0980177010845444,1.3132865070055135,False
claude_ai,ES,GLOBAL,"Analyze political media, misinformation, and criminal investigations",43.0,15299.0,0.002810641218380286,3746.0,956209.0,0.003917553589225786,0.7174480589391872,0.5314012479083967,0.9686309908032757,False
claude_ai,ES,GLOBAL,"Assist with SQL databases, data analysis, and visualization tasks",485.0,15299.0,0.03170141839335904,26106.0,956209.0,0.02730156273367015,1.1611576488353426,1.0629277169837241,1.2684654505716177,False
claude_ai,ES,GLOBAL,"Assist with academic research, scientific writing, and educational content creation",1001.0,15299.0,0.06542911301392249,71438.0,956209.0,0.07470960846425834,0.8757790913229626,0.82452804452077,0.9302158027193136,False
claude_ai,ES,GLOBAL,"Assist with business development, analysis, research, and strategic planning",658.0,15299.0,0.043009347016144846,42391.0,956209.0,0.04433235830242133,0.970156983816396,0.8997646719653201,1.046056377376866,True
claude_ai,ES,GLOBAL,"Assist with civic information, government services, and institutional research",150.0,15299.0,0.009804562389698674,11353.0,956209.0,0.011872927362114349,0.8257914910676807,0.7034867639266176,0.969359512769621,False
claude_ai,ES,GLOBAL,"Assist with creative content, marketing, and media production projects",1273.0,15299.0,0.0832080528139094,73090.0,956209.0,0.07643726423825753,1.0885796822155631,1.0323269183357504,1.147897728408482,False
claude_ai,ES,GLOBAL,"Assist with game development, gaming software, and tabletop RPG content",203.0,15299.0,0.013268841100725537,10450.0,956209.0,0.010928573146665635,1.2141421320654224,1.057665843999603,1.3937682919605778,False
claude_ai,ES,GLOBAL,"Assist with job applications, career transitions, and interview preparation",378.0,15299.0,0.024707497222040655,34192.0,956209.0,0.03575787301730061,0.690966635797563,0.6251493620776123,0.7637133151647182,False
claude_ai,ES,GLOBAL,"Assist with mathematics, physics, and STEM homework and assignments",998.0,15299.0,0.06523302176612851,68886.0,956209.0,0.07204073586423052,0.9055018800622475,0.852415906435493,0.961893893117202,False
claude_ai,ES,GLOBAL,"Assist with software development, debugging, and programming across multiple platforms",2802.0,15299.0,0.1831492254395712,165588.0,956209.0,0.17317134643158558,1.057618533398235,1.022518943742063,1.093922972315706,False
claude_ai,ES,GLOBAL,"Assist with translation, writing, editing, and document formatting tasks",1420.0,15299.0,0.0928165239558141,74986.0,956209.0,0.07842009435175783,1.1835808758336896,1.1258404742511758,1.2442825797065014,False
claude_ai,ES,GLOBAL,Build and manage subscription-based e-commerce operations,119.0,15299.0,0.007778286162494281,7613.0,956209.0,0.007961648551728755,0.9769692937281614,0.815734846648457,1.17007260975702,False
claude_ai,ES,GLOBAL,"Create prediction tools for sports analysis, gaming, and divination readings",82.0,15299.0,0.005359827439701942,7974.0,956209.0,0.008339181078613566,0.6427282714183539,0.5173674285702009,0.7984647043244862,False
claude_ai,ES,GLOBAL,Create professional presentations and draft workplace correspondence,449.0,15299.0,0.029348323419831363,33516.0,956209.0,0.03505091460130578,0.8373054955529756,0.7639126781896718,0.9177495188908789,False
claude_ai,ES,GLOBAL,Develop and debug automated trading bots and blockchain financial software,258.0,15299.0,0.016863847310281718,16181.0,956209.0,0.01692203273552121,0.9965615581680471,0.8821474415287364,1.1258151330091164,True
claude_ai,ES,GLOBAL,"Develop, deploy, and debug machine learning and AI systems",291.0,15299.0,0.019020851036015425,22246.0,956209.0,0.023264788346480738,0.8175810909061078,0.7291009047450683,0.9167988077602817,False
claude_ai,ES,GLOBAL,"Extract and structure data from documents, images, and online sources",360.0,15299.0,0.023530949735276814,19640.0,956209.0,0.020539442736891202,1.1456469407036307,1.0335059988023503,1.2699557760327957,False
claude_ai,ES,GLOBAL,"Get help with daily life tasks, personal information, and household management",897.0,15299.0,0.05863128309039806,56334.0,956209.0,0.05891389853055137,0.9952029071712721,0.9335068008920805,1.060976551532003,False
claude_ai,ES,GLOBAL,"Implement and troubleshoot authentication, authorization, and security systems for web applications",181.0,15299.0,0.011830838616903065,10863.0,956209.0,0.011360487090165435,1.04140240845349,0.8999148614958907,1.2051350885904688,False
claude_ai,ES,GLOBAL,Provide entertainment recommendations and sports information including schedules and results,91.0,15299.0,0.005948101183083861,13480.0,956209.0,0.014097336460961986,0.4219308519417979,0.34354047897144474,0.5182086383337929,False
claude_ai,ES,GLOBAL,"Provide financial information, tax guidance, and consumer purchase assistance",695.0,15299.0,0.045427805738937184,42515.0,956209.0,0.04446203706511861,1.0217211971733127,0.9495738693226909,1.0993501806214057,True
claude_ai,ES,GLOBAL,"Provide health, fitness, medical, and mental health information and clinical documentation assistance",631.0,15299.0,0.04124452578599908,41524.0,956209.0,0.04342565276001376,0.9497733059749638,0.8794053972298023,1.025771885849465,False
claude_ai,ES,GLOBAL,Provide legal services and fraud investigation assistance,331.0,15299.0,0.02163540100660174,21086.0,956209.0,0.022051664437377185,0.9811232647786039,0.881218653327321,1.0923541587042145,True
claude_ai,ES,GLOBAL,"Provide technical support across IT infrastructure, security, and engineering systems",1441.0,15299.0,0.09418916269037192,77734.0,956209.0,0.08129394306056521,1.158624605282088,1.1025580032977436,1.2175422716536748,False
claude_ai,ES,GLOBAL,"Resolve payment, billing, subscription, and account access issues",62.0,15299.0,0.004052552454408785,3277.0,956209.0,0.0034270750432175393,1.1825105675550107,0.9202443872497333,1.5195216202930215,False
claude_ai,FI,GLOBAL,"Assist with SQL databases, data analysis, and visualization tasks",67.0,1958.0,0.03421859039836568,26524.0,969550.0,0.02735702129854056,1.2508156507591406,0.9882467486668853,1.5831469157824487,False
claude_ai,FI,GLOBAL,"Assist with academic research, scientific writing, and educational content creation",135.0,1958.0,0.06894790602655772,72304.0,969550.0,0.07457480274354082,0.9245469446787042,0.7855484847451215,1.0881404133725376,False
claude_ai,FI,GLOBAL,"Assist with business development, analysis, research, and strategic planning",67.0,1958.0,0.03421859039836568,42982.0,969550.0,0.04433190655458718,0.7718727448870562,0.6099144414476334,0.9768378871065512,True
claude_ai,FI,GLOBAL,"Assist with creative content, marketing, and media production projects",147.0,1958.0,0.07507660878447395,74216.0,969550.0,0.0765468516322005,0.9807929024332586,0.8394411376386026,1.145946599864632,False
claude_ai,FI,GLOBAL,"Assist with game development, gaming software, and tabletop RPG content",35.0,1958.0,0.01787538304392237,10618.0,969550.0,0.010951472332525398,1.6322356027721732,1.174779022514088,2.267824852077737,False
claude_ai,FI,GLOBAL,"Assist with job applications, career transitions, and interview preparation",78.0,1958.0,0.03983656792645557,34492.0,969550.0,0.03557526687638595,1.1197826867996925,0.9007088794710348,1.392140450966501,False
claude_ai,FI,GLOBAL,"Assist with mathematics, physics, and STEM homework and assignments",127.0,1958.0,0.06486210418794688,69757.0,969550.0,0.07194781084008045,0.9015160215523016,0.7618419284876697,1.0667975950455237,False
claude_ai,FI,GLOBAL,"Assist with software development, debugging, and programming across multiple platforms",334.0,1958.0,0.17058222676200205,168056.0,969550.0,0.17333402093754835,0.9841243273498065,0.8924617707483408,1.0852013200180088,False
claude_ai,FI,GLOBAL,"Assist with translation, writing, editing, and document formatting tasks",172.0,1958.0,0.08784473953013279,76234.0,969550.0,0.0786282295910474,1.1172162973402975,0.9684523334808205,1.2888318938285497,False
claude_ai,FI,GLOBAL,Create professional presentations and draft workplace correspondence,54.0,1958.0,0.027579162410623085,33911.0,969550.0,0.03497601980300139,0.7885163196372744,0.6060283992646044,1.0259551979557315,False
claude_ai,FI,GLOBAL,Develop and debug automated trading bots and blockchain financial software,30.0,1958.0,0.015321756894790603,16409.0,969550.0,0.016924346346243103,0.9053086353430574,0.6345135108659,1.2916726140444976,True
claude_ai,FI,GLOBAL,"Develop, deploy, and debug machine learning and AI systems",46.0,1958.0,0.02349336057201226,22491.0,969550.0,0.023197359599814348,1.0127601148279082,0.760952749809364,1.3478932173425942,False
claude_ai,FI,GLOBAL,"Extract and structure data from documents, images, and online sources",52.0,1958.0,0.026557711950970377,19948.0,969550.0,0.02057449332164406,1.290807580813281,0.9868344655989776,1.6884130710551475,False
claude_ai,FI,GLOBAL,"Get help with daily life tasks, personal information, and household management",111.0,1958.0,0.05669050051072523,57120.0,969550.0,0.05891392914238564,0.962259712362984,0.8030560369725248,1.1530250834395661,False
claude_ai,FI,GLOBAL,"Implement and troubleshoot authentication, authorization, and security systems for web applications",32.0,1958.0,0.01634320735444331,11012.0,969550.0,0.011357846423598576,1.4389354059662651,1.0199593126117155,2.030017351615206,False
claude_ai,FI,GLOBAL,"Provide financial information, tax guidance, and consumer purchase assistance",103.0,1958.0,0.052604698672114404,43107.0,969550.0,0.04446083234490227,1.1831694527002232,0.9801929445850919,1.428177953673711,True
claude_ai,FI,GLOBAL,"Provide health, fitness, medical, and mental health information and clinical documentation assistance",86.0,1958.0,0.043922369765066395,42069.0,969550.0,0.04339023258212573,1.012263985493359,0.8230976602954302,1.244904979998506,False
claude_ai,FI,GLOBAL,"Provide technical support across IT infrastructure, security, and engineering systems",234.0,1958.0,0.1195097037793667,78941.0,969550.0,0.08142024650611109,1.467813092047035,1.3012931626293351,1.6556417378167425,False
claude_ai,FR,GLOBAL,"Analyze political media, misinformation, and criminal investigations",112.0,31512.0,0.003554201574003554,3677.0,939996.0,0.0039117187732713755,0.9086035525583478,0.7531332872672073,1.096167743052826,False
claude_ai,FR,GLOBAL,"Assist with SQL databases, data analysis, and visualization tasks",742.0,31512.0,0.023546585427773548,25849.0,939996.0,0.027499053187460373,0.8562689510528617,0.7966963687026765,0.9202960441894442,False
claude_ai,FR,GLOBAL,"Assist with academic research, scientific writing, and educational content creation",2044.0,31512.0,0.06486417872556487,70395.0,939996.0,0.07488861654730446,0.866142034879126,0.8300849069967365,0.9037654079253155,False
claude_ai,FR,GLOBAL,"Assist with business development, analysis, research, and strategic planning",1280.0,31512.0,0.04061944656004062,41769.0,939996.0,0.044435295469342426,0.9141257221540363,0.8656631481644008,0.9653013850428366,True
claude_ai,FR,GLOBAL,"Assist with civic information, government services, and institutional research",390.0,31512.0,0.012376237623762377,11113.0,939996.0,0.01182239073357759,1.0468472834865599,0.9468959558927732,1.1573491555468094,False
claude_ai,FR,GLOBAL,"Assist with creative content, marketing, and media production projects",2329.0,31512.0,0.0739083523736989,72034.0,939996.0,0.07663224098825952,0.9644550573044323,0.9269080057931167,1.0035230591887971,False
claude_ai,FR,GLOBAL,"Assist with game development, gaming software, and tabletop RPG content",434.0,31512.0,0.013772531099263772,10219.0,939996.0,0.010871322856693007,1.2668680050086651,1.151592426660231,1.3936827865125976,False
claude_ai,FR,GLOBAL,"Assist with job applications, career transitions, and interview preparation",1233.0,31512.0,0.03912795125666413,33337.0,939996.0,0.03546504453210439,1.1032821690451828,1.043486976693468,1.1665038200957003,False
claude_ai,FR,GLOBAL,"Assist with mathematics, physics, and STEM homework and assignments",2357.0,31512.0,0.0747969027671998,67527.0,939996.0,0.07183753973421164,1.0411952169288838,1.0008631874434897,1.0831525161042999,False
claude_ai,FR,GLOBAL,"Assist with software development, debugging, and programming across multiple platforms",5058.0,31512.0,0.1605102817974105,163332.0,939996.0,0.17375818620504768,0.9237566603509336,0.900379201037722,0.9477410923744334,False
claude_ai,FR,GLOBAL,"Assist with translation, writing, editing, and document formatting tasks",2899.0,31512.0,0.091996699669967,73507.0,939996.0,0.07819926893305928,1.1764393826842383,1.135549979875315,1.2188011498027043,False
claude_ai,FR,GLOBAL,Build and manage subscription-based e-commerce operations,299.0,31512.0,0.009488448844884489,7433.0,939996.0,0.007907480457363648,1.1999332652221228,1.0695148253924318,1.3462551493461645,False
claude_ai,FR,GLOBAL,"Create prediction tools for sports analysis, gaming, and divination readings",180.0,31512.0,0.0057121096725057125,7876.0,939996.0,0.008378759058549186,0.6817369532398019,0.588349497653023,0.7899475996268828,False
claude_ai,FR,GLOBAL,Create professional presentations and draft workplace correspondence,1162.0,31512.0,0.03687484133028687,32803.0,939996.0,0.03489695700832769,1.0566778450478413,0.9977117773486445,1.1191288842777403,False
claude_ai,FR,GLOBAL,Develop and debug automated trading bots and blockchain financial software,467.0,31512.0,0.01481975120588982,15972.0,939996.0,0.016991561666219856,0.8721829986558732,0.7960580482539479,0.9555875790878023,True
claude_ai,FR,GLOBAL,"Develop, deploy, and debug machine learning and AI systems",614.0,31512.0,0.019484640771769486,21923.0,939996.0,0.023322439669956042,0.8354460788623924,0.7716692525693395,0.9044939245183022,False
claude_ai,FR,GLOBAL,"Extract and structure data from documents, images, and online sources",561.0,31512.0,0.017802741812642804,19439.0,939996.0,0.02067987523351163,0.8608727863016095,0.792160336256069,0.9355453943797717,False
claude_ai,FR,GLOBAL,"Get help with daily life tasks, personal information, and household management",2005.0,31512.0,0.06362655496318863,55226.0,939996.0,0.05875131383537802,1.082980971991045,1.0372724283067443,1.1307037126295156,False
claude_ai,FR,GLOBAL,"Implement and troubleshoot authentication, authorization, and security systems for web applications",276.0,31512.0,0.008758568164508759,10768.0,939996.0,0.011455367895182533,0.7645820059774865,0.6788343751495454,0.8611609330122307,False
claude_ai,FR,GLOBAL,Provide entertainment recommendations and sports information including schedules and results,239.0,31512.0,0.007584412287382584,13332.0,939996.0,0.014183039076762029,0.5347522661634023,0.4707766766677442,0.6074217359087941,False
claude_ai,FR,GLOBAL,"Provide financial information, tax guidance, and consumer purchase assistance",1437.0,31512.0,0.0456016755521706,41773.0,939996.0,0.04443955080659918,1.0261506861450735,0.9747642221865263,1.0802460807537835,True
claude_ai,FR,GLOBAL,"Provide health, fitness, medical, and mental health information and clinical documentation assistance",1497.0,31512.0,0.047505712109672506,40658.0,939996.0,0.04325337554627892,1.098312247534156,1.0443858275379443,1.1550231353936125,False
claude_ai,FR,GLOBAL,Provide legal services and fraud investigation assistance,855.0,31512.0,0.027132520944402133,20562.0,939996.0,0.021874561168345397,1.2403686974834272,1.1594269021562986,1.3269611933580365,True
claude_ai,FR,GLOBAL,"Provide technical support across IT infrastructure, security, and engineering systems",2914.0,31512.0,0.09247270880934247,76261.0,939996.0,0.08112906863433461,1.1398221422476322,1.100341109253619,1.180719783194548,False
claude_ai,FR,GLOBAL,"Resolve payment, billing, subscription, and account access issues",128.0,31512.0,0.004061944656004062,3211.0,939996.0,0.0034159719828595015,1.1891036215712223,0.9969011679698869,1.4183626905696511,False
claude_ai,GB,GLOBAL,"Analyze political media, misinformation, and criminal investigations",152.0,34981.0,0.004345215974386096,3637.0,936527.0,0.003883497218980339,1.1188925160417615,0.9516345052425138,1.3155475716333185,False
claude_ai,GB,GLOBAL,"Assist with SQL databases, data analysis, and visualization tasks",743.0,34981.0,0.021240101769532033,25848.0,936527.0,0.027599844959088207,0.7695732277125706,0.7160068913951118,0.8271470008591422,False
claude_ai,GB,GLOBAL,"Assist with academic research, scientific writing, and educational content creation",2700.0,34981.0,0.077184757439753,69739.0,936527.0,0.07446555198088256,1.036516286880792,0.9989338536179238,1.0755126669078452,False
claude_ai,GB,GLOBAL,"Assist with business development, analysis, research, and strategic planning",1813.0,34981.0,0.05182813527343415,41236.0,936527.0,0.04403076472968745,1.1770891464551234,1.1243880184038189,1.232260426137733,True
claude_ai,GB,GLOBAL,"Assist with civic information, government services, and institutional research",404.0,34981.0,0.011549126668763043,11099.0,936527.0,0.011851233333368925,0.9745084198321152,0.8829213226861496,1.0755960196254795,False
claude_ai,GB,GLOBAL,"Assist with creative content, marketing, and media production projects",2760.0,34981.0,0.07889997427174752,71603.0,936527.0,0.07645588434716778,1.031967322665208,0.9949883183419754,1.070320661476122,False
claude_ai,GB,GLOBAL,"Assist with game development, gaming software, and tabletop RPG content",418.0,34981.0,0.011949343929561762,10235.0,936527.0,0.01092867584170024,1.0933935732604483,0.9920970058841553,1.2050328737579599,False
claude_ai,GB,GLOBAL,"Assist with job applications, career transitions, and interview preparation",1773.0,34981.0,0.05068465738543781,32797.0,936527.0,0.03501981256279851,1.4473137825780382,1.3814403994736513,1.5163283092332223,False
claude_ai,GB,GLOBAL,"Assist with mathematics, physics, and STEM homework and assignments",2446.0,34981.0,0.06992367285097624,67438.0,936527.0,0.07200860199438991,0.9710461099692492,0.9339929080041843,1.0095692800294656,False
claude_ai,GB,GLOBAL,"Assist with software development, debugging, and programming across multiple platforms",4887.0,34981.0,0.13970441096595296,163503.0,936527.0,0.17458439532442738,0.8002113287750746,0.7793813742435732,0.821597990228403,False
claude_ai,GB,GLOBAL,"Assist with translation, writing, editing, and document formatting tasks",2070.0,34981.0,0.05917498070381064,74336.0,936527.0,0.07937411307949477,0.7455198982134856,0.7146056686363799,0.777771494162411,False
claude_ai,GB,GLOBAL,Build and manage subscription-based e-commerce operations,300.0,34981.0,0.008576084159972557,7432.0,936527.0,0.007935702868150091,1.0806962284831296,0.9633659494133153,1.2123163985284182,False
claude_ai,GB,GLOBAL,"Create prediction tools for sports analysis, gaming, and divination readings",224.0,34981.0,0.0064034761727795085,7832.0,936527.0,0.008362812817996704,0.7657084179857859,0.6707613802046514,0.874095317168395,False
claude_ai,GB,GLOBAL,Create professional presentations and draft workplace correspondence,1621.0,34981.0,0.046339441411051716,32344.0,936527.0,0.034536110544597216,1.3417678099915915,1.2779492344143693,1.408773374910039,False
claude_ai,GB,GLOBAL,Develop and debug automated trading bots and blockchain financial software,555.0,34981.0,0.01586575569594923,15884.0,936527.0,0.016960536108409047,0.935451308528094,0.8601152601409392,1.0173859146314108,True
claude_ai,GB,GLOBAL,"Develop, deploy, and debug machine learning and AI systems",744.0,34981.0,0.02126868871673194,21793.0,936527.0,0.023270017842518156,0.9139953763967701,0.8502546093360333,0.982514577282951,False
claude_ai,GB,GLOBAL,"Extract and structure data from documents, images, and online sources",613.0,34981.0,0.017523798633543922,19387.0,936527.0,0.02070095149419077,0.8465214093401243,0.7816769935717444,0.916745026864372,False
claude_ai,GB,GLOBAL,"Get help with daily life tasks, personal information, and household management",2515.0,34981.0,0.07189617220776993,54716.0,936527.0,0.05842437003951835,1.230585321829559,1.1840849454252549,1.2789118214474857,False
claude_ai,GB,GLOBAL,"Implement and troubleshoot authentication, authorization, and security systems for web applications",296.0,34981.0,0.008461736371172923,10748.0,936527.0,0.011476444352378523,0.7373134144478474,0.6572251268527776,0.8271611186383016,False
claude_ai,GB,GLOBAL,Provide entertainment recommendations and sports information including schedules and results,276.0,34981.0,0.007889997427174751,13295.0,936527.0,0.014196066958026837,0.5557875607731996,0.49357189458620937,0.625845628769426,False
claude_ai,GB,GLOBAL,"Provide financial information, tax guidance, and consumer purchase assistance",1850.0,34981.0,0.05288585231983076,41360.0,936527.0,0.044163168814139904,1.1975103630448294,1.1444304287503384,1.2530522027150661,True
claude_ai,GB,GLOBAL,"Provide health, fitness, medical, and mental health information and clinical documentation assistance",1998.0,34981.0,0.057116720505417225,40157.0,936527.0,0.04287863563997621,1.332055454958709,1.275174484847339,1.3914736815783113,False
claude_ai,GB,GLOBAL,Provide legal services and fraud investigation assistance,967.0,34981.0,0.02764357794231154,20450.0,936527.0,0.021835996185908146,1.2659636733290562,1.187939739674694,1.3491122223318093,True
claude_ai,GB,GLOBAL,"Provide technical support across IT infrastructure, security, and engineering systems",2708.0,34981.0,0.07741345301735228,76467.0,936527.0,0.08164954133730261,0.9481186513657117,0.9138535229155041,0.9836685579540649,False
claude_ai,GB,GLOBAL,"Resolve payment, billing, subscription, and account access issues",148.0,34981.0,0.004230868185586462,3191.0,936527.0,0.0034072696249013643,1.241718047396657,1.0534147909925902,1.4636814694596518,False
claude_ai,GE,GLOBAL,"Assist with SQL databases, data analysis, and visualization tasks",37.0,1253.0,0.029529130087789304,26554.0,970255.0,0.02736806303497534,1.0789630983402883,0.785331012658235,1.4823830318881104,False
claude_ai,GE,GLOBAL,"Assist with academic research, scientific writing, and educational content creation",66.0,1253.0,0.052673583399840386,72373.0,970255.0,0.0745917310397782,0.7061584798420977,0.5583107699957357,0.8931581216975465,False
claude_ai,GE,GLOBAL,"Assist with business development, analysis, research, and strategic planning",37.0,1253.0,0.029529130087789304,43012.0,970255.0,0.04433061411690741,0.6661114599025391,0.4848762464771435,0.9150880873980028,True
claude_ai,GE,GLOBAL,"Assist with creative content, marketing, and media production projects",102.0,1253.0,0.08140462889066241,74261.0,970255.0,0.07653761124652797,1.0635898816917313,0.8829552856476685,1.2811786223208936,False
claude_ai,GE,GLOBAL,"Assist with job applications, career transitions, and interview preparation",45.0,1253.0,0.035913806863527534,34525.0,970255.0,0.03558342909853595,1.009284596042633,0.757425463505761,1.3448919331204834,False
claude_ai,GE,GLOBAL,"Assist with mathematics, physics, and STEM homework and assignments",103.0,1253.0,0.08220271348762968,69781.0,970255.0,0.07192026838305395,1.1429700602590982,0.9497803824917948,1.375455402880963,False
claude_ai,GE,GLOBAL,"Assist with software development, debugging, and programming across multiple platforms",249.0,1253.0,0.19872306464485234,168141.0,970255.0,0.17329568000164905,1.1467283237698789,1.02597425717114,1.2816947787382222,False
claude_ai,GE,GLOBAL,"Assist with translation, writing, editing, and document formatting tasks",127.0,1253.0,0.10135674381484437,76279.0,970255.0,0.07861747684886963,1.2892393380887508,1.0931236738244625,1.5205398169269106,False
claude_ai,GE,GLOBAL,Create professional presentations and draft workplace correspondence,35.0,1253.0,0.027932960893854747,33930.0,970255.0,0.0349701882494808,0.7987649564417046,0.5760871361012254,1.1075155400227676,False
claude_ai,GE,GLOBAL,"Develop, deploy, and debug machine learning and AI systems",31.0,1253.0,0.024740622505985636,22506.0,970255.0,0.023195963947622016,1.0665916950833154,0.7532064404471407,1.510366591323029,False
claude_ai,GE,GLOBAL,"Extract and structure data from documents, images, and online sources",35.0,1253.0,0.027932960893854747,19965.0,970255.0,0.020577064792245338,1.3574803391969466,0.9789265584932035,1.8824219808099636,False
claude_ai,GE,GLOBAL,"Get help with daily life tasks, personal information, and household management",68.0,1253.0,0.05426975259377494,57163.0,970255.0,0.05891543975552819,0.921146524900252,0.7309440733759562,1.1608424655758642,False
claude_ai,GE,GLOBAL,"Provide financial information, tax guidance, and consumer purchase assistance",50.0,1253.0,0.03990422984836393,43160.0,970255.0,0.04448315133650432,0.8970639140760969,0.6835989901178157,1.1771867389664163,True
claude_ai,GE,GLOBAL,"Provide health, fitness, medical, and mental health information and clinical documentation assistance",66.0,1253.0,0.052673583399840386,42089.0,970255.0,0.04337931780820506,1.2142556882228643,0.9599501416350694,1.53593068268132,False
claude_ai,GE,GLOBAL,"Provide technical support across IT infrastructure, security, and engineering systems",115.0,1253.0,0.09177972865123703,79060.0,970255.0,0.0814837336576467,1.1263564460220843,0.9461805986211501,1.3408421662252648,False
claude_ai,GH,GLOBAL,"Assist with SQL databases, data analysis, and visualization tasks",41.0,1550.0,0.026451612903225806,26550.0,969958.0,0.02737231921382163,0.9663635988093068,0.7142851508553439,1.3074030784279858,False
claude_ai,GH,GLOBAL,"Assist with academic research, scientific writing, and educational content creation",219.0,1550.0,0.14129032258064517,72220.0,969958.0,0.07445683215149522,1.8976139394859792,1.678104772449442,2.1458366142868393,False
claude_ai,GH,GLOBAL,"Assist with business development, analysis, research, and strategic planning",80.0,1550.0,0.05161290322580645,42969.0,969958.0,0.04429985628243697,1.1650806019943862,0.9409977926684,1.4425249662853807,True
claude_ai,GH,GLOBAL,"Assist with civic information, government services, and institutional research",32.0,1550.0,0.02064516129032258,11471.0,969958.0,0.01182628526183608,1.7457012775554623,1.2383589071200873,2.4608963790198275,False
claude_ai,GH,GLOBAL,"Assist with creative content, marketing, and media production projects",109.0,1550.0,0.0703225806451613,74254.0,969958.0,0.07655383016584223,0.9186030338758768,0.7664040340425678,1.1010269992904251,False
claude_ai,GH,GLOBAL,"Assist with job applications, career transitions, and interview preparation",62.0,1550.0,0.04,34508.0,969958.0,0.03557679817064244,1.124328271705112,0.8807994825795972,1.435189379145857,False
claude_ai,GH,GLOBAL,"Assist with mathematics, physics, and STEM homework and assignments",224.0,1550.0,0.14451612903225808,69660.0,969958.0,0.07181754261524725,2.0122678076926643,1.7823363645372725,2.271861703796575,False
claude_ai,GH,GLOBAL,"Assist with software development, debugging, and programming across multiple platforms",238.0,1550.0,0.15354838709677418,168152.0,969958.0,0.17336008363248717,0.8857193875280276,0.7879477388310383,0.9956229262195351,False
claude_ai,GH,GLOBAL,"Assist with translation, writing, editing, and document formatting tasks",111.0,1550.0,0.07161290322580645,76295.0,969958.0,0.07865804498751493,0.9104332969014584,0.7609299422573387,1.0893102532513268,False
claude_ai,GH,GLOBAL,Create professional presentations and draft workplace correspondence,55.0,1550.0,0.035483870967741936,33910.0,969958.0,0.03496027663053452,1.0149768362173115,0.7827829895114978,1.3160454325924917,False
claude_ai,GH,GLOBAL,Develop and debug automated trading bots and blockchain financial software,35.0,1550.0,0.02258064516129032,16404.0,969958.0,0.01691207248148889,1.3351790672613286,0.9619195437562785,1.8532767664657355,True
claude_ai,GH,GLOBAL,"Extract and structure data from documents, images, and online sources",37.0,1550.0,0.023870967741935485,19963.0,969958.0,0.020581303520358613,1.1598375058374122,0.8433536670992018,1.595087674870943,False
claude_ai,GH,GLOBAL,"Get help with daily life tasks, personal information, and household management",73.0,1550.0,0.04709677419354839,57158.0,969958.0,0.058928324731586317,0.7992213321534309,0.6387820100161973,0.9999573058623054,False
claude_ai,GH,GLOBAL,"Provide financial information, tax guidance, and consumer purchase assistance",33.0,1550.0,0.02129032258064516,43177.0,969958.0,0.044514298557257116,0.4782805361576168,0.3412211943441961,0.6703929153840037,True
claude_ai,GH,GLOBAL,"Provide health, fitness, medical, and mental health information and clinical documentation assistance",68.0,1550.0,0.04387096774193548,42087.0,969958.0,0.04339053855940154,1.0110722106358794,0.8012445144552424,1.275849003241105,False
claude_ai,GH,GLOBAL,"Provide technical support across IT infrastructure, security, and engineering systems",94.0,1550.0,0.06064516129032258,79081.0,969958.0,0.08153033430313478,0.7438355528488348,0.6114134612265533,0.9049380898025651,False
claude_ai,GR,GLOBAL,"Assist with SQL databases, data analysis, and visualization tasks",67.0,2033.0,0.03295622233152976,26524.0,969475.0,0.027359137677609016,1.2045782553483568,0.9515693001129193,1.5248587497367825,False
claude_ai,GR,GLOBAL,"Assist with academic research, scientific writing, and educational content creation",163.0,2033.0,0.08017707820954255,72276.0,969475.0,0.0745516903478687,1.0754562081077572,0.9280607150927273,1.2462611947128408,False
claude_ai,GR,GLOBAL,"Assist with business development, analysis, research, and strategic planning",99.0,2033.0,0.04869650762420069,42950.0,969475.0,0.04430232857990149,1.0991861869376478,0.9068452098704769,1.3323224960598206,True
claude_ai,GR,GLOBAL,"Assist with creative content, marketing, and media production projects",146.0,2033.0,0.07181505164781112,74217.0,969475.0,0.07655380489440161,0.9380990500324949,0.8022538053782808,1.0969469035511965,False
claude_ai,GR,GLOBAL,"Assist with job applications, career transitions, and interview preparation",56.0,2033.0,0.027545499262174127,34514.0,969475.0,0.0356007117254184,0.7737345105521313,0.5974900099858574,1.0019666987126974,False
claude_ai,GR,GLOBAL,"Assist with mathematics, physics, and STEM homework and assignments",140.0,2033.0,0.06886374815543532,69744.0,969475.0,0.07193996750818742,0.9572390778130113,0.8157015171905732,1.12333572119399,False
claude_ai,GR,GLOBAL,"Assist with software development, debugging, and programming across multiple platforms",386.0,2033.0,0.18986719134284308,168004.0,969475.0,0.1732937930323113,1.0956375760523727,1.0014396933279202,1.1986959435058484,False
claude_ai,GR,GLOBAL,"Assist with translation, writing, editing, and document formatting tasks",153.0,2033.0,0.07525823905558288,76253.0,969475.0,0.07865391062172826,0.9568276829555716,0.8214685644453077,1.114490869761191,False
claude_ai,GR,GLOBAL,Create professional presentations and draft workplace correspondence,57.0,2033.0,0.028037383177570093,33908.0,969475.0,0.03497563114056577,0.8016262255536973,0.6204753322621862,1.0356650330523214,False
claude_ai,GR,GLOBAL,Develop and debug automated trading bots and blockchain financial software,35.0,2033.0,0.01721593703885883,16404.0,969475.0,0.01692049820779288,1.0174604097017594,0.7323645768255197,1.4135387183767447,True
claude_ai,GR,GLOBAL,"Develop, deploy, and debug machine learning and AI systems",44.0,2033.0,0.02164289227742253,22493.0,969475.0,0.02320121715361407,0.9328343480484688,0.6962273628986133,1.2498502174292307,False
claude_ai,GR,GLOBAL,"Extract and structure data from documents, images, and online sources",39.0,2033.0,0.019183472700442697,19961.0,969475.0,0.0205894943139328,0.9317116976234499,0.6825898308785217,1.2717544976770412,False
claude_ai,GR,GLOBAL,"Get help with daily life tasks, personal information, and household management",132.0,2033.0,0.06492867683226758,57099.0,969475.0,0.05889682560148534,1.1024138596466244,0.9345833368701545,1.3003830370130132,False
claude_ai,GR,GLOBAL,"Provide financial information, tax guidance, and consumer purchase assistance",84.0,2033.0,0.04131824889326119,43126.0,969475.0,0.044483870135898294,0.9288366494874181,0.7532075624025709,1.1454180288353248,True
claude_ai,GR,GLOBAL,"Provide health, fitness, medical, and mental health information and clinical documentation assistance",100.0,2033.0,0.04918839153959666,42055.0,969475.0,0.04337914850821321,1.1339178667899292,0.9364412830922714,1.373038279965207,False
claude_ai,GR,GLOBAL,"Provide technical support across IT infrastructure, security, and engineering systems",183.0,2033.0,0.09001475651746188,78992.0,969475.0,0.08147915108692849,1.104758153670832,0.9619934084628571,1.2687099177242533,False
claude_ai,GT,GLOBAL,"Assist with SQL databases, data analysis, and visualization tasks",40.0,641.0,0.062402496099843996,26551.0,970867.0,0.027347721160570913,2.281817038189418,1.6898834745729034,3.0810935038508807,False
claude_ai,GT,GLOBAL,"Assist with academic research, scientific writing, and educational content creation",53.0,641.0,0.08268330733229329,72386.0,970867.0,0.07455810116112711,1.1089781800317962,0.8568327749914171,1.4353239508128692,False
claude_ai,GT,GLOBAL,"Assist with business development, analysis, research, and strategic planning",35.0,641.0,0.054602184087363496,43014.0,970867.0,0.04430472969006053,1.2324233658424313,0.892901814066439,1.7010463286631552,True
claude_ai,GT,GLOBAL,"Assist with creative content, marketing, and media production projects",48.0,641.0,0.0748829953198128,74315.0,970867.0,0.0765449850494455,0.9782874119243852,0.7451701008630773,1.2843326097239185,False
claude_ai,GT,GLOBAL,"Assist with mathematics, physics, and STEM homework and assignments",86.0,641.0,0.13416536661466458,69798.0,970867.0,0.07189244252817327,1.8661956931298829,1.5328187928336952,2.2720796361180717,False
claude_ai,GT,GLOBAL,"Assist with software development, debugging, and programming across multiple platforms",118.0,641.0,0.18408736349453977,168272.0,970867.0,0.1733213715163869,1.0621157788215112,0.9023291431304562,1.2501978199528563,False
claude_ai,GT,GLOBAL,"Assist with translation, writing, editing, and document formatting tasks",63.0,641.0,0.09828393135725429,76343.0,970867.0,0.07863383965053916,1.2498935800927837,0.9885377274492048,1.580348345012892,False
claude_ai,GT,GLOBAL,"Get help with daily life tasks, personal information, and household management",33.0,641.0,0.0514820592823713,57198.0,970867.0,0.05891435181131916,0.8738458066592883,0.6267296841271314,1.2183984788905031,False
claude_ai,GT,GLOBAL,"Provide technical support across IT infrastructure, security, and engineering systems",68.0,641.0,0.1060842433697348,79107.0,970867.0,0.08148077955064906,1.3019542026324384,1.0398151020584094,1.630179002398304,False
claude_ai,HN,GLOBAL,"Assist with academic research, scientific writing, and educational content creation",32.0,234.0,0.13675213675213677,72407.0,971274.0,0.07454847962572868,1.8344054424543883,1.3293944198153376,2.531260307060495,False
claude_ai,HN,GLOBAL,"Assist with mathematics, physics, and STEM homework and assignments",45.0,234.0,0.19230769230769232,69839.0,971274.0,0.07190452951484338,2.6744864837477853,2.0566397568239934,3.4779440239916233,False
claude_ai,HN,GLOBAL,"Assist with software development, debugging, and programming across multiple platforms",50.0,234.0,0.21367521367521367,168340.0,971274.0,0.17331875454300227,1.2328453100105707,0.964150329091595,1.576421759713643,False
claude_ai,HN,GLOBAL,"Assist with translation, writing, editing, and document formatting tasks",31.0,234.0,0.13247863247863248,76375.0,971274.0,0.07863383556030533,1.6847535356078729,1.2136936653577568,2.338641583752984,False
claude_ai,HR,GLOBAL,"Assist with SQL databases, data analysis, and visualization tasks",35.0,1009.0,0.03468780971258672,26556.0,970499.0,0.027363243032707915,1.2676790419587174,0.9152737605565703,1.7557699375585316,False
claude_ai,HR,GLOBAL,"Assist with academic research, scientific writing, and educational content creation",63.0,1009.0,0.062438057482656094,72376.0,970499.0,0.07457606859976157,0.8372398633367449,0.6591192624496688,1.063495832537072,False
claude_ai,HR,GLOBAL,"Assist with business development, analysis, research, and strategic planning",41.0,1009.0,0.040634291377601585,43008.0,970499.0,0.044315347053423035,0.9169349690213672,0.6793097684053856,1.2376823895641036,True
claude_ai,HR,GLOBAL,"Assist with creative content, marketing, and media production projects",80.0,1009.0,0.07928642220019821,74283.0,970499.0,0.07654103713656583,1.0358681455901102,0.839338035735198,1.278415571991093,False
claude_ai,HR,GLOBAL,"Assist with mathematics, physics, and STEM homework and assignments",60.0,1009.0,0.05946481665014866,69824.0,970499.0,0.07194649350488769,0.8265144519671264,0.6465930471962197,1.05650090466131,False
claude_ai,HR,GLOBAL,"Assist with software development, debugging, and programming across multiple platforms",207.0,1009.0,0.2051536174430129,168183.0,970499.0,0.17329538721832788,1.183837727801422,1.0483626535878632,1.33681962150188,False
claude_ai,HR,GLOBAL,"Assist with translation, writing, editing, and document formatting tasks",75.0,1009.0,0.07433102081268583,76331.0,970499.0,0.0786512917581574,0.9450705659259121,0.7600662411336888,1.1751059660896388,False
claude_ai,HR,GLOBAL,"Develop, deploy, and debug machine learning and AI systems",30.0,1009.0,0.02973240832507433,22507.0,970499.0,0.023191162484453874,1.2820576952537572,0.9009950458906207,1.824285207178503,False
claude_ai,HR,GLOBAL,"Get help with daily life tasks, personal information, and household management",61.0,1009.0,0.06045589692765114,57170.0,970499.0,0.058907840193549915,1.0262792987998688,0.8045772628522914,1.3090715432490558,False
claude_ai,HR,GLOBAL,"Provide financial information, tax guidance, and consumer purchase assistance",41.0,1009.0,0.040634291377601585,43169.0,970499.0,0.044481241093499324,0.9135152342577072,0.6767766393241854,1.2330657335546296,True
claude_ai,HR,GLOBAL,"Provide health, fitness, medical, and mental health information and clinical documentation assistance",44.0,1009.0,0.04360753221010902,42111.0,970499.0,0.04339108025871227,1.0049883973873475,0.7526600091181118,1.341909582876076,False
claude_ai,HR,GLOBAL,"Provide technical support across IT infrastructure, security, and engineering systems",135.0,1009.0,0.1337958374628345,79040.0,970499.0,0.08144263930204977,1.6428229562480188,1.4039280811444337,1.9223686040779642,False
claude_ai,HU,GLOBAL,"Assist with SQL databases, data analysis, and visualization tasks",46.0,1561.0,0.029468289557975657,26545.0,969947.0,0.02736747471769076,1.0767631965300364,0.8097869978508108,1.4317579616352207,False
claude_ai,HU,GLOBAL,"Assist with academic research, scientific writing, and educational content creation",97.0,1561.0,0.06213965406790519,72342.0,969947.0,0.07458345662185666,0.8331559957452439,0.6870230846790214,1.0103720365823758,False
claude_ai,HU,GLOBAL,"Assist with business development, analysis, research, and strategic planning",69.0,1561.0,0.044202434336963484,42980.0,969947.0,0.0443116995052307,0.9975341688653959,0.7918871674589779,1.2565861134572862,True
claude_ai,HU,GLOBAL,"Assist with creative content, marketing, and media production projects",111.0,1561.0,0.07110826393337603,74252.0,969947.0,0.0765526363811631,0.9288806668828622,0.7763072622934076,1.111440450472877,False
claude_ai,HU,GLOBAL,"Assist with game development, gaming software, and tabletop RPG content",33.0,1561.0,0.02114029468289558,10620.0,969947.0,0.010949051855410657,1.9307877030876195,1.3768965005134168,2.707495554679885,False
claude_ai,HU,GLOBAL,"Assist with job applications, career transitions, and interview preparation",45.0,1561.0,0.028827674567584883,34525.0,969947.0,0.035594728371756396,0.809886067018255,0.6071464161172179,1.080324982802277,False
claude_ai,HU,GLOBAL,"Assist with mathematics, physics, and STEM homework and assignments",84.0,1561.0,0.053811659192825115,69800.0,969947.0,0.0719626948688949,0.7477715959756898,0.6072586319846427,0.9207977133574465,False
claude_ai,HU,GLOBAL,"Assist with software development, debugging, and programming across multiple platforms",333.0,1561.0,0.21332479180012812,168057.0,969947.0,0.17326410618312135,1.2312116831322637,1.1192233705652126,1.3544054283961697,False
claude_ai,HU,GLOBAL,"Assist with translation, writing, editing, and document formatting tasks",130.0,1561.0,0.08327994875080078,76276.0,969947.0,0.07863934833552762,1.0590111758743634,0.8981707997503118,1.2486541211744762,False
claude_ai,HU,GLOBAL,Develop and debug automated trading bots and blockchain financial software,30.0,1561.0,0.019218449711723255,16409.0,969947.0,0.01691741919919336,1.1360154575255552,0.7967711751625371,1.6197010634499107,True
claude_ai,HU,GLOBAL,"Develop, deploy, and debug machine learning and AI systems",40.0,1561.0,0.025624599615631006,22497.0,969947.0,0.023194050808961728,1.10479190662677,0.8134080542584835,1.5005570089427027,False
claude_ai,HU,GLOBAL,"Get help with daily life tasks, personal information, and household management",91.0,1561.0,0.05829596412556054,57140.0,969947.0,0.05891043531244491,0.9895693999946634,0.810560713965452,1.2081113487663258,False
claude_ai,HU,GLOBAL,"Provide financial information, tax guidance, and consumer purchase assistance",57.0,1561.0,0.03651505445227418,43153.0,969947.0,0.04449005976615217,0.820746356471624,0.6360154208973,1.0591324668057363,True
claude_ai,HU,GLOBAL,"Provide health, fitness, medical, and mental health information and clinical documentation assistance",54.0,1561.0,0.03459320948110186,42101.0,969947.0,0.043405464422282866,0.7969782132625426,0.6131395965945589,1.0359374536287966,False
claude_ai,HU,GLOBAL,"Provide technical support across IT infrastructure, security, and engineering systems",207.0,1561.0,0.13260730301089046,78968.0,969947.0,0.0814147577135658,1.628787049608755,1.4344533239558133,1.8494482941118788,False
claude_ai,ID,GLOBAL,"Analyze political media, misinformation, and criminal investigations",37.0,12384.0,0.0029877260981912143,3752.0,959124.0,0.0039119029447704365,0.7637526135931637,0.5527592655262982,1.0552840832346688,False
claude_ai,ID,GLOBAL,"Assist with SQL databases, data analysis, and visualization tasks",360.0,12384.0,0.029069767441860465,26231.0,959124.0,0.027348914217556853,1.06292217711513,0.9593838964125336,1.1776344785730632,False
claude_ai,ID,GLOBAL,"Assist with academic research, scientific writing, and educational content creation",1798.0,12384.0,0.14518733850129198,70641.0,959124.0,0.07365158206863763,1.9712725025511129,1.8876970894812606,2.0585481118593965,False
claude_ai,ID,GLOBAL,"Assist with business development, analysis, research, and strategic planning",447.0,12384.0,0.03609496124031008,42602.0,959124.0,0.04441761440647925,0.8126271913208573,0.7415806676111169,0.8904802685880128,True
claude_ai,ID,GLOBAL,"Assist with civic information, government services, and institutional research",123.0,12384.0,0.00993217054263566,11380.0,959124.0,0.011864993473210971,0.8370986941594801,0.701449314301317,0.9989805528022757,False
claude_ai,ID,GLOBAL,"Assist with creative content, marketing, and media production projects",710.0,12384.0,0.05733204134366925,73653.0,959124.0,0.07679194765223266,0.7465892335913735,0.6948952049099975,0.8021288386739525,False
claude_ai,ID,GLOBAL,"Assist with game development, gaming software, and tabletop RPG content",177.0,12384.0,0.014292635658914728,10476.0,959124.0,0.010922466750910206,1.3085538262429295,1.129101188837496,1.5165276000975436,False
claude_ai,ID,GLOBAL,"Assist with job applications, career transitions, and interview preparation",326.0,12384.0,0.026324289405684754,34244.0,959124.0,0.03570341269741973,0.737304571660378,0.662076607731181,0.8210802572442122,False
claude_ai,ID,GLOBAL,"Assist with mathematics, physics, and STEM homework and assignments",1582.0,12384.0,0.1277454780361757,68302.0,959124.0,0.07121289843648997,1.7938530917977362,1.712199578152027,1.8794006002649406,False
claude_ai,ID,GLOBAL,"Assist with software development, debugging, and programming across multiple platforms",1953.0,12384.0,0.15770348837209303,166437.0,959124.0,0.17353022132696086,0.9087955237200583,0.8723427708878599,0.9467715346491776,False
claude_ai,ID,GLOBAL,"Assist with translation, writing, editing, and document formatting tasks",1227.0,12384.0,0.09907945736434108,75179.0,959124.0,0.07838298280514303,1.2640429570108178,1.1981319830763124,1.3335797889863055,False
claude_ai,ID,GLOBAL,Build and manage subscription-based e-commerce operations,59.0,12384.0,0.00476421188630491,7673.0,959124.0,0.008000008340944446,0.5955258648820944,0.46123582720498013,0.7689148041527881,False
claude_ai,ID,GLOBAL,"Create prediction tools for sports analysis, gaming, and divination readings",47.0,12384.0,0.003795219638242894,8009.0,959124.0,0.008350328007640306,0.4544994681371054,0.3413854378203906,0.605092495613688,False
claude_ai,ID,GLOBAL,Create professional presentations and draft workplace correspondence,284.0,12384.0,0.0229328165374677,33681.0,959124.0,0.035116418732093035,0.6530511186925023,0.5818510488818185,0.732963813410864,False
claude_ai,ID,GLOBAL,Develop and debug automated trading bots and blockchain financial software,272.0,12384.0,0.021963824289405683,16167.0,959124.0,0.016856006105571333,1.303026597869236,1.157392853010245,1.4669853112870794,True
claude_ai,ID,GLOBAL,"Develop, deploy, and debug machine learning and AI systems",223.0,12384.0,0.018007105943152454,22314.0,959124.0,0.023264979293605416,0.7740005145030096,0.6791645854659821,0.8820789677069077,False
claude_ai,ID,GLOBAL,"Extract and structure data from documents, images, and online sources",366.0,12384.0,0.029554263565891473,19634.0,959124.0,0.020470762904483675,1.4437304414980183,1.3038999397425306,1.598556395454426,False
claude_ai,ID,GLOBAL,"Get help with daily life tasks, personal information, and household management",607.0,12384.0,0.04901485788113695,56624.0,959124.0,0.05903720478269754,0.8302367644530164,0.7679470428774333,0.8975789300088843,False
claude_ai,ID,GLOBAL,"Implement and troubleshoot authentication, authorization, and security systems for web applications",78.0,12384.0,0.006298449612403101,10966.0,959124.0,0.011433349598175001,0.5508840220724522,0.441208109420898,0.6878232727250682,False
claude_ai,ID,GLOBAL,Provide entertainment recommendations and sports information including schedules and results,48.0,12384.0,0.003875968992248062,13523.0,959124.0,0.014099323966452722,0.27490459836729497,0.20717746663295747,0.36477199683771877,False
claude_ai,ID,GLOBAL,"Provide financial information, tax guidance, and consumer purchase assistance",322.0,12384.0,0.026001291989664083,42888.0,959124.0,0.04471580317039298,0.5814788094174261,0.5218505295444935,0.6479204037536176,True
claude_ai,ID,GLOBAL,"Provide health, fitness, medical, and mental health information and clinical documentation assistance",437.0,12384.0,0.035287467700258396,41718.0,959124.0,0.04349594004529133,0.811281872825702,0.7395546473457724,0.8899657104958371,False
claude_ai,ID,GLOBAL,Provide legal services and fraud investigation assistance,153.0,12384.0,0.012354651162790697,21264.0,959124.0,0.02217023033518085,0.5572630945193974,0.4758024905676278,0.6526703047368688,True
claude_ai,ID,GLOBAL,"Provide technical support across IT infrastructure, security, and engineering systems",719.0,12384.0,0.05805878552971576,78456.0,959124.0,0.0817996421734833,0.7097682090904851,0.6609513673417202,0.7621905869740923,False
claude_ai,IE,GLOBAL,"Assist with SQL databases, data analysis, and visualization tasks",70.0,2479.0,0.028237192416296894,26521.0,969029.0,0.027368633962451074,1.0317355427763568,0.8187339525034997,1.3001515656863802,False
claude_ai,IE,GLOBAL,"Assist with academic research, scientific writing, and educational content creation",173.0,2479.0,0.06978620411456232,72266.0,969029.0,0.07457568349347646,0.9357769294956164,0.810364137418985,1.0805987349900321,False
claude_ai,IE,GLOBAL,"Assist with business development, analysis, research, and strategic planning",115.0,2479.0,0.0463896732553449,42934.0,969029.0,0.044306207554159885,1.0470242391799882,0.8756677218431183,1.251912946069326,True
claude_ai,IE,GLOBAL,"Assist with creative content, marketing, and media production projects",160.0,2479.0,0.0645421540943929,74203.0,969029.0,0.0765745916788868,0.8428664479864083,0.7254421685356414,0.9792977027724592,False
claude_ai,IE,GLOBAL,"Assist with job applications, career transitions, and interview preparation",145.0,2479.0,0.058491327148043566,34425.0,969029.0,0.03552525259821945,1.6464718156845755,1.4054495437299366,1.9288272936851645,False
claude_ai,IE,GLOBAL,"Assist with mathematics, physics, and STEM homework and assignments",162.0,2479.0,0.0653489310205728,69722.0,969029.0,0.0719503750661745,0.9082500398430143,0.7824832757869254,1.0542310109378834,False
claude_ai,IE,GLOBAL,"Assist with software development, debugging, and programming across multiple platforms",367.0,2479.0,0.14804356595401372,168023.0,969029.0,0.1733931595442448,0.8538028048115553,0.7767864860949119,0.9384550871486304,False
claude_ai,IE,GLOBAL,"Assist with translation, writing, editing, and document formatting tasks",145.0,2479.0,0.058491327148043566,76261.0,969029.0,0.07869836712833156,0.7432343170813589,0.6345571647492955,0.8705240138697958,False
claude_ai,IE,GLOBAL,Create professional presentations and draft workplace correspondence,113.0,2479.0,0.045582896329164985,33852.0,969029.0,0.03493393902556064,1.3048312787118757,1.0894141142443106,1.5628443248928285,False
claude_ai,IE,GLOBAL,Develop and debug automated trading bots and blockchain financial software,41.0,2479.0,0.01653892698668818,16398.0,969029.0,0.016922094178811985,0.9773569873755008,0.7211983002120774,1.3244993512752572,True
claude_ai,IE,GLOBAL,"Develop, deploy, and debug machine learning and AI systems",54.0,2479.0,0.021782977006857603,22483.0,969029.0,0.02320157601062507,0.9388576447083671,0.7209332064043197,1.2226565085323569,False
claude_ai,IE,GLOBAL,"Extract and structure data from documents, images, and online sources",45.0,2479.0,0.018152480839048003,19955.0,969029.0,0.020592778957079717,0.8814973868695488,0.659697291189397,1.1778699919426499,False
claude_ai,IE,GLOBAL,"Get help with daily life tasks, personal information, and household management",216.0,2479.0,0.08713190802743041,57015.0,969029.0,0.0588372484208419,1.4808970569834756,1.303405835664749,1.6825581360573243,False
claude_ai,IE,GLOBAL,"Implement and troubleshoot authentication, authorization, and security systems for web applications",31.0,2479.0,0.012505042355788625,11013.0,969029.0,0.01136498494885086,1.1003131470977476,0.7751364796812911,1.561904327059852,False
claude_ai,IE,GLOBAL,"Provide financial information, tax guidance, and consumer purchase assistance",120.0,2479.0,0.048406615570794675,43090.0,969029.0,0.044467193448286896,1.0885916518902667,0.9140248341278615,1.2964984542196885,True
claude_ai,IE,GLOBAL,"Provide health, fitness, medical, and mental health information and clinical documentation assistance",157.0,2479.0,0.06333198870512304,41998.0,969029.0,0.04334029218939784,1.4612727673445562,1.2556186732994508,1.7006103413321638,False
claude_ai,IE,GLOBAL,Provide legal services and fraud investigation assistance,42.0,2479.0,0.016942315449778138,21375.0,969029.0,0.0220581633779794,0.7680746197886811,0.5689157260010632,1.036952565382987,True
claude_ai,IE,GLOBAL,"Provide technical support across IT infrastructure, security, and engineering systems",206.0,2479.0,0.08309802339653086,78969.0,969029.0,0.08149291713663884,1.0196962670657714,0.8945552178961027,1.1623435381812657,False
claude_ai,IL,GLOBAL,"Assist with SQL databases, data analysis, and visualization tasks",170.0,6685.0,0.025430067314884067,26421.0,964823.0,0.027384297430720454,0.9286368357347712,0.8001831146676975,1.0777112849245944,False
claude_ai,IL,GLOBAL,"Assist with academic research, scientific writing, and educational content creation",524.0,6685.0,0.07838444278234855,71915.0,964823.0,0.07453698761327207,1.0516180663087515,0.9683429708660202,1.1420546135610563,False
claude_ai,IL,GLOBAL,"Assist with business development, analysis, research, and strategic planning",250.0,6685.0,0.037397157816005985,42799.0,964823.0,0.044359431729964975,0.8430486225265157,0.7462429398062644,0.9524123338820085,True
claude_ai,IL,GLOBAL,"Assist with civic information, government services, and institutional research",76.0,6685.0,0.01136873597606582,11427.0,964823.0,0.011843623130874783,0.9599035574197735,0.7670448314770901,1.2012529147387352,False
claude_ai,IL,GLOBAL,"Assist with creative content, marketing, and media production projects",463.0,6685.0,0.06925953627524307,73900.0,964823.0,0.07659435979449081,0.9042380726344905,0.8279411229803905,0.9875659866469804,False
claude_ai,IL,GLOBAL,"Assist with game development, gaming software, and tabletop RPG content",80.0,6685.0,0.011967090501121914,10573.0,964823.0,0.010958486686159015,1.0920386038554761,0.8775716895251314,1.358918395551166,False
claude_ai,IL,GLOBAL,"Assist with job applications, career transitions, and interview preparation",165.0,6685.0,0.02468212415856395,34405.0,964823.0,0.035659390375229444,0.6921633796552288,0.5951266350593731,0.80502218504798,False
claude_ai,IL,GLOBAL,"Assist with mathematics, physics, and STEM homework and assignments",452.0,6685.0,0.06761406133133882,69432.0,964823.0,0.07196345858255866,0.9395610308774962,0.8592891076508894,1.0273316895135551,False
claude_ai,IL,GLOBAL,"Assist with software development, debugging, and programming across multiple platforms",1087.0,6685.0,0.162602842183994,167303.0,964823.0,0.17340278994178207,0.9377175663585688,0.8879128648800962,0.9903159071539971,False
claude_ai,IL,GLOBAL,"Assist with translation, writing, editing, and document formatting tasks",625.0,6685.0,0.09349289454001496,75781.0,964823.0,0.0785439401838472,1.1903260050511455,1.1043642406309433,1.282978881579444,False
claude_ai,IL,GLOBAL,Build and manage subscription-based e-commerce operations,59.0,6685.0,0.008825729244577411,7673.0,964823.0,0.007952754028459106,1.1097701768462025,0.8599642328418361,1.4321407779336848,False
claude_ai,IL,GLOBAL,Create professional presentations and draft workplace correspondence,207.0,6685.0,0.030964846671652953,33758.0,964823.0,0.03498880105470122,0.8849930760200314,0.7736095798626299,1.0124134511654734,False
claude_ai,IL,GLOBAL,Develop and debug automated trading bots and blockchain financial software,111.0,6685.0,0.016604338070306656,16328.0,964823.0,0.01692331132238763,0.981151841622212,0.8153499541806077,1.1806696393159055,True
claude_ai,IL,GLOBAL,"Develop, deploy, and debug machine learning and AI systems",148.0,6685.0,0.02213911742707554,22389.0,964823.0,0.02320529257698044,0.9540546560071153,0.8131196153243697,1.1194174503904324,False
claude_ai,IL,GLOBAL,"Extract and structure data from documents, images, and online sources",154.0,6685.0,0.023036649214659685,19846.0,964823.0,0.020569575974038763,1.1199379726511942,0.9574859552995164,1.3099524391391357,False
claude_ai,IL,GLOBAL,"Get help with daily life tasks, personal information, and household management",484.0,6685.0,0.07240089753178758,56747.0,964823.0,0.05881596935396441,1.2309734639595376,1.129335744068622,1.3417583539093834,False
claude_ai,IL,GLOBAL,"Implement and troubleshoot authentication, authorization, and security systems for web applications",58.0,6685.0,0.008676140613313389,10986.0,964823.0,0.011386544474996969,0.7619643195848228,0.5893288398263274,0.9851709013450947,False
claude_ai,IL,GLOBAL,Provide entertainment recommendations and sports information including schedules and results,44.0,6685.0,0.006581899775617053,13527.0,964823.0,0.014020188158864372,0.469458733437582,0.3495331095542914,0.6305311181588827,False
claude_ai,IL,GLOBAL,"Provide financial information, tax guidance, and consumer purchase assistance",319.0,6685.0,0.04771877337322363,42891.0,964823.0,0.04445478600738167,1.0734226313742683,0.9640277330122781,1.195231325914338,True
claude_ai,IL,GLOBAL,"Provide health, fitness, medical, and mental health information and clinical documentation assistance",423.0,6685.0,0.06327599102468212,41732.0,964823.0,0.043253529403838836,1.4629093139175424,1.3333796129398063,1.6050220357188758,False
claude_ai,IL,GLOBAL,Provide legal services and fraud investigation assistance,146.0,6685.0,0.021839940164547496,21271.0,964823.0,0.02204653081446027,0.9906293352159846,0.8433324729154649,1.1636531395475307,True
claude_ai,IL,GLOBAL,"Provide technical support across IT infrastructure, security, and engineering systems",557.0,6685.0,0.08332086761406134,78618.0,964823.0,0.08148437589070741,1.022537961459227,0.9441154526347094,1.1074745993271455,False
claude_ai,IL,GLOBAL,"Resolve payment, billing, subscription, and account access issues",33.0,6685.0,0.00493642483171279,3306.0,964823.0,0.003426535229777897,1.4406461631602026,1.0233133088922075,2.028177831162006,False
claude_ai,IN,GLOBAL,"Analyze political media, misinformation, and criminal investigations",135.0,60321.0,0.002238026557915154,3654.0,911187.0,0.004010153788410063,0.5580899576428668,0.47009746729329466,0.6625528161535355,False
claude_ai,IN,GLOBAL,"Assist with SQL databases, data analysis, and visualization tasks",1895.0,60321.0,0.03141526168332753,24696.0,911187.0,0.027103108363047322,1.1591017997832105,1.1070042979552006,1.213651098502825,False
claude_ai,IN,GLOBAL,"Assist with academic research, scientific writing, and educational content creation",4036.0,60321.0,0.06690870509441156,68403.0,911187.0,0.0750702106153841,0.8912817021016854,0.8643688684822916,0.9190324888679771,False
claude_ai,IN,GLOBAL,"Assist with business development, analysis, research, and strategic planning",2773.0,60321.0,0.04597072329702757,40276.0,911187.0,0.044201684176793564,1.0400219845279735,1.0016554740605097,1.0798580513085305,True
claude_ai,IN,GLOBAL,"Assist with civic information, government services, and institutional research",461.0,60321.0,0.007642446245917674,11042.0,911187.0,0.012118258930384214,0.6306554670783361,0.5747599087461077,0.6919868837467652,False
claude_ai,IN,GLOBAL,"Assist with creative content, marketing, and media production projects",5846.0,60321.0,0.0969148389449777,68517.0,911187.0,0.07519532214572859,1.2888413292140257,1.2565135797950502,1.322000811293357,False
claude_ai,IN,GLOBAL,"Assist with game development, gaming software, and tabletop RPG content",527.0,60321.0,0.008736592563120638,10126.0,911187.0,0.011112976809370635,0.7861613240975908,0.720523525712191,0.8577785533039672,False
claude_ai,IN,GLOBAL,"Assist with job applications, career transitions, and interview preparation",3119.0,60321.0,0.05170670247509159,31451.0,911187.0,0.034516515270740254,1.4980278880853162,1.4452607709428276,1.5527215562748609,False
claude_ai,IN,GLOBAL,"Assist with mathematics, physics, and STEM homework and assignments",4096.0,60321.0,0.06790338356459608,65788.0,911187.0,0.07220032770441194,0.9404858083552259,0.9122619667907534,0.9695828478186076,False
claude_ai,IN,GLOBAL,"Assist with software development, debugging, and programming across multiple platforms",14863.0,60321.0,0.24639843503920691,153527.0,911187.0,0.16849120981752375,1.4623815408890282,1.4410664007246268,1.4840119581287952,False
claude_ai,IN,GLOBAL,"Assist with translation, writing, editing, and document formatting tasks",3345.0,60321.0,0.05545332471278659,73061.0,911187.0,0.08018222384647718,0.6915912536793896,0.6686982923324003,0.7152679581363048,False
claude_ai,IN,GLOBAL,Build and manage subscription-based e-commerce operations,520.0,60321.0,0.008620546741599112,7212.0,911187.0,0.007914950498635297,1.0891472717467374,0.996786149584775,1.1900664751887924,False
claude_ai,IN,GLOBAL,"Create prediction tools for sports analysis, gaming, and divination readings",428.0,60321.0,0.007095373087316192,7628.0,911187.0,0.008371497837436223,0.8475631511945961,0.7692014449193294,0.9339078859092013,False
claude_ai,IN,GLOBAL,Create professional presentations and draft workplace correspondence,1548.0,60321.0,0.02566270453076043,32417.0,911187.0,0.0355766708699751,0.7213351868855848,0.6859346631503281,0.7585627025313755,False
claude_ai,IN,GLOBAL,Develop and debug automated trading bots and blockchain financial software,1293.0,60321.0,0.02143532103247625,15146.0,911187.0,0.01662227402278566,1.289554064810441,1.2190976665923041,1.3640824124596265,True
claude_ai,IN,GLOBAL,"Develop, deploy, and debug machine learning and AI systems",1708.0,60321.0,0.028315180451252465,20829.0,911187.0,0.02285919355741467,1.2386780128587729,1.179872157226253,1.3004148035383598,False
claude_ai,IN,GLOBAL,"Extract and structure data from documents, images, and online sources",1148.0,60321.0,0.019031514729530345,18852.0,911187.0,0.02068949622854584,0.919863611916856,0.8671527163595296,0.9757786011223228,False
claude_ai,IN,GLOBAL,"Get help with daily life tasks, personal information, and household management",2227.0,60321.0,0.036919149218348504,55004.0,911187.0,0.06036521592164945,0.6115964078761421,0.5867013961211667,0.6375477689331266,False
claude_ai,IN,GLOBAL,"Implement and troubleshoot authentication, authorization, and security systems for web applications",725.0,60321.0,0.012019031514729531,10319.0,911187.0,0.011324788435304718,1.0613029623812247,0.9847605469625765,1.1437947848676029,False
claude_ai,IN,GLOBAL,Provide entertainment recommendations and sports information including schedules and results,214.0,60321.0,0.003547686543658096,13357.0,911187.0,0.014658900972028793,0.24201586124550345,0.21149534927797556,0.27694073318567414,False
claude_ai,IN,GLOBAL,"Provide financial information, tax guidance, and consumer purchase assistance",2206.0,60321.0,0.036571011753783925,41004.0,911187.0,0.04500064201969519,0.8126775555286097,0.7792221024847165,0.8475693992174846,True
claude_ai,IN,GLOBAL,"Provide health, fitness, medical, and mental health information and clinical documentation assistance",1652.0,60321.0,0.027386813879080252,40503.0,911187.0,0.04445080976791811,0.6161150724153148,0.5869458253036869,0.646733933682762,False
claude_ai,IN,GLOBAL,Provide legal services and fraud investigation assistance,883.0,60321.0,0.014638351486215414,20534.0,911187.0,0.022535440035909203,0.6495702530276695,0.6075620982592164,0.6944829422825668,True
claude_ai,IN,GLOBAL,"Provide technical support across IT infrastructure, security, and engineering systems",4487.0,60321.0,0.07438537159529848,74688.0,911187.0,0.08196780682779715,0.90749496020519,0.8815753800967113,0.934176613130319,False
claude_ai,IN,GLOBAL,"Resolve payment, billing, subscription, and account access issues",186.0,60321.0,0.00308350325757199,3153.0,911187.0,0.003460321536632985,0.8911031026822863,0.768774348748772,1.0328970274598612,False
claude_ai,IQ,GLOBAL,"Assist with SQL databases, data analysis, and visualization tasks",36.0,2501.0,0.014394242303078768,26555.0,969007.0,0.02740434279628527,0.5252540595510996,0.3796911388469407,0.7266217165687564,False
claude_ai,IQ,GLOBAL,"Assist with academic research, scientific writing, and educational content creation",285.0,2501.0,0.11395441823270691,72154.0,969007.0,0.07446179439364214,1.5303743236469307,1.3716328072824575,1.7074872794257305,False
claude_ai,IQ,GLOBAL,"Assist with business development, analysis, research, and strategic planning",36.0,2501.0,0.014394242303078768,43013.0,969007.0,0.044388740225818804,0.3242768826024562,0.23443047990984975,0.44855727220626207,True
claude_ai,IQ,GLOBAL,"Assist with civic information, government services, and institutional research",30.0,2501.0,0.011995201919232307,11473.0,969007.0,0.011839955748513684,1.0131120566677887,0.7095454779922823,1.4465542677685852,False
claude_ai,IQ,GLOBAL,"Assist with creative content, marketing, and media production projects",174.0,2501.0,0.06957217113154739,74189.0,969007.0,0.07656188242190201,0.9087050753031761,0.787236411168737,1.0489160589712103,False
claude_ai,IQ,GLOBAL,"Assist with game development, gaming software, and tabletop RPG content",30.0,2501.0,0.011995201919232307,10623.0,969007.0,0.010962769102803178,1.094176280349199,0.7662909818528448,1.5623591570711166,False
claude_ai,IQ,GLOBAL,"Assist with mathematics, physics, and STEM homework and assignments",312.0,2501.0,0.124750099960016,69572.0,969007.0,0.07179721095926035,1.7375340670378203,1.565818981394575,1.9280802378753485,False
claude_ai,IQ,GLOBAL,"Assist with software development, debugging, and programming across multiple platforms",201.0,2501.0,0.08036785285885646,168189.0,969007.0,0.17356840559459322,0.4630327310062009,0.40551201807299925,0.5287125915574349,False
claude_ai,IQ,GLOBAL,"Assist with translation, writing, editing, and document formatting tasks",522.0,2501.0,0.20871651339464214,75884.0,969007.0,0.07831109579187766,2.665222741223473,2.4686503108739966,2.8774477409965296,False
claude_ai,IQ,GLOBAL,Create professional presentations and draft workplace correspondence,42.0,2501.0,0.01679328268692523,33923.0,969007.0,0.03500800303816175,0.4796983897830191,0.3553456663119075,0.6475681764989922,False
claude_ai,IQ,GLOBAL,Develop and debug automated trading bots and blockchain financial software,31.0,2501.0,0.012395041983206718,16408.0,969007.0,0.016932798215079974,0.7320138010129932,0.5157554216553176,1.0389502123965997,True
claude_ai,IQ,GLOBAL,"Develop, deploy, and debug machine learning and AI systems",34.0,2501.0,0.013594562175129948,22503.0,969007.0,0.023222742456968835,0.585398653941081,0.419137419490694,0.817611523333908,False
claude_ai,IQ,GLOBAL,"Extract and structure data from documents, images, and online sources",124.0,2501.0,0.04958016793282687,19876.0,969007.0,0.020511719729578836,2.417162899380397,2.0349055452031655,2.8712273628197886,False
claude_ai,IQ,GLOBAL,"Get help with daily life tasks, personal information, and household management",152.0,2501.0,0.060775689724110356,57079.0,969007.0,0.05890463123589407,1.0317642000121061,0.8842587407219571,1.2038754217543555,False
claude_ai,IQ,GLOBAL,"Provide financial information, tax guidance, and consumer purchase assistance",78.0,2501.0,0.031187524990004,43132.0,969007.0,0.044511546356218276,0.7006614584992303,0.563063212327606,0.8718851963296687,True
claude_ai,IQ,GLOBAL,"Provide health, fitness, medical, and mental health information and clinical documentation assistance",213.0,2501.0,0.08516593362654938,41942.0,969007.0,0.04328348505222356,1.9676311536326772,1.7298569713582,2.238088131474875,False
claude_ai,IQ,GLOBAL,"Provide technical support across IT infrastructure, security, and engineering systems",117.0,2501.0,0.046781287485006,79058.0,969007.0,0.0815866139253896,0.5733941541903819,0.4803593201376835,0.6844477504162222,False
claude_ai,IT,GLOBAL,"Analyze political media, misinformation, and criminal investigations",72.0,16968.0,0.004243281471004243,3717.0,954540.0,0.0038940222515557233,1.0896911206167312,0.8634443500812798,1.3752209256325203,False
claude_ai,IT,GLOBAL,"Assist with SQL databases, data analysis, and visualization tasks",445.0,16968.0,0.026225836869401227,26146.0,954540.0,0.027391204140214134,0.9574546900221161,0.8728955613785322,1.0502052295896713,False
claude_ai,IT,GLOBAL,"Assist with academic research, scientific writing, and educational content creation",1280.0,16968.0,0.07543611504007544,71159.0,954540.0,0.07454794979780836,1.0119140129899749,0.9595361082280199,1.0671510544573934,False
claude_ai,IT,GLOBAL,"Assist with business development, analysis, research, and strategic planning",561.0,16968.0,0.03306223479490806,42488.0,954540.0,0.0445114924466235,0.7427797401885601,0.684369949888149,0.8061747049600239,True
claude_ai,IT,GLOBAL,"Assist with civic information, government services, and institutional research",208.0,16968.0,0.012258368694012258,11295.0,954540.0,0.011832924759570054,1.0359542499497532,0.9039497335987388,1.1872354934122336,False
claude_ai,IT,GLOBAL,"Assist with creative content, marketing, and media production projects",1352.0,16968.0,0.07967939651107968,73011.0,954540.0,0.07648815136086493,1.0417220849691964,0.9893224388610647,1.0968970880331639,False
claude_ai,IT,GLOBAL,"Assist with game development, gaming software, and tabletop RPG content",183.0,16968.0,0.010785007072135784,10470.0,954540.0,0.010968634106480609,0.9832588969089294,0.8502367501709466,1.1370927664043957,False
claude_ai,IT,GLOBAL,"Assist with job applications, career transitions, and interview preparation",392.0,16968.0,0.0231023102310231,34178.0,954540.0,0.03580572841368617,0.6452126867552458,0.5847491747560761,0.7119281721493309,False
claude_ai,IT,GLOBAL,"Assist with mathematics, physics, and STEM homework and assignments",1498.0,16968.0,0.08828382838283828,68386.0,954540.0,0.07164288557839378,1.2322762779597352,1.1734792709659652,1.294019300377007,False
claude_ai,IT,GLOBAL,"Assist with software development, debugging, and programming across multiple platforms",2580.0,16968.0,0.15205091937765206,165810.0,954540.0,0.17370670689546797,0.8753313104320849,0.8445476393894324,0.9072370429886946,False
claude_ai,IT,GLOBAL,"Assist with translation, writing, editing, and document formatting tasks",1519.0,16968.0,0.08952145214521452,74887.0,954540.0,0.07845349592473862,1.141076647892065,1.0870813447791468,1.1977538963554928,False
claude_ai,IT,GLOBAL,Build and manage subscription-based e-commerce operations,316.0,16968.0,0.018623290900518622,7416.0,954540.0,0.007769187252498586,2.397070671006074,2.1440408476819606,2.679961908379575,False
claude_ai,IT,GLOBAL,"Create prediction tools for sports analysis, gaming, and divination readings",100.0,16968.0,0.005893446487505893,7956.0,954540.0,0.008334904770884406,0.7070802426073247,0.5808550609187222,0.8607353247380792,False
claude_ai,IT,GLOBAL,Create professional presentations and draft workplace correspondence,683.0,16968.0,0.04025223950966525,33282.0,954540.0,0.034867056383179336,1.1544490325568133,1.0718611710982897,1.2434003625728398,False
claude_ai,IT,GLOBAL,Develop and debug automated trading bots and blockchain financial software,230.0,16968.0,0.013554926921263555,16209.0,954540.0,0.01698095417688101,0.7982429479562536,0.7014495516223346,0.9083929164801274,True
claude_ai,IT,GLOBAL,"Develop, deploy, and debug machine learning and AI systems",331.0,16968.0,0.01950730787364451,22206.0,954540.0,0.02326356150606575,0.8385348850629842,0.7530952467602678,0.9336677618036041,False
claude_ai,IT,GLOBAL,"Extract and structure data from documents, images, and online sources",407.0,16968.0,0.023986327204148988,19593.0,954540.0,0.02052611729209881,1.168575959243014,1.0605729337724998,1.2875774301191572,False
claude_ai,IT,GLOBAL,"Get help with daily life tasks, personal information, and household management",1023.0,16968.0,0.06028995756718529,56208.0,954540.0,0.058884907913759506,1.0238609467723643,0.9642910073290348,1.0871108725043879,False
claude_ai,IT,GLOBAL,"Implement and troubleshoot authentication, authorization, and security systems for web applications",146.0,16968.0,0.008604431871758604,10898.0,954540.0,0.011417017621053073,0.753649697088315,0.6405588860047208,0.886706715543281,False
claude_ai,IT,GLOBAL,Provide entertainment recommendations and sports information including schedules and results,133.0,16968.0,0.007838283828382838,13438.0,954540.0,0.014077985207534519,0.5567759670743082,0.4696775243340045,0.6600262125617052,False
claude_ai,IT,GLOBAL,"Provide financial information, tax guidance, and consumer purchase assistance",730.0,16968.0,0.04302215935879302,42480.0,954540.0,0.04450311144635112,0.9667225045749127,0.8999507541839782,1.0384483778770635,True
claude_ai,IT,GLOBAL,"Provide health, fitness, medical, and mental health information and clinical documentation assistance",852.0,16968.0,0.05021216407355021,41303.0,954540.0,0.04327005678127684,1.1604367502304098,1.0861931921626904,1.239755009515488,False
claude_ai,IT,GLOBAL,Provide legal services and fraud investigation assistance,440.0,16968.0,0.02593116454502593,20977.0,954540.0,0.021976030339220985,1.1799749156127688,1.0749855930442553,1.2952181038374533,True
claude_ai,IT,GLOBAL,"Provide technical support across IT infrastructure, security, and engineering systems",1411.0,16968.0,0.08315652993870816,77764.0,954540.0,0.08146751314769418,1.020732396580609,0.9705487012334281,1.0735109161499006,False
claude_ai,IT,GLOBAL,"Resolve payment, billing, subscription, and account access issues",76.0,16968.0,0.004479019330504479,3263.0,954540.0,0.003418400486098016,1.3102675794482823,1.044259375151183,1.644037076042253,False
claude_ai,JM,GLOBAL,"Assist with academic research, scientific writing, and educational content creation",33.0,264.0,0.125,72406.0,971244.0,0.0745497526883049,1.676732591221722,1.218491983848629,2.307304618931633,False
claude_ai,JM,GLOBAL,"Assist with mathematics, physics, and STEM homework and assignments",33.0,264.0,0.125,69851.0,971244.0,0.07191910580657383,1.7380638788277907,1.2630579721272364,2.3917081508128852,False
claude_ai,JM,GLOBAL,"Assist with software development, debugging, and programming across multiple platforms",54.0,264.0,0.20454545454545456,168336.0,971244.0,0.1733199896215575,1.180160782331441,0.9302760916676066,1.4971678672903137,False
claude_ai,JM,GLOBAL,"Assist with translation, writing, editing, and document formatting tasks",33.0,264.0,0.125,76373.0,971244.0,0.07863420520487129,1.589639008550142,1.155205522967957,2.1874481443025187,False
claude_ai,JO,GLOBAL,"Assist with SQL databases, data analysis, and visualization tasks",30.0,607.0,0.04942339373970346,26561.0,970901.0,0.027357063181519023,1.8066045105708304,1.2742492568151793,2.5613668912567107,False
claude_ai,JO,GLOBAL,"Assist with academic research, scientific writing, and educational content creation",33.0,607.0,0.054365733113673806,72406.0,970901.0,0.0745760896322076,0.7289968323868051,0.5231181682110125,1.0159012130039953,False
claude_ai,JO,GLOBAL,"Assist with business development, analysis, research, and strategic planning",30.0,607.0,0.04942339373970346,43019.0,970901.0,0.044308328037565105,1.1154425348165191,0.786815529392105,1.5813262473850533,True
claude_ai,JO,GLOBAL,"Assist with creative content, marketing, and media production projects",61.0,607.0,0.10049423393739704,74302.0,970901.0,0.0765289148945155,1.3131537808410638,1.0349183821800916,1.6661921189424902,False
claude_ai,JO,GLOBAL,"Assist with mathematics, physics, and STEM homework and assignments",43.0,607.0,0.07084019769357495,69841.0,970901.0,0.07193421368399044,0.984791437420564,0.7382079210049678,1.3137412206260166,False
claude_ai,JO,GLOBAL,"Assist with software development, debugging, and programming across multiple platforms",152.0,607.0,0.2504118616144975,168238.0,970901.0,0.17328028295366882,1.4451261121350543,1.259214013696896,1.6584865298975873,False
claude_ai,JO,GLOBAL,"Assist with translation, writing, editing, and document formatting tasks",55.0,607.0,0.09060955518945635,76351.0,970901.0,0.07863932573969952,1.1522168372778137,0.8954464699157595,1.4826164206458752,False
claude_ai,JO,GLOBAL,"Provide technical support across IT infrastructure, security, and engineering systems",64.0,607.0,0.10543657331136738,79111.0,970901.0,0.08148204605824899,1.2939853429305646,1.0262447929644287,1.631577650087203,False
claude_ai,JP,GLOBAL,"Analyze political media, misinformation, and criminal investigations",135.0,28166.0,0.004793012852375204,3654.0,943342.0,0.0038734626466329285,1.237397463104907,1.0425210042911703,1.468701805907037,False
claude_ai,JP,GLOBAL,"Assist with SQL databases, data analysis, and visualization tasks",572.0,28166.0,0.020308172974508272,26019.0,943342.0,0.027581725397575852,0.7362908839739645,0.6783271802605956,0.7992076413846368,False
claude_ai,JP,GLOBAL,"Assist with academic research, scientific writing, and educational content creation",1919.0,28166.0,0.06813179010154087,70520.0,943342.0,0.07475549694596445,0.9113950530057824,0.8723629791845117,0.9521735360891853,False
claude_ai,JP,GLOBAL,"Assist with business development, analysis, research, and strategic planning",1257.0,28166.0,0.04462827522544912,41792.0,943342.0,0.04430206648278143,1.0073632850240626,0.9536052308850983,1.0641518682448834,True
claude_ai,JP,GLOBAL,"Assist with civic information, government services, and institutional research",469.0,28166.0,0.016651281687140525,11034.0,943342.0,0.011696712327024558,1.4235864935028564,1.2989220656785356,1.5602156265049638,False
claude_ai,JP,GLOBAL,"Assist with creative content, marketing, and media production projects",2397.0,28166.0,0.08510260597883973,71966.0,943342.0,0.07628834505407371,1.1155387617665373,1.0729447180015972,1.1598237151690483,False
claude_ai,JP,GLOBAL,"Assist with game development, gaming software, and tabletop RPG content",377.0,28166.0,0.013384932187744088,10276.0,943342.0,0.010893186140339347,1.228743548058669,1.1094868201072055,1.3608189656096317,False
claude_ai,JP,GLOBAL,"Assist with job applications, career transitions, and interview preparation",1148.0,28166.0,0.04075836114464248,33422.0,943342.0,0.03542935647941044,1.1504121213245564,1.085991818885234,1.2186537926675909,False
claude_ai,JP,GLOBAL,"Assist with mathematics, physics, and STEM homework and assignments",1649.0,28166.0,0.058545764396790455,68235.0,943342.0,0.07233325771565349,0.8093892940220869,0.771929636990875,0.8486667668718053,False
claude_ai,JP,GLOBAL,"Assist with software development, debugging, and programming across multiple platforms",4320.0,28166.0,0.15337641127600654,164070.0,943342.0,0.17392419716285293,0.8818578080449232,0.8576895139280217,0.9067071253421665,False
claude_ai,JP,GLOBAL,"Assist with translation, writing, editing, and document formatting tasks",3097.0,28166.0,0.10995526521337783,73309.0,943342.0,0.07771200688615582,1.4149070345649002,1.3676819807724712,1.4637627347627447,False
claude_ai,JP,GLOBAL,Build and manage subscription-based e-commerce operations,267.0,28166.0,0.00947951430803096,7465.0,943342.0,0.007913354859637333,1.1979134610002065,1.060861809912916,1.3526706745747492,False
claude_ai,JP,GLOBAL,"Create prediction tools for sports analysis, gaming, and divination readings",270.0,28166.0,0.009586025704750409,7786.0,943342.0,0.008253634418906398,1.161430857997773,1.0293222631196448,1.3104949598789057,False
claude_ai,JP,GLOBAL,Create professional presentations and draft workplace correspondence,1310.0,28166.0,0.04650997656749272,32655.0,943342.0,0.034616289744334505,1.3435864129576396,1.2730312346090156,1.4180519691952516,False
claude_ai,JP,GLOBAL,Develop and debug automated trading bots and blockchain financial software,394.0,28166.0,0.013988496769154299,16045.0,943342.0,0.017008677658791826,0.8224329398072643,0.7447314825238626,0.9082413679998365,True
claude_ai,JP,GLOBAL,"Develop, deploy, and debug machine learning and AI systems",732.0,28166.0,0.02598878079954555,21805.0,943342.0,0.023114628628853585,1.12434342843407,1.0455148781827273,1.2091154047087034,False
claude_ai,JP,GLOBAL,"Extract and structure data from documents, images, and online sources",490.0,28166.0,0.017396861464176665,19510.0,943342.0,0.020681788789219606,0.8411681233900227,0.7696452013127045,0.9193376514277927,False
claude_ai,JP,GLOBAL,"Get help with daily life tasks, personal information, and household management",1690.0,28166.0,0.06000142015195626,55541.0,943342.0,0.058876844241006976,1.0191004787271876,0.9723850550290505,1.0680602096573308,False
claude_ai,JP,GLOBAL,"Implement and troubleshoot authentication, authorization, and security systems for web applications",228.0,28166.0,0.008094866150678122,10816.0,943342.0,0.011465619043782637,0.7060121324253884,0.6195564390928513,0.8045322422307071,False
claude_ai,JP,GLOBAL,Provide entertainment recommendations and sports information including schedules and results,159.0,28166.0,0.005645104026130796,13412.0,943342.0,0.014217537224039638,0.3970521713553741,0.33973324979459696,0.46404179418215,False
claude_ai,JP,GLOBAL,"Provide financial information, tax guidance, and consumer purchase assistance",1322.0,28166.0,0.04693602215437052,41888.0,943342.0,0.04440383233228246,1.0570263801362727,1.0020093869663396,1.115064172888358,True
claude_ai,JP,GLOBAL,"Provide health, fitness, medical, and mental health information and clinical documentation assistance",1264.0,28166.0,0.04487680181779451,40891.0,943342.0,0.04334695158277698,1.0352931447115967,0.9801779151867585,1.0935074937722968,False
claude_ai,JP,GLOBAL,Provide legal services and fraud investigation assistance,433.0,28166.0,0.015373144926507137,20984.0,943342.0,0.022244318603433327,0.6911043309788932,0.628837764106337,0.7595364393812342,True
claude_ai,JP,GLOBAL,"Provide technical support across IT infrastructure, security, and engineering systems",2163.0,28166.0,0.07679471703472271,77012.0,943342.0,0.08163741251847156,0.9406804388532877,0.9028432894513538,0.9801033007388733,False
claude_ai,JP,GLOBAL,"Resolve payment, billing, subscription, and account access issues",104.0,28166.0,0.0036923950862742315,3235.0,943342.0,0.0034292971159982275,1.076720669389832,0.8860528224577507,1.3084179300682353,False
claude_ai,KE,GLOBAL,"Assist with SQL databases, data analysis, and visualization tasks",77.0,3250.0,0.023692307692307693,26514.0,968258.0,0.02738319745357126,0.8652133386715872,0.6936421556032565,1.0792223560348444,False
claude_ai,KE,GLOBAL,"Assist with academic research, scientific writing, and educational content creation",366.0,3250.0,0.11261538461538462,72073.0,968258.0,0.07443573923479073,1.5129208868358897,1.3733830536152085,1.666635978796344,False
claude_ai,KE,GLOBAL,"Assist with business development, analysis, research, and strategic planning",161.0,3250.0,0.04953846153846154,42888.0,968258.0,0.044293979497200126,1.118401690270185,0.9617715778338736,1.300539930298565,True
claude_ai,KE,GLOBAL,"Assist with civic information, government services, and institutional research",42.0,3250.0,0.012923076923076923,11461.0,968258.0,0.011836721204472362,1.0917784325438107,0.8079810104223674,1.475257624117576,False
claude_ai,KE,GLOBAL,"Assist with creative content, marketing, and media production projects",263.0,3250.0,0.08092307692307692,74100.0,968258.0,0.0765291895341944,1.0574145292224644,0.9415337269949905,1.1875575505716485,False
claude_ai,KE,GLOBAL,"Assist with job applications, career transitions, and interview preparation",162.0,3250.0,0.049846153846153846,34408.0,968258.0,0.03553598317803726,1.4026952229356322,1.2067516460070586,1.6304546962556485,False
claude_ai,KE,GLOBAL,"Assist with mathematics, physics, and STEM homework and assignments",336.0,3250.0,0.10338461538461538,69548.0,968258.0,0.0718279632081532,1.4393365865744079,1.3004114559386462,1.593103321253278,False
claude_ai,KE,GLOBAL,"Assist with software development, debugging, and programming across multiple platforms",521.0,3250.0,0.16030769230769232,167869.0,968258.0,0.17337217972895655,0.9246448453166549,0.8545744536557919,1.0004606226095163,False
claude_ai,KE,GLOBAL,"Assist with translation, writing, editing, and document formatting tasks",187.0,3250.0,0.05753846153846154,76219.0,968258.0,0.07871765583140031,0.7309473450492356,0.6358926978007515,0.8402109712571932,False
claude_ai,KE,GLOBAL,Create professional presentations and draft workplace correspondence,119.0,3250.0,0.03661538461538461,33846.0,968258.0,0.034955559365375755,1.047483870381229,0.8778564961910602,1.2498881804367665,False
claude_ai,KE,GLOBAL,Develop and debug automated trading bots and blockchain financial software,109.0,3250.0,0.03353846153846154,16330.0,968258.0,0.016865339609897362,1.9886027980592587,1.6524314590217213,2.3931649732632754,True
claude_ai,KE,GLOBAL,"Develop, deploy, and debug machine learning and AI systems",42.0,3250.0,0.012923076923076923,22495.0,968258.0,0.02323244424523216,0.5562512831911365,0.41177153740855543,0.7514251519157018,False
claude_ai,KE,GLOBAL,"Extract and structure data from documents, images, and online sources",95.0,3250.0,0.02923076923076923,19905.0,968258.0,0.02055753735058218,1.4219003342801384,1.1657758791697344,1.7342960999209347,False
claude_ai,KE,GLOBAL,"Get help with daily life tasks, personal information, and household management",180.0,3250.0,0.055384615384615386,57051.0,968258.0,0.05892127924582084,0.9399764583105805,0.8153726649764055,1.0836219806358975,False
claude_ai,KE,GLOBAL,"Implement and troubleshoot authentication, authorization, and security systems for web applications",31.0,3250.0,0.009538461538461539,11013.0,968258.0,0.011374034606478851,0.8386172425594927,0.5904701579611791,1.1910489802675592,False
claude_ai,KE,GLOBAL,"Provide financial information, tax guidance, and consumer purchase assistance",94.0,3250.0,0.028923076923076923,43116.0,968258.0,0.04452945392653611,0.6495268720517816,0.5320923498245305,0.7928795774953308,True
claude_ai,KE,GLOBAL,"Provide health, fitness, medical, and mental health information and clinical documentation assistance",124.0,3250.0,0.038153846153846156,42031.0,968258.0,0.04340888482202058,0.8789409428571952,0.739402108104839,1.0448133330465945,False
claude_ai,KE,GLOBAL,Provide legal services and fraud investigation assistance,64.0,3250.0,0.019692307692307693,21353.0,968258.0,0.022053006533382633,0.8929534239469142,0.7003612983746521,1.1385063954690051,True
claude_ai,KE,GLOBAL,"Provide technical support across IT infrastructure, security, and engineering systems",214.0,3250.0,0.06584615384615385,78961.0,968258.0,0.08154954567894095,0.8074374087305027,0.7092418035081014,0.9192283446811549,False
claude_ai,KG,GLOBAL,"Assist with academic research, scientific writing, and educational content creation",36.0,327.0,0.11009174311926606,72403.0,971181.0,0.07455149966895976,1.4767207045883723,1.085003698464386,2.0098586230133093,False
claude_ai,KG,GLOBAL,"Assist with mathematics, physics, and STEM homework and assignments",66.0,327.0,0.2018348623853211,69818.0,971181.0,0.07188979191314493,2.8075594185774233,2.2629196256676796,3.4832831884239286,False
claude_ai,KG,GLOBAL,"Assist with software development, debugging, and programming across multiple platforms",72.0,327.0,0.22018348623853212,168318.0,971181.0,0.17331269866276214,1.2704405847777651,1.0359700575335877,1.5579786961151054,False
claude_ai,KG,GLOBAL,"Assist with translation, writing, editing, and document formatting tasks",48.0,327.0,0.14678899082568808,76358.0,971181.0,0.07862386105164743,1.866977643456908,1.4375174141711682,2.424739684407657,False
claude_ai,KG,GLOBAL,"Provide technical support across IT infrastructure, security, and engineering systems",42.0,327.0,0.12844036697247707,79133.0,971181.0,0.08148120690170009,1.576318906609092,1.188471999786304,2.090736084468179,False
claude_ai,KH,GLOBAL,"Assist with creative content, marketing, and media production projects",46.0,354.0,0.12994350282485875,74317.0,971154.0,0.0765244235208834,1.6980657526860998,1.2967279275627723,2.223617799197765,False
claude_ai,KH,GLOBAL,"Assist with software development, debugging, and programming across multiple platforms",115.0,354.0,0.3248587570621469,168275.0,971154.0,0.17327323987750656,1.8748351291393979,1.6132980115040407,2.1787709005964637,False
claude_ai,KH,GLOBAL,"Assist with translation, writing, editing, and document formatting tasks",49.0,354.0,0.1384180790960452,76357.0,971154.0,0.07862501724752202,1.7604839266398715,1.3574385998216207,2.283199885699888,False
claude_ai,KH,GLOBAL,"Provide technical support across IT infrastructure, security, and engineering systems",46.0,354.0,0.12994350282485875,79129.0,971154.0,0.08147935342901332,1.5948028225097357,1.217878288998751,2.088382776554799,False
claude_ai,KR,GLOBAL,"Analyze political media, misinformation, and criminal investigations",74.0,28120.0,0.002631578947368421,3715.0,943388.0,0.0039379343387874344,0.6682637954239569,0.5310655545966485,0.8409065442280719,False
claude_ai,KR,GLOBAL,"Assist with SQL databases, data analysis, and visualization tasks",641.0,28120.0,0.02279516358463727,25950.0,943388.0,0.027507239863131607,0.8286968702806853,0.7669269968734845,0.8954418159911121,False
claude_ai,KR,GLOBAL,"Assist with academic research, scientific writing, and educational content creation",2305.0,28120.0,0.0819701280227596,70134.0,943388.0,0.0743426882682417,1.1025983850220313,1.0596209123680886,1.1473189934844137,False
claude_ai,KR,GLOBAL,"Assist with business development, analysis, research, and strategic planning",1412.0,28120.0,0.050213371266002844,41637.0,943388.0,0.0441356048624744,1.1377066525420154,1.0803884440181066,1.1980657831033459,True
claude_ai,KR,GLOBAL,"Assist with civic information, government services, and institutional research",335.0,28120.0,0.011913229018492176,11168.0,943388.0,0.011838183228957756,1.0063392995430962,0.9032896654658128,1.1211451038606157,False
claude_ai,KR,GLOBAL,"Assist with creative content, marketing, and media production projects",3214.0,28120.0,0.11429587482219061,71149.0,943388.0,0.0754185976501715,1.5154866091829367,1.4658587817469595,1.5667946266117587,False
claude_ai,KR,GLOBAL,"Assist with game development, gaming software, and tabletop RPG content",277.0,28120.0,0.009850640113798008,10376.0,943388.0,0.01099865590827952,0.895622173831503,0.7953506095977714,1.0085351901148711,False
claude_ai,KR,GLOBAL,"Assist with job applications, career transitions, and interview preparation",800.0,28120.0,0.02844950213371266,33770.0,943388.0,0.03579651214558591,0.7947562605543063,0.7416916476936127,0.8516174014557449,False
claude_ai,KR,GLOBAL,"Assist with mathematics, physics, and STEM homework and assignments",1581.0,28120.0,0.056223328591749645,68303.0,943388.0,0.07240181134379492,0.7765458839804037,0.739834331003883,0.8150791125205863,False
claude_ai,KR,GLOBAL,"Assist with software development, debugging, and programming across multiple platforms",4305.0,28120.0,0.15309388335704124,164085.0,943388.0,0.17393161668369747,0.8801958279698475,0.8560288646160863,0.9050450605108796,False
claude_ai,KR,GLOBAL,"Assist with translation, writing, editing, and document formatting tasks",2820.0,28120.0,0.10028449502133713,73586.0,943388.0,0.07800184017604633,1.2856683226318755,1.240591777415408,1.3323827111467124,False
claude_ai,KR,GLOBAL,Build and manage subscription-based e-commerce operations,269.0,28120.0,0.009566145092460883,7463.0,943388.0,0.007910848982603129,1.2092438009495492,1.071368632437046,1.3648622200266225,False
claude_ai,KR,GLOBAL,"Create prediction tools for sports analysis, gaming, and divination readings",304.0,28120.0,0.010810810810810811,7752.0,943388.0,0.008217191653911222,1.3156332803391626,1.1739063103147584,1.474471099718242,False
claude_ai,KR,GLOBAL,Create professional presentations and draft workplace correspondence,847.0,28120.0,0.030120910384068278,33118.0,943388.0,0.03510538611896696,0.8580139321639412,0.8022798532806852,0.9176198364909781,False
claude_ai,KR,GLOBAL,Develop and debug automated trading bots and blockchain financial software,532.0,28120.0,0.01891891891891892,15907.0,943388.0,0.016861567032864528,1.122014275544168,1.0299987675185478,1.2222500397334057,True
claude_ai,KR,GLOBAL,"Develop, deploy, and debug machine learning and AI systems",850.0,28120.0,0.030227596017069702,21687.0,943388.0,0.022988420459026403,1.3149053050837531,1.229080886382919,1.4067226823660302,False
claude_ai,KR,GLOBAL,"Extract and structure data from documents, images, and online sources",604.0,28120.0,0.021479374110953058,19396.0,943388.0,0.020559939282670546,1.0447197248805826,0.9642916112928166,1.1318560596947203,False
claude_ai,KR,GLOBAL,"Get help with daily life tasks, personal information, and household management",1405.0,28120.0,0.04996443812233286,55826.0,943388.0,0.059176076015382856,0.8443351010524012,0.8018739076493907,0.8890447189620688,False
claude_ai,KR,GLOBAL,"Implement and troubleshoot authentication, authorization, and security systems for web applications",218.0,28120.0,0.0077524893314367,10826.0,943388.0,0.011475660067755791,0.6755593391285244,0.5911021421993917,0.7720838550604027,False
claude_ai,KR,GLOBAL,Provide entertainment recommendations and sports information including schedules and results,99.0,28120.0,0.003520625889046942,13472.0,943388.0,0.014280444525476263,0.24653475476664313,0.20238042383058735,0.30032245292028487,False
claude_ai,KR,GLOBAL,"Provide financial information, tax guidance, and consumer purchase assistance",1410.0,28120.0,0.050142247510668564,41800.0,943388.0,0.04430838636912914,1.131664942454416,1.0746147573123597,1.1917438628735526,True
claude_ai,KR,GLOBAL,"Provide health, fitness, medical, and mental health information and clinical documentation assistance",1020.0,28120.0,0.03627311522048364,41135.0,943388.0,0.043603480222347536,0.8318857814907408,0.7826704499950211,0.884195836767394,False
claude_ai,KR,GLOBAL,Provide legal services and fraud investigation assistance,545.0,28120.0,0.01938122332859175,20872.0,943388.0,0.022124512925752713,0.8760067800648483,0.8052548195153337,0.9529752075019663,True
claude_ai,KR,GLOBAL,"Provide technical support across IT infrastructure, security, and engineering systems",2178.0,28120.0,0.07745376955903271,76997.0,943388.0,0.08161753170487647,0.9489844637681566,0.910951615100275,0.9886052097006308,False
claude_ai,KR,GLOBAL,"Resolve payment, billing, subscription, and account access issues",75.0,28120.0,0.0026671408250355617,3264.0,943388.0,0.003459870170067883,0.7708788751987281,0.613347728083791,0.9688700438888291,False
claude_ai,KW,GLOBAL,"Assist with academic research, scientific writing, and educational content creation",35.0,347.0,0.10086455331412104,72404.0,971161.0,0.07455406467104836,1.3529048182572112,0.9880990161528725,1.8523967915583848,False
claude_ai,KW,GLOBAL,"Assist with creative content, marketing, and media production projects",31.0,347.0,0.0893371757925072,74332.0,971161.0,0.07653931737374133,1.1672063307838763,0.8341083766289324,1.6333256646192795,False
claude_ai,KW,GLOBAL,"Assist with mathematics, physics, and STEM homework and assignments",36.0,347.0,0.1037463976945245,69848.0,971161.0,0.0719221632664409,1.4424816076539357,1.0586821999933205,1.9654181287198473,False
claude_ai,KW,GLOBAL,"Assist with software development, debugging, and programming across multiple platforms",64.0,347.0,0.1844380403458213,168326.0,971161.0,0.1733245054115641,1.0641198133401149,0.8528680867770992,1.3276976764625332,False
claude_ai,KW,GLOBAL,"Assist with translation, writing, editing, and document formatting tasks",43.0,347.0,0.1239193083573487,76363.0,971161.0,0.07863062870111134,1.5759674112283584,1.1912714148269123,2.0848928718856925,False
claude_ai,KW,GLOBAL,"Get help with daily life tasks, personal information, and household management",33.0,347.0,0.09510086455331412,57198.0,971161.0,0.05889651664348136,1.6147111913084564,1.1670691655056566,2.2340511671449326,False
claude_ai,KZ,GLOBAL,"Assist with SQL databases, data analysis, and visualization tasks",45.0,1932.0,0.023291925465838508,26546.0,969576.0,0.02737897802750893,0.8507229686380562,0.6372016269943142,1.1357936620190159,False
claude_ai,KZ,GLOBAL,"Assist with academic research, scientific writing, and educational content creation",154.0,1932.0,0.07971014492753623,72285.0,969576.0,0.07455320676254362,1.0691712454625562,0.9187012953821229,1.244285991398851,False
claude_ai,KZ,GLOBAL,"Assist with business development, analysis, research, and strategic planning",52.0,1932.0,0.026915113871635612,42997.0,969576.0,0.044346188437007515,0.6069318428542683,0.4641171409969635,0.7936924309220639,True
claude_ai,KZ,GLOBAL,"Assist with creative content, marketing, and media production projects",131.0,1932.0,0.06780538302277432,74232.0,969576.0,0.07656130102230253,0.8856351984277594,0.7505620113088021,1.045016524785816,False
claude_ai,KZ,GLOBAL,"Assist with game development, gaming software, and tabletop RPG content",47.0,1932.0,0.024327122153209108,10606.0,969576.0,0.010938802115563917,2.223929265398819,1.6757243427149817,2.9514767145317746,False
claude_ai,KZ,GLOBAL,"Assist with job applications, career transitions, and interview preparation",41.0,1932.0,0.021221532091097308,34529.0,969576.0,0.03561247390611979,0.5959016536464352,0.4401270120099797,0.8068097870132641,False
claude_ai,KZ,GLOBAL,"Assist with mathematics, physics, and STEM homework and assignments",251.0,1932.0,0.12991718426501034,69633.0,969576.0,0.0718179905443204,1.808978269655647,1.611462594634147,2.0307032822125652,False
claude_ai,KZ,GLOBAL,"Assist with software development, debugging, and programming across multiple platforms",304.0,1932.0,0.15734989648033126,168086.0,969576.0,0.17336031419919634,0.9076465810942831,0.8185809660635038,1.006402970904445,False
claude_ai,KZ,GLOBAL,"Assist with translation, writing, editing, and document formatting tasks",210.0,1932.0,0.10869565217391304,76196.0,969576.0,0.07858692871935774,1.3831263537741338,1.2171035361238447,1.5717960335544303,False
claude_ai,KZ,GLOBAL,Create professional presentations and draft workplace correspondence,55.0,1932.0,0.028467908902691512,33910.0,969576.0,0.034974050512801474,0.8139723161968748,0.6271710146559794,1.056411913261541,False
claude_ai,KZ,GLOBAL,"Develop, deploy, and debug machine learning and AI systems",68.0,1932.0,0.035196687370600416,22469.0,969576.0,0.023174047212389744,1.5187976035443176,1.2021324019617077,1.9188786166712446,False
claude_ai,KZ,GLOBAL,"Extract and structure data from documents, images, and online sources",61.0,1932.0,0.03157349896480331,19939.0,969576.0,0.020564659191234107,1.5353280922964108,1.1988988933563094,1.9661644230861537,False
claude_ai,KZ,GLOBAL,"Get help with daily life tasks, personal information, and household management",106.0,1932.0,0.054865424430641824,57125.0,969576.0,0.05891750620889956,0.9312244859127173,0.7737536450988385,1.1207430797339017,False
claude_ai,KZ,GLOBAL,"Provide financial information, tax guidance, and consumer purchase assistance",64.0,1932.0,0.033126293995859216,43146.0,969576.0,0.04449986385801629,0.7444133784668149,0.5849416714968405,0.9473616003837239,True
claude_ai,KZ,GLOBAL,"Provide health, fitness, medical, and mental health information and clinical documentation assistance",72.0,1932.0,0.037267080745341616,42083.0,969576.0,0.043403508337665125,0.8586190880104874,0.6843637680836032,1.077243963923438,False
claude_ai,KZ,GLOBAL,"Provide technical support across IT infrastructure, security, and engineering systems",162.0,1932.0,0.08385093167701864,79013.0,969576.0,0.08149232241722155,1.0289427174221586,0.8877951523338226,1.1925308591209816,False
claude_ai,LB,GLOBAL,"Assist with academic research, scientific writing, and educational content creation",55.0,651.0,0.08448540706605223,72384.0,970857.0,0.07455680908722911,1.1331682256842157,0.8798925333919082,1.459348930658993,False
claude_ai,LB,GLOBAL,"Assist with creative content, marketing, and media production projects",46.0,651.0,0.0706605222734255,74317.0,970857.0,0.07654783351204142,0.9230897731718323,0.6985813151682715,1.2197502435764054,False
claude_ai,LB,GLOBAL,"Assist with mathematics, physics, and STEM homework and assignments",60.0,651.0,0.09216589861751152,69824.0,970857.0,0.07191996349616885,1.2815064710429278,1.0068613803596163,1.6310674610822196,False
claude_ai,LB,GLOBAL,"Assist with software development, debugging, and programming across multiple platforms",154.0,651.0,0.23655913978494625,168236.0,970857.0,0.17328607611625604,1.3651364557775598,1.1890856343957672,1.5672525922322684,False
claude_ai,LB,GLOBAL,"Assist with translation, writing, editing, and document formatting tasks",47.0,651.0,0.07219662058371736,76359.0,970857.0,0.07865112987803559,0.9179349450627442,0.6969130458822832,1.2090526477383077,False
claude_ai,LB,GLOBAL,"Get help with daily life tasks, personal information, and household management",30.0,651.0,0.04608294930875576,57201.0,970857.0,0.0589180486930619,0.782153352512206,0.5513983714735675,1.1094771013037157,False
claude_ai,LB,GLOBAL,"Provide health, fitness, medical, and mental health information and clinical documentation assistance",37.0,651.0,0.05683563748079877,42118.0,970857.0,0.04338229007979548,1.3101115080890795,0.9579512848578832,1.7917322005388587,False
claude_ai,LB,GLOBAL,"Provide technical support across IT infrastructure, security, and engineering systems",65.0,651.0,0.09984639016897082,79110.0,970857.0,0.08148470887061637,1.2253389814217734,0.9728441347527926,1.5433670880621395,False
claude_ai,LK,GLOBAL,"Assist with SQL databases, data analysis, and visualization tasks",100.0,2344.0,0.042662116040955635,26491.0,969164.0,0.02733386712671952,1.560778642962392,1.287939789867876,1.8914160362864691,False
claude_ai,LK,GLOBAL,"Assist with academic research, scientific writing, and educational content creation",206.0,2344.0,0.0878839590443686,72233.0,969164.0,0.07453124548580013,1.1791559160394343,1.0347804759042363,1.3436750177527246,False
claude_ai,LK,GLOBAL,"Assist with business development, analysis, research, and strategic planning",63.0,2344.0,0.02687713310580205,42986.0,969164.0,0.0443536903970845,0.6059728709196375,0.47488101140187283,0.7732529022514195,True
claude_ai,LK,GLOBAL,"Assist with creative content, marketing, and media production projects",188.0,2344.0,0.08020477815699659,74175.0,969164.0,0.07653503431823716,1.0479485489416573,0.9135335486896979,1.2021410300739288,False
claude_ai,LK,GLOBAL,"Assist with job applications, career transitions, and interview preparation",83.0,2344.0,0.035409556313993173,34487.0,969164.0,0.03558427675811318,0.9950899537650383,0.8053560074418242,1.229523349840579,False
claude_ai,LK,GLOBAL,"Assist with mathematics, physics, and STEM homework and assignments",181.0,2344.0,0.07721843003412969,69703.0,969164.0,0.0719207481912246,1.0736599934808726,0.933273375466528,1.2351641136500962,False
claude_ai,LK,GLOBAL,"Assist with software development, debugging, and programming across multiple platforms",581.0,2344.0,0.24786689419795221,167809.0,969164.0,0.17314819782823135,1.431530315111014,1.333876608451177,1.5363332935730443,False
claude_ai,LK,GLOBAL,"Assist with translation, writing, editing, and document formatting tasks",180.0,2344.0,0.07679180887372014,76226.0,969164.0,0.07865129121593456,0.9763578917336618,0.8483518055016458,1.1236785571369323,False
claude_ai,LK,GLOBAL,Create professional presentations and draft workplace correspondence,77.0,2344.0,0.03284982935153584,33888.0,969164.0,0.03496621830773739,0.9394733242933156,0.7540111621503902,1.1705531315233948,False
claude_ai,LK,GLOBAL,Develop and debug automated trading bots and blockchain financial software,45.0,2344.0,0.019197952218430035,16394.0,969164.0,0.01691560974200445,1.134925226535472,0.849427785608994,1.5163799579538428,True
claude_ai,LK,GLOBAL,"Develop, deploy, and debug machine learning and AI systems",69.0,2344.0,0.029436860068259386,22468.0,969164.0,0.023182866883210685,1.2697678943917812,1.0060358760800125,1.602637186171188,False
claude_ai,LK,GLOBAL,"Extract and structure data from documents, images, and online sources",58.0,2344.0,0.024744027303754267,19942.0,969164.0,0.020576496857085076,1.202538385207888,0.9323072425438891,1.5510965719332792,False
claude_ai,LK,GLOBAL,"Get help with daily life tasks, personal information, and household management",78.0,2344.0,0.033276450511945395,57153.0,969164.0,0.05897144342959499,0.5642807531356018,0.453594862716717,0.7019761345007557,False
claude_ai,LK,GLOBAL,"Implement and troubleshoot authentication, authorization, and security systems for web applications",38.0,2344.0,0.016211604095563138,11006.0,969164.0,0.0113561791399598,1.4275579748929996,1.0408653688068885,1.9579110159238062,False
claude_ai,LK,GLOBAL,"Provide financial information, tax guidance, and consumer purchase assistance",58.0,2344.0,0.024744027303754267,43152.0,969164.0,0.04452497203775625,0.5557336966494183,0.43093847766627896,0.7166682893208598,True
claude_ai,LK,GLOBAL,"Provide health, fitness, medical, and mental health information and clinical documentation assistance",72.0,2344.0,0.030716723549488054,42083.0,969164.0,0.04342195954451465,0.707400676332867,0.5634014209734248,0.8882045700410149,False
claude_ai,LK,GLOBAL,"Provide technical support across IT infrastructure, security, and engineering systems",210.0,2344.0,0.08959044368600683,78965.0,969164.0,0.0814774382870185,1.0995736435700008,0.9662791296236115,1.251255626420044,False
claude_ai,LT,GLOBAL,"Assist with SQL databases, data analysis, and visualization tasks",31.0,1049.0,0.029551954242135366,26560.0,970459.0,0.02736849264111106,1.0797801190462517,0.7632030224909873,1.5276735955291714,False
claude_ai,LT,GLOBAL,"Assist with academic research, scientific writing, and educational content creation",59.0,1049.0,0.05624404194470925,72380.0,970459.0,0.07458326420796757,0.7541107585192124,0.5884839665502889,0.9663526424484585,False
claude_ai,LT,GLOBAL,"Assist with business development, analysis, research, and strategic planning",43.0,1049.0,0.04099142040038131,43006.0,970459.0,0.044315112745618314,0.9249986711234164,0.6901710903695739,1.2397252703266899,True
claude_ai,LT,GLOBAL,"Assist with creative content, marketing, and media production projects",101.0,1049.0,0.09628217349857007,74262.0,970459.0,0.07652255273020292,1.2582195713992192,1.0451579333269185,1.5147150869464303,False
claude_ai,LT,GLOBAL,"Assist with mathematics, physics, and STEM homework and assignments",73.0,1049.0,0.06959008579599618,69811.0,970459.0,0.07193606324429987,0.9673880201042336,0.7752686264149375,1.2071165394229575,False
claude_ai,LT,GLOBAL,"Assist with software development, debugging, and programming across multiple platforms",191.0,1049.0,0.18207816968541468,168199.0,970459.0,0.17331901708366865,1.0505377468043082,0.9240097950620324,1.1943916215591435,False
claude_ai,LT,GLOBAL,"Assist with translation, writing, editing, and document formatting tasks",88.0,1049.0,0.08388941849380362,76318.0,970459.0,0.07864113785332508,1.0667370893115407,0.8732858353160168,1.3030418812427833,False
claude_ai,LT,GLOBAL,"Get help with daily life tasks, personal information, and household management",76.0,1049.0,0.07244995233555768,57155.0,970459.0,0.05889481163037284,1.2301584864598543,0.9905123520288001,1.5277849879505583,False
claude_ai,LT,GLOBAL,"Provide financial information, tax guidance, and consumer purchase assistance",58.0,1049.0,0.055290753098188754,43152.0,970459.0,0.04446555701992562,1.243451264389024,0.9680962158381302,1.5971253906535143,True
claude_ai,LT,GLOBAL,"Provide health, fitness, medical, and mental health information and clinical documentation assistance",61.0,1049.0,0.058150619637750235,42094.0,970459.0,0.0433753512513151,1.3406374348608223,1.0506610483061567,1.7106456308128786,False
claude_ai,LT,GLOBAL,"Provide technical support across IT infrastructure, security, and engineering systems",132.0,1049.0,0.12583412774070543,79043.0,970459.0,0.08144908749364992,1.54494214254415,1.3169844509821715,1.8123571785747836,False
claude_ai,LU,GLOBAL,"Assist with academic research, scientific writing, and educational content creation",37.0,438.0,0.08447488584474885,72402.0,971070.0,0.07455899162779202,1.1329939421184536,0.8323286331960617,1.5422697498077467,False
claude_ai,LU,GLOBAL,"Assist with creative content, marketing, and media production projects",33.0,438.0,0.07534246575342465,74330.0,971070.0,0.0765444303706221,0.9842971642563981,0.7089377451368424,1.3666092886282655,False
claude_ai,LU,GLOBAL,"Assist with software development, debugging, and programming across multiple platforms",67.0,438.0,0.15296803652968036,168323.0,971070.0,0.17333765845922539,0.882485882695037,0.707913436904815,1.100108138307244,False
claude_ai,LU,GLOBAL,"Assist with translation, writing, editing, and document formatting tasks",47.0,438.0,0.10730593607305935,76359.0,971070.0,0.07863387809323735,1.3646272913797424,1.0415130211372625,1.7879830655837659,False
claude_ai,LU,GLOBAL,"Get help with daily life tasks, personal information, and household management",35.0,438.0,0.07990867579908675,57196.0,971070.0,0.05889997631478678,1.356684345202797,0.987238416328065,1.8643849166285913,False
claude_ai,LU,GLOBAL,"Provide technical support across IT infrastructure, security, and engineering systems",55.0,438.0,0.12557077625570776,79120.0,971070.0,0.08147713347132544,1.5411781306702494,1.2036039360698696,1.9734315909701057,False
claude_ai,LV,GLOBAL,"Assist with academic research, scientific writing, and educational content creation",34.0,608.0,0.05592105263157895,72405.0,970900.0,0.07457513647131528,0.7498618879911608,0.5408870243819844,1.039575411712163,False
claude_ai,LV,GLOBAL,"Assist with business development, analysis, research, and strategic planning",33.0,608.0,0.054276315789473686,43016.0,970900.0,0.044305283757338554,1.2250528872977497,0.879019426791104,1.7073053574653276,True
claude_ai,LV,GLOBAL,"Assist with creative content, marketing, and media production projects",63.0,608.0,0.10361842105263158,74300.0,970900.0,0.07652693377278813,1.354012449528937,1.0716257322090315,1.710811581297246,False
claude_ai,LV,GLOBAL,"Assist with mathematics, physics, and STEM homework and assignments",49.0,608.0,0.0805921052631579,69835.0,970900.0,0.07192810794108559,1.1204535691272286,0.8565508334917432,1.4656645600964755,False
claude_ai,LV,GLOBAL,"Assist with software development, debugging, and programming across multiple platforms",123.0,608.0,0.20230263157894737,168267.0,970900.0,0.17331033062107323,1.1672854748702954,0.9967843450799501,1.366951022624541,False
claude_ai,LV,GLOBAL,"Assist with translation, writing, editing, and document formatting tasks",57.0,608.0,0.09375,76349.0,970900.0,0.07863734679163663,1.1921816264784084,0.9310441089531875,1.5265625085268282,False
claude_ai,LV,GLOBAL,"Get help with daily life tasks, personal information, and household management",52.0,608.0,0.08552631578947369,57179.0,970900.0,0.058892779894942834,1.4522377096486474,1.1197033993907783,1.8835294833194545,False
claude_ai,LV,GLOBAL,"Provide financial information, tax guidance, and consumer purchase assistance",30.0,608.0,0.049342105263157895,43180.0,970900.0,0.04447419919662169,1.1094546086150996,0.7825804441853066,1.5728600653427809,True
claude_ai,LV,GLOBAL,"Provide health, fitness, medical, and mental health information and clinical documentation assistance",39.0,608.0,0.06414473684210527,42116.0,970900.0,0.04337830878566279,1.4787283930097825,1.0913554380646333,2.0035980799903204,False
claude_ai,LV,GLOBAL,"Provide technical support across IT infrastructure, security, and engineering systems",71.0,608.0,0.11677631578947369,79104.0,970900.0,0.08147492017715521,1.433279290554207,1.1517205326310924,1.7836701409139335,False
claude_ai,MA,GLOBAL,"Assist with SQL databases, data analysis, and visualization tasks",115.0,4209.0,0.0273224043715847,26476.0,967299.0,0.027371061067984148,0.9982223306477379,0.8332454146786314,1.1958635521422158,False
claude_ai,MA,GLOBAL,"Assist with academic research, scientific writing, and educational content creation",351.0,4209.0,0.08339272986457591,72088.0,967299.0,0.07452504344571843,1.1189893492020089,1.012092578666947,1.2371765093631624,False
claude_ai,MA,GLOBAL,"Assist with business development, analysis, research, and strategic planning",111.0,4209.0,0.026372059871703494,42938.0,967299.0,0.04438958377916239,0.5941046891294173,0.49435669050922704,0.7139791741909755,True
claude_ai,MA,GLOBAL,"Assist with civic information, government services, and institutional research",34.0,4209.0,0.008077928248990259,11469.0,967299.0,0.011856726823867285,0.6812949618380005,0.487224276966029,0.9526676870787489,False
claude_ai,MA,GLOBAL,"Assist with creative content, marketing, and media production projects",350.0,4209.0,0.08315514373960561,74013.0,967299.0,0.07651512097086836,1.086780530233564,0.9828144958187081,1.201744506129683,False
claude_ai,MA,GLOBAL,"Assist with game development, gaming software, and tabletop RPG content",45.0,4209.0,0.010691375623663579,10608.0,967299.0,0.010966619421709317,0.974901673208348,0.7285873972353636,1.3044876648029742,False
claude_ai,MA,GLOBAL,"Assist with job applications, career transitions, and interview preparation",115.0,4209.0,0.0273224043715847,34455.0,967299.0,0.035619803183917276,0.7670565789066757,0.6403441574579474,0.9188430758543352,False
claude_ai,MA,GLOBAL,"Assist with mathematics, physics, and STEM homework and assignments",363.0,4209.0,0.08624376336421953,69521.0,967299.0,0.07187126214334968,1.1999756341025902,1.0873065739480663,1.324319706089343,False
claude_ai,MA,GLOBAL,"Assist with software development, debugging, and programming across multiple platforms",840.0,4209.0,0.19957234497505347,167550.0,967299.0,0.17321428017603657,1.1521702758700343,1.0843576956197367,1.2242236578952248,False
claude_ai,MA,GLOBAL,"Assist with translation, writing, editing, and document formatting tasks",465.0,4209.0,0.1104775481111903,75941.0,967299.0,0.07850829991553801,1.4072085146417121,1.2912508468788293,1.5335794810641923,False
claude_ai,MA,GLOBAL,Build and manage subscription-based e-commerce operations,44.0,4209.0,0.010453789498693276,7688.0,967299.0,0.007947904422520854,1.315288778394447,0.9794947428994027,1.7662009756677495,False
claude_ai,MA,GLOBAL,Create professional presentations and draft workplace correspondence,120.0,4209.0,0.02851033499643621,33845.0,967299.0,0.03498918121490873,0.8148328713759122,0.6828799400988836,0.9722830753800895,False
claude_ai,MA,GLOBAL,Develop and debug automated trading bots and blockchain financial software,96.0,4209.0,0.022808267997148968,16343.0,967299.0,0.016895499736896243,1.349961134759481,1.1071012985076158,1.6460960418145234,True
claude_ai,MA,GLOBAL,"Develop, deploy, and debug machine learning and AI systems",103.0,4209.0,0.024471370871941078,22434.0,967299.0,0.023192415168422586,1.0551454298412113,0.8715289117817719,1.2774468672974664,False
claude_ai,MA,GLOBAL,"Extract and structure data from documents, images, and online sources",114.0,4209.0,0.0270848182466144,19886.0,967299.0,0.020558276189678683,1.3174654332259812,1.0986918778744006,1.5798015828635665,False
claude_ai,MA,GLOBAL,"Get help with daily life tasks, personal information, and household management",188.0,4209.0,0.044666191494416724,57043.0,967299.0,0.05897142455435186,0.7574209344942904,0.6585061018560832,0.8711938589379746,False
claude_ai,MA,GLOBAL,"Implement and troubleshoot authentication, authorization, and security systems for web applications",45.0,4209.0,0.010691375623663579,10999.0,967299.0,0.01137083776577873,0.9402451995085149,0.7027026042131306,1.2580870341141788,False
claude_ai,MA,GLOBAL,"Provide financial information, tax guidance, and consumer purchase assistance",122.0,4209.0,0.028985507246376812,43088.0,967299.0,0.0445446547551481,0.6507067437317361,0.5461841801924389,0.7752316557187258,True
claude_ai,MA,GLOBAL,"Provide health, fitness, medical, and mental health information and clinical documentation assistance",122.0,4209.0,0.028985507246376812,42033.0,967299.0,0.04345398889071528,0.6670390448912294,0.5598894577907956,0.7946945262463885,False
claude_ai,MA,GLOBAL,Provide legal services and fraud investigation assistance,60.0,4209.0,0.014255167498218105,21357.0,967299.0,0.0220790055608452,0.6456435485254893,0.5020364914525332,0.830329266596747,True
claude_ai,MA,GLOBAL,"Provide technical support across IT infrastructure, security, and engineering systems",365.0,4209.0,0.08671893561416014,78810.0,967299.0,0.08147429078289133,1.0643717764324514,0.9647509796727578,1.1742794797163576,False
claude_ai,MD,GLOBAL,"Assist with academic research, scientific writing, and educational content creation",36.0,539.0,0.06679035250463822,72403.0,970969.0,0.07456777713809606,0.8956999265372438,0.6532491433508175,1.2281353394258836,False
claude_ai,MD,GLOBAL,"Assist with creative content, marketing, and media production projects",47.0,539.0,0.08719851576994433,74316.0,970969.0,0.07653797392089758,1.1392843487085833,0.8668985163537007,1.4972557949133232,False
claude_ai,MD,GLOBAL,"Assist with mathematics, physics, and STEM homework and assignments",65.0,539.0,0.12059369202226346,69819.0,970969.0,0.07190651812776722,1.6770898544689141,1.3350509294719417,2.106758864304192,False
claude_ai,MD,GLOBAL,"Assist with software development, debugging, and programming across multiple platforms",113.0,539.0,0.20964749536178107,168277.0,970969.0,0.17330831365368,1.2096793912651949,1.0267305882467732,1.4252270716415285,False
claude_ai,MD,GLOBAL,"Assist with translation, writing, editing, and document formatting tasks",59.0,539.0,0.10946196660482375,76347.0,970969.0,0.07862969878544011,1.3921198770392957,1.094099369698536,1.7713178580679492,False
claude_ai,MD,GLOBAL,"Get help with daily life tasks, personal information, and household management",35.0,539.0,0.06493506493506493,57196.0,970969.0,0.05890610307847109,1.1023486793645545,0.8000996470166334,1.5187765866762282,False
claude_ai,MD,GLOBAL,"Provide health, fitness, medical, and mental health information and clinical documentation assistance",30.0,539.0,0.055658627087198514,42125.0,970969.0,0.04338449528254764,1.2829151687651053,0.9059830383145255,1.8166690331306288,False
claude_ai,MD,GLOBAL,"Provide technical support across IT infrastructure, security, and engineering systems",55.0,539.0,0.10204081632653061,79120.0,970969.0,0.08148560870635417,1.252255679825014,0.974742283620215,1.6087783550641555,False
claude_ai,MG,GLOBAL,"Assist with academic research, scientific writing, and educational content creation",45.0,420.0,0.10714285714285714,72394.0,971088.0,0.07454937142668841,1.4372067140528615,1.0903827703120779,1.8943468249479398,False
claude_ai,MG,GLOBAL,"Assist with creative content, marketing, and media production projects",36.0,420.0,0.08571428571428572,74327.0,971088.0,0.07653992223155882,1.1198637680212344,0.8193676231117005,1.530564332239611,False
claude_ai,MG,GLOBAL,"Assist with software development, debugging, and programming across multiple platforms",129.0,420.0,0.30714285714285716,168261.0,971088.0,0.17327059957490978,1.7726195782572485,1.5353374847541366,2.0465729524763625,False
claude_ai,MG,GLOBAL,"Assist with translation, writing, editing, and document formatting tasks",46.0,420.0,0.10952380952380952,76360.0,971088.0,0.07863345031552238,1.3928399311531843,1.0603062810549357,1.8296629082349962,False
claude_ai,MG,GLOBAL,"Provide technical support across IT infrastructure, security, and engineering systems",42.0,420.0,0.1,79133.0,971088.0,0.08148901026477517,1.2271593393400984,0.921004553174709,1.6350842554889766,False
claude_ai,MK,GLOBAL,"Assist with creative content, marketing, and media production projects",32.0,316.0,0.10126582278481013,74331.0,971192.0,0.0765358446115701,1.3231162901350086,0.9526062606063127,1.8377337937149258,False
claude_ai,MK,GLOBAL,"Assist with software development, debugging, and programming across multiple platforms",103.0,316.0,0.3259493670886076,168287.0,971192.0,0.17327881613522353,1.8810687558844057,1.6051612554573835,2.204401366114615,False
claude_ai,MK,GLOBAL,"Provide technical support across IT infrastructure, security, and engineering systems",37.0,316.0,0.11708860759493671,79138.0,971192.0,0.08148543233469797,1.4369268744135786,1.0614781810152973,1.9451731362363445,False
claude_ai,MT,GLOBAL,"Assist with software development, debugging, and programming across multiple platforms",55.0,202.0,0.2722772277227723,168335.0,971306.0,0.17330789679050682,1.5710607119760895,1.253895731453049,1.968450564748763,False
claude_ai,MU,GLOBAL,"Assist with software development, debugging, and programming across multiple platforms",47.0,244.0,0.19262295081967212,168343.0,971264.0,0.1733236277675277,1.111348483185627,0.8595455244017182,1.436916854332614,False
claude_ai,MX,GLOBAL,"Analyze political media, misinformation, and criminal investigations",40.0,9536.0,0.0041946308724832215,3749.0,961972.0,0.0038972028291883757,1.076318338134017,0.7887134609752167,1.4687985210385217,False
claude_ai,MX,GLOBAL,"Assist with SQL databases, data analysis, and visualization tasks",309.0,9536.0,0.03240352348993288,26282.0,961972.0,0.027320961524867668,1.1860315919130096,1.0621419505169223,1.3243718848795212,False
claude_ai,MX,GLOBAL,"Assist with academic research, scientific writing, and educational content creation",746.0,9536.0,0.07822986577181208,71693.0,961972.0,0.07452711721339082,1.0496832387575024,0.9794470082576563,1.1249561154804075,False
claude_ai,MX,GLOBAL,"Assist with business development, analysis, research, and strategic planning",423.0,9536.0,0.044358221476510064,42626.0,961972.0,0.044311061028803334,1.0010643041852705,0.911596120631837,1.099313301617994,True
claude_ai,MX,GLOBAL,"Assist with civic information, government services, and institutional research",100.0,9536.0,0.010486577181208054,11403.0,961972.0,0.011853775369761283,0.8846613719337958,0.7273323105567823,1.076022241322781,False
claude_ai,MX,GLOBAL,"Assist with creative content, marketing, and media production projects",667.0,9536.0,0.06994546979865772,73696.0,961972.0,0.07660929839953762,0.9130154075276048,0.8483008909422265,0.9826668146686768,False
claude_ai,MX,GLOBAL,"Assist with game development, gaming software, and tabletop RPG content",94.0,9536.0,0.00985738255033557,10559.0,961972.0,0.010976410955828237,0.8980515206659162,0.7337550938438672,1.0991358568230611,False
claude_ai,MX,GLOBAL,"Assist with job applications, career transitions, and interview preparation",239.0,9536.0,0.02506291946308725,34331.0,961972.0,0.03568814892741161,0.7022756914084928,0.6193761620451017,0.7962707914279779,False
claude_ai,MX,GLOBAL,"Assist with mathematics, physics, and STEM homework and assignments",986.0,9536.0,0.10339765100671142,68898.0,961972.0,0.07162162724070971,1.4436652026797323,1.3602177125255521,1.5322320818470896,False
claude_ai,MX,GLOBAL,"Assist with software development, debugging, and programming across multiple platforms",1581.0,9536.0,0.16579278523489932,166809.0,961972.0,0.17340317597601593,0.9561115838952728,0.9138271749935208,1.0003525676123703,False
claude_ai,MX,GLOBAL,"Assist with translation, writing, editing, and document formatting tasks",958.0,9536.0,0.10046140939597316,75448.0,961972.0,0.07843055723035598,1.2808962851164125,1.2057610779608652,1.3607134308893964,False
claude_ai,MX,GLOBAL,Build and manage subscription-based e-commerce operations,61.0,9536.0,0.006396812080536913,7671.0,961972.0,0.007974244572607102,0.8021840843095106,0.6240301674122168,1.031199032873695,False
claude_ai,MX,GLOBAL,"Create prediction tools for sports analysis, gaming, and divination readings",85.0,9536.0,0.008913590604026845,7971.0,961972.0,0.008286103961445863,1.0757275850629673,0.8695572091799124,1.33078056860314,False
claude_ai,MX,GLOBAL,Create professional presentations and draft workplace correspondence,274.0,9536.0,0.028733221476510067,33691.0,961972.0,0.03502284889788892,0.8204135979995056,0.7297074414368538,0.9223949675737824,False
claude_ai,MX,GLOBAL,Develop and debug automated trading bots and blockchain financial software,142.0,9536.0,0.014890939597315436,16297.0,961972.0,0.016941241533017595,0.8789756977547232,0.7460545488612007,1.035578803751976,True
claude_ai,MX,GLOBAL,"Develop, deploy, and debug machine learning and AI systems",163.0,9536.0,0.01709312080536913,22374.0,961972.0,0.02325847321959475,0.7349201576554282,0.6308137108423506,0.856207829419326,False
claude_ai,MX,GLOBAL,"Extract and structure data from documents, images, and online sources",218.0,9536.0,0.02286073825503356,19782.0,961972.0,0.02056400810002786,1.1116868921580803,0.9742708006275959,1.2684848456917681,False
claude_ai,MX,GLOBAL,"Get help with daily life tasks, personal information, and household management",591.0,9536.0,0.061975671140939596,56640.0,961972.0,0.05887905261275796,1.0525928728600273,0.9731311084660587,1.1385431483556046,False
claude_ai,MX,GLOBAL,"Implement and troubleshoot authentication, authorization, and security systems for web applications",91.0,9536.0,0.009542785234899329,10953.0,961972.0,0.011385986286503141,0.8381166984375584,0.6825461291442662,1.0291459730063202,False
claude_ai,MX,GLOBAL,Provide entertainment recommendations and sports information including schedules and results,77.0,9536.0,0.008074664429530202,13494.0,961972.0,0.014027435309967442,0.5756336957613775,0.46053202606902427,0.7195029508029023,False
claude_ai,MX,GLOBAL,"Provide financial information, tax guidance, and consumer purchase assistance",339.0,9536.0,0.035549496644295304,42871.0,961972.0,0.044565746196354984,0.7976865570177053,0.7182112637083055,0.8859563688285309,True
claude_ai,MX,GLOBAL,"Provide health, fitness, medical, and mental health information and clinical documentation assistance",442.0,9536.0,0.046350671140939596,41713.0,961972.0,0.043361968955437376,1.0689245036030002,0.9754356861651703,1.1713735827063478,False
claude_ai,MX,GLOBAL,Provide legal services and fraud investigation assistance,192.0,9536.0,0.020134228187919462,21225.0,961972.0,0.022064051760342297,0.9125353949771148,0.7928045035102873,1.050348280564773,True
claude_ai,MX,GLOBAL,"Provide technical support across IT infrastructure, security, and engineering systems",677.0,9536.0,0.07099412751677853,78498.0,961972.0,0.08160112768355005,0.8700140492187122,0.8088348526892691,0.9358207591095585,False
claude_ai,MX,GLOBAL,"Resolve payment, billing, subscription, and account access issues",41.0,9536.0,0.004299496644295302,3298.0,961972.0,0.0034283742146341057,1.254091990875088,0.9222634058420341,1.7053118573441728,False
claude_ai,MY,GLOBAL,"Assist with SQL databases, data analysis, and visualization tasks",128.0,3792.0,0.03375527426160337,26463.0,967716.0,0.02734583286832087,1.2343845742108517,1.0406716167080452,1.4641556977114838,False
claude_ai,MY,GLOBAL,"Assist with academic research, scientific writing, and educational content creation",299.0,3792.0,0.07885021097046413,72140.0,967716.0,0.07454666451727573,1.0577295641737408,0.9484836443890683,1.179558379889409,False
claude_ai,MY,GLOBAL,"Assist with business development, analysis, research, and strategic planning",171.0,3792.0,0.04509493670886076,42878.0,967716.0,0.04430845413323744,1.017750169601005,0.878829852937586,1.1786302027184747,True
claude_ai,MY,GLOBAL,"Assist with civic information, government services, and institutional research",35.0,3792.0,0.009229957805907173,11468.0,967716.0,0.011850584262324897,0.7788609912889141,0.5597907747348854,1.083662809625337,False
claude_ai,MY,GLOBAL,"Assist with creative content, marketing, and media production projects",308.0,3792.0,0.08122362869198312,74055.0,967716.0,0.07652555088476372,1.0613922768657231,0.953427640680438,1.1815826574801316,False
claude_ai,MY,GLOBAL,"Assist with game development, gaming software, and tabletop RPG content",39.0,3792.0,0.010284810126582278,10614.0,967716.0,0.010968093944917724,0.9377025924680323,0.6858281325839422,1.2820794454850513,False
claude_ai,MY,GLOBAL,"Assist with job applications, career transitions, and interview preparation",133.0,3792.0,0.03507383966244726,34437.0,967716.0,0.03558585370087918,0.985611865806685,0.8338005621704286,1.1650636784055979,False
claude_ai,MY,GLOBAL,"Assist with mathematics, physics, and STEM homework and assignments",287.0,3792.0,0.07568565400843882,69597.0,967716.0,0.07191882742457498,1.052376084521321,0.941378233506592,1.176461685487517,False
claude_ai,MY,GLOBAL,"Assist with software development, debugging, and programming across multiple platforms",722.0,3792.0,0.19040084388185655,167668.0,967716.0,0.17326157674359005,1.0989213388241925,1.0289634289849783,1.1736355976367607,False
claude_ai,MY,GLOBAL,"Assist with translation, writing, editing, and document formatting tasks",307.0,3792.0,0.08095991561181434,76099.0,967716.0,0.07863774082478744,1.0295300292540313,0.9246374539820607,1.1463218113987093,False
claude_ai,MY,GLOBAL,Build and manage subscription-based e-commerce operations,51.0,3792.0,0.013449367088607595,7681.0,967716.0,0.007937246051527515,1.694462663913421,1.288983727573816,2.227494155260499,False
claude_ai,MY,GLOBAL,Create professional presentations and draft workplace correspondence,140.0,3792.0,0.03691983122362869,33825.0,967716.0,0.03495343675210496,1.0562575430127144,0.8974765335087899,1.2431299933931133,False
claude_ai,MY,GLOBAL,Develop and debug automated trading bots and blockchain financial software,96.0,3792.0,0.02531645569620253,16343.0,967716.0,0.01688821927094313,1.49906010160352,1.229688467922867,1.8274394261949862,True
claude_ai,MY,GLOBAL,"Develop, deploy, and debug machine learning and AI systems",66.0,3792.0,0.01740506329113924,22471.0,967716.0,0.023220655646904672,0.7495508979506074,0.5899128484504313,0.9523890691554763,False
claude_ai,MY,GLOBAL,"Extract and structure data from documents, images, and online sources",101.0,3792.0,0.026635021097046414,19899.0,967716.0,0.020562851084409063,1.295298058995395,1.0680532722790228,1.5708926747231793,False
claude_ai,MY,GLOBAL,"Get help with daily life tasks, personal information, and household management",164.0,3792.0,0.043248945147679324,57067.0,967716.0,0.05897081375114186,0.733395766424232,0.6312929269016284,0.852012318352492,False
claude_ai,MY,GLOBAL,"Implement and troubleshoot authentication, authorization, and security systems for web applications",44.0,3792.0,0.011603375527426161,11000.0,967716.0,0.011366971301497547,1.0207974683544303,0.7605109640013453,1.3701675856404496,False
claude_ai,MY,GLOBAL,"Provide financial information, tax guidance, and consumer purchase assistance",129.0,3792.0,0.03401898734177215,43081.0,967716.0,0.044518226421801435,0.7641586396423106,0.6447848818134976,0.9056329374498104,True
claude_ai,MY,GLOBAL,"Provide health, fitness, medical, and mental health information and clinical documentation assistance",143.0,3792.0,0.03771097046413502,42012.0,967716.0,0.04341356348350136,0.8686448989258041,0.7394298148831043,1.0204402706551743,False
claude_ai,MY,GLOBAL,Provide legal services and fraud investigation assistance,62.0,3792.0,0.016350210970464137,21355.0,967716.0,0.022067424740316373,0.7409206630528529,0.5786284720681032,0.9487321406369844,True
claude_ai,MY,GLOBAL,"Provide technical support across IT infrastructure, security, and engineering systems",327.0,3792.0,0.08623417721518987,78848.0,967716.0,0.08147845028913442,1.0583679108915214,0.9539946250350159,1.174160320624206,False
claude_ai,NG,GLOBAL,"Assist with SQL databases, data analysis, and visualization tasks",126.0,7580.0,0.01662269129287599,26465.0,963928.0,0.02745537011063067,0.6054440798246501,0.50897641809516,0.7201955154751069,False
claude_ai,NG,GLOBAL,"Assist with academic research, scientific writing, and educational content creation",809.0,7580.0,0.10672823218997361,71630.0,963928.0,0.0743105294171349,1.4362464246602942,1.3451750506391436,1.5334835353728586,False
claude_ai,NG,GLOBAL,"Assist with business development, analysis, research, and strategic planning",309.0,7580.0,0.04076517150395778,42740.0,963928.0,0.044339411242333454,0.9193891024208474,0.8239523141374032,1.025880147609188,True
claude_ai,NG,GLOBAL,"Assist with civic information, government services, and institutional research",81.0,7580.0,0.010686015831134564,11422.0,963928.0,0.01184943273771485,0.9018166580348345,0.7256257408901098,1.120788912079514,False
claude_ai,NG,GLOBAL,"Assist with creative content, marketing, and media production projects",1118.0,7580.0,0.1474934036939314,73245.0,963928.0,0.07598596575677852,1.9410611186549787,1.8379772469053086,2.0499265008301966,False
claude_ai,NG,GLOBAL,"Assist with job applications, career transitions, and interview preparation",345.0,7580.0,0.04551451187335093,34225.0,963928.0,0.03550576391597713,1.2818907933106036,1.155714728737858,1.421842228980724,False
claude_ai,NG,GLOBAL,"Assist with mathematics, physics, and STEM homework and assignments",719.0,7580.0,0.09485488126649076,69165.0,963928.0,0.07175328447767883,1.3219587362025,1.2326942895589776,1.4176871873458121,False
claude_ai,NG,GLOBAL,"Assist with software development, debugging, and programming across multiple platforms",1068.0,7580.0,0.14089709762532981,167322.0,963928.0,0.17358350416213658,0.8116963550506743,0.7676749401297419,0.8582421261415676,False
claude_ai,NG,GLOBAL,"Assist with translation, writing, editing, and document formatting tasks",628.0,7580.0,0.08284960422163588,75778.0,963928.0,0.07861375538421957,1.0538817770085385,0.9775230383040696,1.1362052416049446,False
claude_ai,NG,GLOBAL,Build and manage subscription-based e-commerce operations,49.0,7580.0,0.006464379947229552,7683.0,963928.0,0.007970512320422273,0.8110369430916422,0.6129803351787837,1.0730865010010235,False
claude_ai,NG,GLOBAL,"Create prediction tools for sports analysis, gaming, and divination readings",77.0,7580.0,0.010158311345646438,7979.0,963928.0,0.008277589197533426,1.2272065094355533,0.9816145026366592,1.534243649371232,False
claude_ai,NG,GLOBAL,Create professional presentations and draft workplace correspondence,234.0,7580.0,0.03087071240105541,33731.0,963928.0,0.03499327750620378,0.8821897976141988,0.7773077381996298,1.0012235833611463,False
claude_ai,NG,GLOBAL,Develop and debug automated trading bots and blockchain financial software,176.0,7580.0,0.02321899736147757,16263.0,963928.0,0.016871592069117196,1.3762185137215983,1.1883088496980505,1.5938427101601955,True
claude_ai,NG,GLOBAL,"Develop, deploy, and debug machine learning and AI systems",151.0,7580.0,0.019920844327176782,22386.0,963928.0,0.023223726253413117,0.8577798459129305,0.7320960835401044,1.005040568577368,False
claude_ai,NG,GLOBAL,"Extract and structure data from documents, images, and online sources",193.0,7580.0,0.02546174142480211,19807.0,963928.0,0.02054821521939398,1.239121799774153,1.0772876014957211,1.4252673404425464,False
claude_ai,NG,GLOBAL,"Get help with daily life tasks, personal information, and household management",396.0,7580.0,0.05224274406332454,56835.0,963928.0,0.058961872670987875,0.8860428221953426,0.8047629564796407,0.9755318338683356,False
claude_ai,NG,GLOBAL,"Implement and troubleshoot authentication, authorization, and security systems for web applications",71.0,7580.0,0.009366754617414248,10973.0,963928.0,0.011383630312637458,0.8228266695393129,0.6522853014190537,1.0379564381295145,False
claude_ai,NG,GLOBAL,Provide entertainment recommendations and sports information including schedules and results,34.0,7580.0,0.004485488126649077,13537.0,963928.0,0.014043580018424612,0.31939776899937883,0.22829482018595001,0.4468561080741458,False
claude_ai,NG,GLOBAL,"Provide financial information, tax guidance, and consumer purchase assistance",205.0,7580.0,0.02704485488126649,43005.0,963928.0,0.04461432804109851,0.6061921375651539,0.5294574530973734,0.6940480401136759,True
claude_ai,NG,GLOBAL,"Provide health, fitness, medical, and mental health information and clinical documentation assistance",242.0,7580.0,0.031926121372031664,41913.0,963928.0,0.04348146334581006,0.7342467091809162,0.6484117860318316,0.8314442173272567,False
claude_ai,NG,GLOBAL,Provide legal services and fraud investigation assistance,116.0,7580.0,0.015303430079155673,21301.0,963928.0,0.0220981235112996,0.6925217008281475,0.5778234234142142,0.8299876513903754,True
claude_ai,NG,GLOBAL,"Provide technical support across IT infrastructure, security, and engineering systems",344.0,7580.0,0.04538258575197889,78831.0,963928.0,0.08178100439036941,0.5549282023408749,0.5003820607377357,0.6154203635902883,False
claude_ai,NG,GLOBAL,"Resolve payment, billing, subscription, and account access issues",34.0,7580.0,0.004485488126649077,3305.0,963928.0,0.00342867932044717,1.3082262024038098,0.933856160547091,1.832676025452628,False
claude_ai,NL,GLOBAL,"Analyze political media, misinformation, and criminal investigations",37.0,10029.0,0.0036893010270216374,3752.0,961479.0,0.003902321319550401,0.9454119035606974,0.6843106700927063,1.3061372655100851,False
claude_ai,NL,GLOBAL,"Assist with SQL databases, data analysis, and visualization tasks",272.0,10029.0,0.027121348090537442,26319.0,961479.0,0.027373452774319563,0.9907901759467248,0.8806664785103191,1.1146843858676965,False
claude_ai,NL,GLOBAL,"Assist with academic research, scientific writing, and educational content creation",615.0,10029.0,0.0613221657194137,71824.0,961479.0,0.0747015795456791,0.8208951683801538,0.7601378002540234,0.886508837272251,False
claude_ai,NL,GLOBAL,"Assist with business development, analysis, research, and strategic planning",428.0,10029.0,0.042676238907169206,42621.0,961479.0,0.044328581279466324,0.9627251239582868,0.877088508299397,1.0567230735898765,True
claude_ai,NL,GLOBAL,"Assist with civic information, government services, and institutional research",115.0,10029.0,0.011466746435337521,11388.0,961479.0,0.01184425244857142,0.9681274934933162,0.8065201461464447,1.1621170880057161,False
claude_ai,NL,GLOBAL,"Assist with creative content, marketing, and media production projects",681.0,10029.0,0.06790308106491176,73682.0,961479.0,0.07663401904773791,0.8860696843083833,0.8238198428209706,0.9530232760137305,False
claude_ai,NL,GLOBAL,"Assist with game development, gaming software, and tabletop RPG content",100.0,10029.0,0.009971083856815235,10553.0,961479.0,0.01097579874339429,0.908460886531494,0.7468098161562993,1.1051022154546257,False
claude_ai,NL,GLOBAL,"Assist with job applications, career transitions, and interview preparation",349.0,10029.0,0.034799082660285176,34221.0,961479.0,0.03559204101181617,0.977720908130339,0.8815006058405145,1.0844441488315526,False
claude_ai,NL,GLOBAL,"Assist with mathematics, physics, and STEM homework and assignments",571.0,10029.0,0.05693488882241499,69313.0,961479.0,0.07208997804424226,0.7897753663827383,0.7290717538125071,0.8555332531856594,False
claude_ai,NL,GLOBAL,"Assist with software development, debugging, and programming across multiple platforms",1731.0,10029.0,0.17259946156147174,166659.0,961479.0,0.17333607910313173,0.9957503507321075,0.953770776982004,1.0395776269436103,False
claude_ai,NL,GLOBAL,"Assist with translation, writing, editing, and document formatting tasks",710.0,10029.0,0.07079469538338817,75696.0,961479.0,0.07872870858333879,0.8992233793400534,0.8373955892174109,0.9656161273878051,False
claude_ai,NL,GLOBAL,Build and manage subscription-based e-commerce operations,94.0,10029.0,0.009372818825406321,7638.0,961479.0,0.007944011257656173,1.1798597108448343,0.9636284246180596,1.4446117421521802,False
claude_ai,NL,GLOBAL,"Create prediction tools for sports analysis, gaming, and divination readings",40.0,10029.0,0.0039884335427260945,8016.0,961479.0,0.00833715556970043,0.4783926015751925,0.3508573783941147,0.652286357178458,False
claude_ai,NL,GLOBAL,Create professional presentations and draft workplace correspondence,440.0,10029.0,0.043872768969987035,33525.0,961479.0,0.0348681562467823,1.2582474582101169,1.1476885869148803,1.3794566611035217,False
claude_ai,NL,GLOBAL,Develop and debug automated trading bots and blockchain financial software,163.0,10029.0,0.016252866686608834,16276.0,961479.0,0.016928086832889745,0.9601124360391973,0.8238792591334878,1.1188725527653631,True
claude_ai,NL,GLOBAL,"Develop, deploy, and debug machine learning and AI systems",234.0,10029.0,0.023332336224947653,22303.0,961479.0,0.02319655447492873,1.0058535309701135,0.8856337653658901,1.142392448584043,False
claude_ai,NL,GLOBAL,"Extract and structure data from documents, images, and online sources",191.0,10029.0,0.0190447701665171,19809.0,961479.0,0.020602634066890696,0.9243852074780502,0.802707773684155,1.06450695983973,False
claude_ai,NL,GLOBAL,"Get help with daily life tasks, personal information, and household management",758.0,10029.0,0.07558081563465949,56473.0,961479.0,0.058735552206548455,1.2867984175729423,1.201107324356321,1.3786030056519771,False
claude_ai,NL,GLOBAL,"Implement and troubleshoot authentication, authorization, and security systems for web applications",106.0,10029.0,0.01056934888822415,10938.0,961479.0,0.01137622350566159,0.9290735966082343,0.7680924112867812,1.1237941362660815,False
claude_ai,NL,GLOBAL,Provide entertainment recommendations and sports information including schedules and results,75.0,10029.0,0.007478312892611427,13496.0,961479.0,0.014036708030024577,0.5327682870239435,0.42495854584499976,0.6679287907812923,False
claude_ai,NL,GLOBAL,"Provide financial information, tax guidance, and consumer purchase assistance",509.0,10029.0,0.05075281683118955,42701.0,961479.0,0.044411786424872514,1.1427780982655042,1.049499852360346,1.2443467990378783,True
claude_ai,NL,GLOBAL,"Provide health, fitness, medical, and mental health information and clinical documentation assistance",552.0,10029.0,0.0550403828896201,41603.0,961479.0,0.04326979580417253,1.272027793676635,1.1723081797495714,1.3802298199706304,False
claude_ai,NL,GLOBAL,Provide legal services and fraud investigation assistance,182.0,10029.0,0.018147372619403728,21235.0,961479.0,0.022085765783756067,0.82167731004152,0.7110722520410638,0.9494866378193009,True
claude_ai,NL,GLOBAL,"Provide technical support across IT infrastructure, security, and engineering systems",1042.0,10029.0,0.10389869378801475,78133.0,961479.0,0.08126334532527492,1.2785431534000566,1.2066546378192775,1.3547145503542068,False
claude_ai,NL,GLOBAL,"Resolve payment, billing, subscription, and account access issues",34.0,10029.0,0.0033901685113171803,3305.0,961479.0,0.0034374125695933034,0.9862559243850927,0.7038937009346762,1.381885854487798,False
claude_ai,NO,GLOBAL,"Assist with SQL databases, data analysis, and visualization tasks",88.0,2514.0,0.035003977724741446,26503.0,968994.0,0.02735104654930784,1.279803961491458,1.04197341064303,1.5719193629311887,False
claude_ai,NO,GLOBAL,"Assist with academic research, scientific writing, and educational content creation",166.0,2514.0,0.066030230708035,72273.0,968994.0,0.07458560114923313,0.8852946103621223,0.7641285148352324,1.0256737340906847,False
claude_ai,NO,GLOBAL,"Assist with business development, analysis, research, and strategic planning",106.0,2514.0,0.042163882259347654,42943.0,968994.0,0.04431709587469066,0.951413476608861,0.7895033381021888,1.1465278989812167,True
claude_ai,NO,GLOBAL,"Assist with civic information, government services, and institutional research",31.0,2514.0,0.012330946698488464,11472.0,968994.0,0.011839082594938669,1.0415457954284457,0.7337287259280514,1.4784996220538456,False
claude_ai,NO,GLOBAL,"Assist with creative content, marketing, and media production projects",159.0,2514.0,0.06324582338902147,74204.0,968994.0,0.0765783895462717,0.8258964933025372,0.7104284417128427,0.9601319113926139,False
claude_ai,NO,GLOBAL,"Assist with game development, gaming software, and tabletop RPG content",30.0,2514.0,0.011933174224343675,10623.0,968994.0,0.010962916179047549,1.0885036453302903,0.762309732341328,1.5542766091392524,False
claude_ai,NO,GLOBAL,"Assist with job applications, career transitions, and interview preparation",84.0,2514.0,0.03341288782816229,34486.0,968994.0,0.035589487654206324,0.9388414959160902,0.7606253222240045,1.1588141082086965,False
claude_ai,NO,GLOBAL,"Assist with mathematics, physics, and STEM homework and assignments",142.0,2514.0,0.056483691328560064,69742.0,968994.0,0.07197361387170612,0.7847833155806649,0.6687972333878717,0.920884270549302,False
claude_ai,NO,GLOBAL,"Assist with software development, debugging, and programming across multiple platforms",459.0,2514.0,0.18257756563245822,167931.0,968994.0,0.17330447866550258,1.0535074860059084,0.9697644857142862,1.1444820257085426,False
claude_ai,NO,GLOBAL,"Assist with translation, writing, editing, and document formatting tasks",166.0,2514.0,0.066030230708035,76240.0,968994.0,0.07867953774739575,0.8392300285244185,0.7243753810380649,0.9722956621852477,False
claude_ai,NO,GLOBAL,Create professional presentations and draft workplace correspondence,63.0,2514.0,0.025059665871121718,33902.0,968994.0,0.03498680074386425,0.716260570795874,0.5611548020307676,0.9142382875816544,False
claude_ai,NO,GLOBAL,Develop and debug automated trading bots and blockchain financial software,31.0,2514.0,0.012330946698488464,16408.0,968994.0,0.016933025385090103,0.7282187570182308,0.5130757261700392,1.0335756127691544,True
claude_ai,NO,GLOBAL,"Develop, deploy, and debug machine learning and AI systems",57.0,2514.0,0.022673031026252982,22480.0,968994.0,0.023199318055632957,0.9773145474311824,0.7558441031671461,1.2636782117084242,False
claude_ai,NO,GLOBAL,"Extract and structure data from documents, images, and online sources",47.0,2514.0,0.01869530628480509,19953.0,968994.0,0.020591458770642543,0.907915582525857,0.6837609469143562,1.2055539420804542,False
claude_ai,NO,GLOBAL,"Get help with daily life tasks, personal information, and household management",212.0,2514.0,0.08432776451869531,57019.0,968994.0,0.05884350161094909,1.433085425069339,1.2595711648441426,1.6305024224655809,False
claude_ai,NO,GLOBAL,"Implement and troubleshoot authentication, authorization, and security systems for web applications",37.0,2514.0,0.0147175815433572,11007.0,968994.0,0.01135920346256014,1.2956526037997518,0.9404784870361876,1.7849591382184193,False
claude_ai,NO,GLOBAL,"Provide financial information, tax guidance, and consumer purchase assistance",124.0,2514.0,0.049323786793953855,43086.0,968994.0,0.044464671607873735,1.1092803569748995,0.9341165634898887,1.3172905378887223,True
claude_ai,NO,GLOBAL,"Provide health, fitness, medical, and mental health information and clinical documentation assistance",130.0,2514.0,0.05171042163882259,42025.0,968994.0,0.04336972158754337,1.192316200011642,1.0082710483308215,1.4099561057154923,False
claude_ai,NO,GLOBAL,Provide legal services and fraud investigation assistance,35.0,2514.0,0.01392203659506762,21382.0,968994.0,0.02206618410433914,0.6309218000374592,0.4539235552525273,0.8769369052484117,True
claude_ai,NO,GLOBAL,"Provide technical support across IT infrastructure, security, and engineering systems",306.0,2514.0,0.12171837708830549,78869.0,968994.0,0.0813926608420692,1.4954465897666445,1.3460932307548523,1.6613711827304836,False
claude_ai,NP,GLOBAL,"Assist with SQL databases, data analysis, and visualization tasks",56.0,1533.0,0.0365296803652968,26535.0,969975.0,0.027356375164308357,1.3353260490796595,1.032325595496066,1.7272609195491835,False
claude_ai,NP,GLOBAL,"Assist with academic research, scientific writing, and educational content creation",102.0,1533.0,0.06653620352250489,72337.0,969975.0,0.07457614886981623,0.8921914651111006,0.73955470521196,1.0763309391547353,False
claude_ai,NP,GLOBAL,"Assist with business development, analysis, research, and strategic planning",36.0,1533.0,0.023483365949119372,43013.0,969975.0,0.04434444186705843,0.5295672909701036,0.3834157087839108,0.731429383931341,True
claude_ai,NP,GLOBAL,"Assist with creative content, marketing, and media production projects",147.0,1533.0,0.0958904109589041,74216.0,969975.0,0.07651331219876802,1.2532513389277649,1.0745197018684,1.4617125361155978,False
claude_ai,NP,GLOBAL,"Assist with job applications, career transitions, and interview preparation",34.0,1533.0,0.02217873450750163,34536.0,969975.0,0.035605041367045544,0.6229099491520121,0.4466842002966557,0.8686602402656494,False
claude_ai,NP,GLOBAL,"Assist with mathematics, physics, and STEM homework and assignments",113.0,1533.0,0.07371167645140247,69771.0,969975.0,0.07193071986391401,1.0247593321859958,0.858008022624293,1.2239182632469658,False
claude_ai,NP,GLOBAL,"Assist with software development, debugging, and programming across multiple platforms",479.0,1533.0,0.31245923026744943,167911.0,969975.0,0.1731085852728163,1.8049897974442966,1.6755988776653319,1.944372374740109,False
claude_ai,NP,GLOBAL,"Assist with translation, writing, editing, and document formatting tasks",98.0,1533.0,0.0639269406392694,76308.0,969975.0,0.0786700688162066,0.8125954584915781,0.6708566098671016,0.984280946850844,False
claude_ai,NP,GLOBAL,"Develop, deploy, and debug machine learning and AI systems",42.0,1533.0,0.0273972602739726,22495.0,969975.0,0.02319131936390113,1.1813584145030707,0.8764484468198699,1.5923443170914058,False
claude_ai,NP,GLOBAL,"Extract and structure data from documents, images, and online sources",36.0,1533.0,0.023483365949119372,19964.0,969975.0,0.020581973762210368,1.1409676360697787,0.8259480987670061,1.5761367433402,False
claude_ai,NP,GLOBAL,"Get help with daily life tasks, personal information, and household management",44.0,1533.0,0.028701891715590344,57187.0,969975.0,0.05895718961828913,0.48682598172363906,0.36379422810815737,0.6514659061900349,False
claude_ai,NP,GLOBAL,"Provide financial information, tax guidance, and consumer purchase assistance",43.0,1533.0,0.028049575994781473,43167.0,969975.0,0.0445032088455888,0.6302821015020307,0.4693495682283352,0.8463958515469522,True
claude_ai,NP,GLOBAL,"Provide health, fitness, medical, and mental health information and clinical documentation assistance",42.0,1533.0,0.0273972602739726,42113.0,969975.0,0.043416582901621176,0.63103216427817,0.46822443088773436,0.8504502671904954,False
claude_ai,NP,GLOBAL,"Provide technical support across IT infrastructure, security, and engineering systems",119.0,1533.0,0.0776255707762557,79056.0,969975.0,0.08150313152400836,0.952424395538588,0.8013701946062767,1.131951544145862,False
claude_ai,NZ,GLOBAL,"Assist with SQL databases, data analysis, and visualization tasks",51.0,2646.0,0.01927437641723356,26540.0,968862.0,0.027392962052387233,0.7036251275189804,0.5360298287191217,0.9236208388983638,False
claude_ai,NZ,GLOBAL,"Assist with academic research, scientific writing, and educational content creation",200.0,2646.0,0.07558578987150416,72239.0,968862.0,0.07456067014703849,1.013748799768619,0.8871141683845006,1.1584603940029585,False
claude_ai,NZ,GLOBAL,"Assist with business development, analysis, research, and strategic planning",127.0,2646.0,0.04799697656840514,42922.0,968862.0,0.04430145882488941,1.0834175181030272,0.9140882858791297,1.2841139490192903,True
claude_ai,NZ,GLOBAL,"Assist with creative content, marketing, and media production projects",228.0,2646.0,0.08616780045351474,74135.0,968862.0,0.07651760519041928,1.1261173195250986,0.9945124110752289,1.2751376485722568,False
claude_ai,NZ,GLOBAL,"Assist with job applications, career transitions, and interview preparation",116.0,2646.0,0.04383975812547241,34454.0,968862.0,0.035561308008777305,1.2327937463563434,1.0315198747993817,1.4733409003397897,False
claude_ai,NZ,GLOBAL,"Assist with mathematics, physics, and STEM homework and assignments",163.0,2646.0,0.06160241874527589,69721.0,968862.0,0.07196174480989037,0.8560439843144172,0.7376243004770361,0.9934750015786881,False
claude_ai,NZ,GLOBAL,"Assist with software development, debugging, and programming across multiple platforms",376.0,2646.0,0.1421012849584278,168014.0,968862.0,0.17341375758363936,0.8194348991595479,0.7461238390047845,0.8999492026099338,False
claude_ai,NZ,GLOBAL,"Assist with translation, writing, editing, and document formatting tasks",162.0,2646.0,0.061224489795918366,76244.0,968862.0,0.07869438578455962,0.7780032741284961,0.6700629111192791,0.9033317387222336,False
claude_ai,NZ,GLOBAL,Create professional presentations and draft workplace correspondence,121.0,2646.0,0.04572940287226002,33844.0,968862.0,0.03493170337984151,1.309108873821758,1.0996282809674536,1.5584957873319694,False
claude_ai,NZ,GLOBAL,Develop and debug automated trading bots and blockchain financial software,41.0,2646.0,0.015495086923658353,16398.0,968862.0,0.01692501099227754,0.9155141423972117,0.6754553907406484,1.2408904517147143,True
claude_ai,NZ,GLOBAL,"Develop, deploy, and debug machine learning and AI systems",46.0,2646.0,0.017384731670445956,22491.0,968862.0,0.023213832310483847,0.7488953757365884,0.5621928729708578,0.997601198385733,False
claude_ai,NZ,GLOBAL,"Extract and structure data from documents, images, and online sources",52.0,2646.0,0.019652305366591082,19948.0,968862.0,0.02058910350493672,0.954500294870973,0.729032770164389,1.2496980248272482,False
claude_ai,NZ,GLOBAL,"Get help with daily life tasks, personal information, and household management",230.0,2646.0,0.08692365835222977,57001.0,968862.0,0.05883294008847493,1.4774658247830397,1.3054891997114082,1.6720975277960028,False
claude_ai,NZ,GLOBAL,"Provide financial information, tax guidance, and consumer purchase assistance",148.0,2646.0,0.055933484504913075,43062.0,968862.0,0.044445958247923856,1.258460537466887,1.0758130575472116,1.4721172170676549,True
claude_ai,NZ,GLOBAL,"Provide health, fitness, medical, and mental health information and clinical documentation assistance",159.0,2646.0,0.060090702947845805,41996.0,968862.0,0.043345698355390136,1.3863129497917845,1.1920351120049861,1.612254182284825,False
claude_ai,NZ,GLOBAL,Provide legal services and fraud investigation assistance,72.0,2646.0,0.027210884353741496,21345.0,968862.0,0.022031001319073304,1.2351179122386833,0.9831010522841711,1.5517390135921494,True
claude_ai,NZ,GLOBAL,"Provide technical support across IT infrastructure, security, and engineering systems",222.0,2646.0,0.08390022675736962,78953.0,968862.0,0.08149044962027616,1.0295712828720713,0.907608476987839,1.1679232327498918,False
claude_ai,OM,GLOBAL,"Assist with software development, debugging, and programming across multiple platforms",66.0,271.0,0.24354243542435425,168324.0,971237.0,0.17330888341362613,1.405250732838119,1.139211704531833,1.733417602967483,False
claude_ai,OM,GLOBAL,"Assist with translation, writing, editing, and document formatting tasks",35.0,271.0,0.12915129151291513,76371.0,971237.0,0.07863271271584588,1.6424626221357472,1.2055725208810564,2.2376782967328364,False
claude_ai,PA,GLOBAL,"Assist with academic research, scientific writing, and educational content creation",36.0,454.0,0.07929515418502203,72403.0,971054.0,0.07456124994078599,1.0634901406292887,0.7772681380300615,1.455110821964455,False
claude_ai,PA,GLOBAL,"Assist with creative content, marketing, and media production projects",46.0,454.0,0.1013215859030837,74317.0,971054.0,0.07653230407371783,1.323906122119206,1.0065658516180631,1.741294339925391,False
claude_ai,PA,GLOBAL,"Assist with mathematics, physics, and STEM homework and assignments",47.0,454.0,0.10352422907488987,69837.0,971054.0,0.07191876043968719,1.43946069762573,1.0979904247486738,1.887126748380741,False
claude_ai,PA,GLOBAL,"Assist with software development, debugging, and programming across multiple platforms",80.0,454.0,0.1762114537444934,168310.0,971054.0,0.1733271270186828,1.0166409423350085,0.8332378203004858,1.2404127374572216,False
claude_ai,PA,GLOBAL,"Assist with translation, writing, editing, and document formatting tasks",56.0,454.0,0.12334801762114538,76350.0,971054.0,0.07862590545942862,1.5687961480430086,1.2275040353847484,2.0049802551917217,False
claude_ai,PA,GLOBAL,"Get help with daily life tasks, personal information, and household management",32.0,454.0,0.07048458149779736,57199.0,971054.0,0.05890403623279447,1.1966001993349904,0.8567075967026969,1.671342757504967,False
claude_ai,PA,GLOBAL,"Provide technical support across IT infrastructure, security, and engineering systems",46.0,454.0,0.1013215859030837,79129.0,971054.0,0.08148774424491326,1.2433966216877888,0.9453598988935235,1.6353932091197547,False
claude_ai,PE,GLOBAL,"Assist with SQL databases, data analysis, and visualization tasks",168.0,3253.0,0.05164463572087304,26423.0,968255.0,0.027289298790091454,1.8924867259551879,1.6325636311784324,2.193792596819856,False
claude_ai,PE,GLOBAL,"Assist with academic research, scientific writing, and educational content creation",244.0,3253.0,0.07500768521364894,72195.0,968255.0,0.07456196972904865,1.0059777858098435,0.891435267310965,1.1352381296238936,False
claude_ai,PE,GLOBAL,"Assist with business development, analysis, research, and strategic planning",135.0,3253.0,0.04150015370427298,42914.0,968255.0,0.0443209691661804,0.936354833502606,0.7936028717704843,1.1047847801604962,True
claude_ai,PE,GLOBAL,"Assist with civic information, government services, and institutional research",50.0,3253.0,0.01537042729787888,11453.0,968255.0,0.011828495592586663,1.2994405905271733,0.9863782239906956,1.7118644828533207,False
claude_ai,PE,GLOBAL,"Assist with creative content, marketing, and media production projects",209.0,3253.0,0.06424838610513373,74154.0,968255.0,0.07658519708134737,0.8389138965966267,0.7356668393155975,0.956651147355874,False
claude_ai,PE,GLOBAL,"Assist with game development, gaming software, and tabletop RPG content",42.0,3253.0,0.01291115893021826,10611.0,968255.0,0.010958889961838565,1.1781447733463841,0.8718567822442692,1.5920333880874922,False
claude_ai,PE,GLOBAL,"Assist with job applications, career transitions, and interview preparation",86.0,3253.0,0.026437134952351674,34484.0,968255.0,0.035614585000852045,0.7423120317622455,0.6024306196238014,0.9146732163831441,False
claude_ai,PE,GLOBAL,"Assist with mathematics, physics, and STEM homework and assignments",322.0,3253.0,0.09898555179834,69562.0,968255.0,0.07184264475783755,1.3778105209238045,1.2418087587141864,1.528707072040592,False
claude_ai,PE,GLOBAL,"Assist with software development, debugging, and programming across multiple platforms",597.0,3253.0,0.18352290193667384,167793.0,968255.0,0.17329422517828463,1.0590249141185517,0.9848502839513187,1.1387860540833672,False
claude_ai,PE,GLOBAL,"Assist with translation, writing, editing, and document formatting tasks",313.0,3253.0,0.09621887488472179,76093.0,968255.0,0.07858776871795137,1.2243492397658957,1.1017146354056642,1.3606346078568397,False
claude_ai,PE,GLOBAL,Create professional presentations and draft workplace correspondence,79.0,3253.0,0.024285275130648633,33886.0,968255.0,0.034996979101579645,0.693924897350711,0.5579613243133622,0.8630199660447377,False
claude_ai,PE,GLOBAL,Develop and debug automated trading bots and blockchain financial software,47.0,3253.0,0.014448201660006148,16392.0,968255.0,0.016929424583400035,0.8534372558753814,0.6422925675795131,1.1339928040284135,True
claude_ai,PE,GLOBAL,"Develop, deploy, and debug machine learning and AI systems",50.0,3253.0,0.01537042729787888,22487.0,968255.0,0.02322425394136875,0.6618265256951891,0.5025287843560851,0.8716204200621347,False
claude_ai,PE,GLOBAL,"Extract and structure data from documents, images, and online sources",101.0,3253.0,0.03104826314171534,19899.0,968255.0,0.020551404330470795,1.5107611451973257,1.2462586201554446,1.831400963592335,False
claude_ai,PE,GLOBAL,"Get help with daily life tasks, personal information, and household management",180.0,3253.0,0.05533353827236397,57051.0,968255.0,0.058921461804999714,0.9391066782336468,0.8146150613013957,1.082623431604754,False
claude_ai,PE,GLOBAL,"Provide financial information, tax guidance, and consumer purchase assistance",92.0,3253.0,0.028281586228097143,43118.0,968255.0,0.04453165746626663,0.6350894585390371,0.5191126243740861,0.7769770978575757,True
claude_ai,PE,GLOBAL,"Provide health, fitness, medical, and mental health information and clinical documentation assistance",156.0,3253.0,0.047955733169382106,41999.0,968255.0,0.04337597017314654,1.1055829524493457,0.948352190477879,1.2888815748194589,False
claude_ai,PE,GLOBAL,Provide legal services and fraud investigation assistance,105.0,3253.0,0.03227789732554565,21312.0,968255.0,0.022010730644303412,1.4664618747628662,1.214364213348703,1.7708941077922757,True
claude_ai,PE,GLOBAL,"Provide technical support across IT infrastructure, security, and engineering systems",211.0,3253.0,0.06486320319704887,78964.0,968255.0,0.08155289670592974,0.7953513096038518,0.6979379930066835,0.9063608974250302,False
claude_ai,PH,GLOBAL,"Analyze political media, misinformation, and criminal investigations",38.0,9085.0,0.004182718767198679,3751.0,962423.0,0.0038974546535151386,1.0731924137786335,0.7801616512144907,1.4762862993830492,False
claude_ai,PH,GLOBAL,"Assist with SQL databases, data analysis, and visualization tasks",259.0,9085.0,0.028508530544854156,26332.0,962423.0,0.02736011088679302,1.041974232590391,0.9235666553728731,1.1755624730128422,False
claude_ai,PH,GLOBAL,"Assist with academic research, scientific writing, and educational content creation",838.0,9085.0,0.0922399559713814,71601.0,962423.0,0.07439660107873565,1.2398409958777783,1.161939361014895,1.3229655063208547,False
claude_ai,PH,GLOBAL,"Assist with business development, analysis, research, and strategic planning",283.0,9085.0,0.031150247660979638,42766.0,962423.0,0.04443576265322005,0.7010175093444092,0.6248292030054099,0.7864958072441183,True
claude_ai,PH,GLOBAL,"Assist with civic information, government services, and institutional research",103.0,9085.0,0.011337369290038524,11400.0,962423.0,0.011845103452432039,0.9571355231777848,0.7892264144526808,1.1607675477563966,False
claude_ai,PH,GLOBAL,"Assist with creative content, marketing, and media production projects",913.0,9085.0,0.10049532195927353,73450.0,962423.0,0.07631779373518713,1.3168006704698423,1.2377470216960376,1.4009033957309316,False
claude_ai,PH,GLOBAL,"Assist with game development, gaming software, and tabletop RPG content",124.0,9085.0,0.013648871766648321,10529.0,962423.0,0.01094009598689973,1.2476007324791507,1.046430931575125,1.4874441692387697,False
claude_ai,PH,GLOBAL,"Assist with job applications, career transitions, and interview preparation",280.0,9085.0,0.030820033021463952,34290.0,962423.0,0.03562882433192058,0.8650308731588335,0.7704574371109268,0.9712131721693023,False
claude_ai,PH,GLOBAL,"Assist with mathematics, physics, and STEM homework and assignments",980.0,9085.0,0.10787011557512383,68904.0,962423.0,0.07159429897248923,1.5066858272692063,1.4195496729145314,1.5991706563061365,False
claude_ai,PH,GLOBAL,"Assist with software development, debugging, and programming across multiple platforms",1735.0,9085.0,0.19097413318657128,166655.0,962423.0,0.17316190490044397,1.1028645896241906,1.056923489039114,1.1508026036517787,False
claude_ai,PH,GLOBAL,"Assist with translation, writing, editing, and document formatting tasks",796.0,9085.0,0.0876169510181618,75610.0,962423.0,0.07856212912617425,1.1152568291198564,1.0432863430636408,1.192192156226284,False
claude_ai,PH,GLOBAL,Build and manage subscription-based e-commerce operations,79.0,9085.0,0.008695652173913044,7653.0,962423.0,0.007951804975566877,1.0935444469062998,0.8769868272083164,1.3635774452465632,False
claude_ai,PH,GLOBAL,"Create prediction tools for sports analysis, gaming, and divination readings",57.0,9085.0,0.006274078150798019,7999.0,962423.0,0.008311314255789813,0.7548840000156872,0.5822226253460586,0.9787490706685943,False
claude_ai,PH,GLOBAL,Create professional presentations and draft workplace correspondence,308.0,9085.0,0.03390203632361034,33657.0,962423.0,0.034971109377061854,0.9694298215728685,0.8682117049295273,1.0824481789623956,False
claude_ai,PH,GLOBAL,Develop and debug automated trading bots and blockchain financial software,139.0,9085.0,0.015299944964226748,16300.0,962423.0,0.016936419848652826,0.90337539462,0.765453977709803,1.0661478382365057,True
claude_ai,PH,GLOBAL,"Develop, deploy, and debug machine learning and AI systems",123.0,9085.0,0.013538800220143093,22414.0,962423.0,0.02328913585814138,0.5813354476787176,0.4875168777927697,0.6932086213258627,False
claude_ai,PH,GLOBAL,"Extract and structure data from documents, images, and online sources",199.0,9085.0,0.02190423775454045,19801.0,962423.0,0.020574113461544457,1.0646503819220283,0.9273225474274412,1.222315189974835,False
claude_ai,PH,GLOBAL,"Get help with daily life tasks, personal information, and household management",451.0,9085.0,0.049642267473858005,56780.0,962423.0,0.058996927546411504,0.841438182264756,0.7687659835374376,0.9209801548646922,False
claude_ai,PH,GLOBAL,"Implement and troubleshoot authentication, authorization, and security systems for web applications",91.0,9085.0,0.010016510731975785,10953.0,962423.0,0.011380650711797204,0.8801351509358468,0.7168000567335373,1.0806889266204802,False
claude_ai,PH,GLOBAL,Provide entertainment recommendations and sports information including schedules and results,32.0,9085.0,0.0035222894881673087,13539.0,962423.0,0.014067618916006787,0.25038277687203236,0.17710009762993048,0.3539892738238382,False
claude_ai,PH,GLOBAL,"Provide financial information, tax guidance, and consumer purchase assistance",193.0,9085.0,0.02124380847550908,43017.0,962423.0,0.044696562738006054,0.4752895340080637,0.41324540754513484,0.5466488846894915,True
claude_ai,PH,GLOBAL,"Provide health, fitness, medical, and mental health information and clinical documentation assistance",297.0,9085.0,0.032691249312052834,41858.0,962423.0,0.043492310553675466,0.7516558420529844,0.6718469470690636,0.8409452589717616,False
claude_ai,PH,GLOBAL,Provide legal services and fraud investigation assistance,136.0,9085.0,0.014969730324711062,21281.0,962423.0,0.022111898822035632,0.676998861345773,0.5726847505944002,0.8003137114926958,True
claude_ai,PH,GLOBAL,"Provide technical support across IT infrastructure, security, and engineering systems",580.0,9085.0,0.06384149697303247,78595.0,962423.0,0.08166367595121896,0.7817612448791504,0.7223581035224821,0.8460494054331296,False
claude_ai,PH,GLOBAL,"Resolve payment, billing, subscription, and account access issues",51.0,9085.0,0.005613648871766648,3288.0,962423.0,0.0034163772062803985,1.643158390545095,1.2470961144188,2.1650051388998577,False
claude_ai,PK,GLOBAL,"Assist with SQL databases, data analysis, and visualization tasks",191.0,8535.0,0.022378441710603398,26400.0,962973.0,0.027415098865700285,0.8162816344463972,0.7091243645424197,0.9396316641361471,False
claude_ai,PK,GLOBAL,"Assist with academic research, scientific writing, and educational content creation",646.0,8535.0,0.07568834212067956,71793.0,962973.0,0.07455349215398563,1.015221955858888,0.9423624177124049,1.0937146901082093,False
claude_ai,PK,GLOBAL,"Assist with business development, analysis, research, and strategic planning",253.0,8535.0,0.02964264792032806,42796.0,962973.0,0.04444153678244354,0.6670032151552031,0.5905521775295852,0.7533513649690846,True
claude_ai,PK,GLOBAL,"Assist with civic information, government services, and institutional research",68.0,8535.0,0.007967193907439954,11435.0,962973.0,0.01187468392156374,0.6709394506890402,0.5291344883453993,0.8507473173758868,False
claude_ai,PK,GLOBAL,"Assist with creative content, marketing, and media production projects",1669.0,8535.0,0.1955477445811365,72694.0,962973.0,0.07548913624784911,2.5904090879925543,2.4799072169921397,2.7058347978410215,False
claude_ai,PK,GLOBAL,"Assist with game development, gaming software, and tabletop RPG content",70.0,8535.0,0.008201523140011716,10583.0,962973.0,0.010989923912716141,0.7462766080229143,0.5905332919315952,0.9430946286880956,False
claude_ai,PK,GLOBAL,"Assist with job applications, career transitions, and interview preparation",313.0,8535.0,0.03667252489748096,34257.0,962973.0,0.035574206130389946,1.0308740204367557,0.9242020559903081,1.149858128018041,False
claude_ai,PK,GLOBAL,"Assist with mathematics, physics, and STEM homework and assignments",607.0,8535.0,0.07111892208553017,69277.0,962973.0,0.07194075015602722,0.9885763205316229,0.9153056874928516,1.0677123007863694,False
claude_ai,PK,GLOBAL,"Assist with software development, debugging, and programming across multiple platforms",1717.0,8535.0,0.20117164616285882,166673.0,962973.0,0.17308169595616907,1.1622930145877655,1.1139292247117945,1.2127566292275336,False
claude_ai,PK,GLOBAL,"Assist with translation, writing, editing, and document formatting tasks",736.0,8535.0,0.0862331575864089,75670.0,962973.0,0.07857956557452805,1.0973992660295617,1.0238232575496584,1.1762627389071685,False
claude_ai,PK,GLOBAL,Build and manage subscription-based e-commerce operations,102.0,8535.0,0.01195079086115993,7630.0,962973.0,0.007923378952473225,1.5082947480922362,1.2420752414447827,1.8315742647574196,False
claude_ai,PK,GLOBAL,Create professional presentations and draft workplace correspondence,156.0,8535.0,0.018277680140597538,33809.0,962973.0,0.03510898021024473,0.5205984346780926,0.4454753702687928,0.6083899319186815,False
claude_ai,PK,GLOBAL,Develop and debug automated trading bots and blockchain financial software,135.0,8535.0,0.015817223198594025,16304.0,962973.0,0.016930900450999146,0.934222207753906,0.7897158225151832,1.1051711369804829,True
claude_ai,PK,GLOBAL,"Develop, deploy, and debug machine learning and AI systems",307.0,8535.0,0.03596953719976567,22230.0,962973.0,0.02308475938577717,1.558150838770578,1.3950092342721108,1.7403713012898105,False
claude_ai,PK,GLOBAL,"Extract and structure data from documents, images, and online sources",165.0,8535.0,0.019332161687170474,19835.0,962973.0,0.02059766992428656,0.9385606118668823,0.8064302192413082,1.092340045213938,False
claude_ai,PK,GLOBAL,"Get help with daily life tasks, personal information, and household management",256.0,8535.0,0.029994141769185707,56975.0,962973.0,0.05916572946489673,0.5069512712926383,0.4492158028810492,0.5721071917260104,False
claude_ai,PK,GLOBAL,"Implement and troubleshoot authentication, authorization, and security systems for web applications",88.0,8535.0,0.010310486233157586,10956.0,962973.0,0.011377266029265618,0.9062358396679865,0.735544167068778,1.116538521910333,False
claude_ai,PK,GLOBAL,Provide entertainment recommendations and sports information including schedules and results,31.0,8535.0,0.0036321031048623317,13540.0,962973.0,0.014060622675817494,0.2583173724666613,0.18170865830067356,0.3672244654829004,False
claude_ai,PK,GLOBAL,"Provide financial information, tax guidance, and consumer purchase assistance",204.0,8535.0,0.02390158172231986,43006.0,962973.0,0.044659611432511605,0.5351945741498284,0.46719113779088933,0.613096458879366,True
claude_ai,PK,GLOBAL,"Provide health, fitness, medical, and mental health information and clinical documentation assistance",226.0,8535.0,0.026479203280609254,41929.0,962973.0,0.04354120001287679,0.6081413298847608,0.5345512481911605,0.6918623394211001,False
claude_ai,PK,GLOBAL,Provide legal services and fraud investigation assistance,68.0,8535.0,0.007967193907439954,21349.0,962973.0,0.022169884306205884,0.3593701165688873,0.28350940923168827,0.4555294338650849,True
claude_ai,PK,GLOBAL,"Provide technical support across IT infrastructure, security, and engineering systems",453.0,8535.0,0.053075571177504395,78722.0,962973.0,0.08174891715551734,0.6492510607392462,0.5934530626020006,0.710295331568174,False
claude_ai,PK,GLOBAL,"Resolve payment, billing, subscription, and account access issues",33.0,8535.0,0.003866432337434095,3306.0,962973.0,0.003433118062500195,1.1262159550138906,0.7998230583039215,1.5858037151585718,False
claude_ai,PL,GLOBAL,"Assist with SQL databases, data analysis, and visualization tasks",225.0,9066.0,0.024818001323626736,26366.0,962442.0,0.02739489756265832,0.9059351752224063,0.7958293354467663,1.031274552407035,False
claude_ai,PL,GLOBAL,"Assist with academic research, scientific writing, and educational content creation",545.0,9066.0,0.06011471431722921,71894.0,962442.0,0.07469956631152838,0.804753190487422,0.741620711461288,0.8732599934049853,False
claude_ai,PL,GLOBAL,"Assist with business development, analysis, research, and strategic planning",302.0,9066.0,0.03331127288771233,42747.0,962442.0,0.04441514397750722,0.7499980840900093,0.6710161518404887,0.8382765818614741,True
claude_ai,PL,GLOBAL,"Assist with civic information, government services, and institutional research",98.0,9066.0,0.010809618354290756,11405.0,962442.0,0.01185006473117341,0.9121990976010789,0.7485200954227553,1.1116698118762707,False
claude_ai,PL,GLOBAL,"Assist with creative content, marketing, and media production projects",697.0,9066.0,0.07688065298919038,73666.0,962442.0,0.07654071621978259,1.0044412540958159,0.9349756800634033,1.0790678885478164,False
claude_ai,PL,GLOBAL,"Assist with game development, gaming software, and tabletop RPG content",172.0,9066.0,0.018971983234061327,10481.0,962442.0,0.010890006878336564,1.742146120385121,1.5006135313459172,2.022554802668437,False
claude_ai,PL,GLOBAL,"Assist with job applications, career transitions, and interview preparation",200.0,9066.0,0.022060445621001543,34370.0,962442.0,0.03571124285930996,0.6177451092338658,0.5384139015212603,0.7087651691461615,False
claude_ai,PL,GLOBAL,"Assist with mathematics, physics, and STEM homework and assignments",535.0,9066.0,0.059011692036179134,69349.0,962442.0,0.07205525112162603,0.8189783689265068,0.7541156126995558,0.8894200802559732,False
claude_ai,PL,GLOBAL,"Assist with software development, debugging, and programming across multiple platforms",1668.0,9066.0,0.1839841164791529,166722.0,962442.0,0.17322810101803537,1.0620916317728246,1.0168089209663922,1.1093909691604147,False
claude_ai,PL,GLOBAL,"Assist with translation, writing, editing, and document formatting tasks",830.0,9066.0,0.0915508493271564,75576.0,962442.0,0.07852525139177217,1.1658778253430595,1.0922835413098366,1.2444306374850809,False
claude_ai,PL,GLOBAL,Build and manage subscription-based e-commerce operations,105.0,9066.0,0.01158173395102581,7627.0,962442.0,0.007924633380505006,1.4614851432140008,1.2068073021055634,1.7699087668002949,False
claude_ai,PL,GLOBAL,"Create prediction tools for sports analysis, gaming, and divination readings",71.0,9066.0,0.007831458195455549,7985.0,962442.0,0.008296603847296772,0.9439354149719009,0.747948288731397,1.1912776338447584,False
claude_ai,PL,GLOBAL,Create professional presentations and draft workplace correspondence,179.0,9066.0,0.01974409883079638,33786.0,962442.0,0.03510445304756027,0.5624385830494681,0.4863168616535387,0.6504754094421222,False
claude_ai,PL,GLOBAL,Develop and debug automated trading bots and blockchain financial software,116.0,9066.0,0.012795058460180895,16323.0,962442.0,0.01695998304313403,0.75442637104291,0.6292355028289555,0.9045248508167673,True
claude_ai,PL,GLOBAL,"Develop, deploy, and debug machine learning and AI systems",198.0,9066.0,0.02183984116479153,22339.0,962442.0,0.023210749323076093,0.9409364971719544,0.8193453287888602,1.0805718426673048,False
claude_ai,PL,GLOBAL,"Extract and structure data from documents, images, and online sources",192.0,9066.0,0.021178027796161483,19808.0,962442.0,0.020580980464277327,1.0290096641858466,0.8940217721779157,1.1843793092514856,False
claude_ai,PL,GLOBAL,"Get help with daily life tasks, personal information, and household management",577.0,9066.0,0.06364438561658946,56654.0,962442.0,0.058864845881621955,1.0811951456490556,0.9987081607584086,1.1704950343925988,False
claude_ai,PL,GLOBAL,"Implement and troubleshoot authentication, authorization, and security systems for web applications",123.0,9066.0,0.013567174056915949,10921.0,962442.0,0.01134717728444935,1.195643085219879,1.0021743543133752,1.4264607561361458,False
claude_ai,PL,GLOBAL,Provide entertainment recommendations and sports information including schedules and results,53.0,9066.0,0.0058460180895654095,13518.0,962442.0,0.01404552170416503,0.41621936249130875,0.318063945298429,0.5446658141340962,False
claude_ai,PL,GLOBAL,"Provide financial information, tax guidance, and consumer purchase assistance",448.0,9066.0,0.04941539819104346,42762.0,962442.0,0.04443072933226106,1.112189669935556,1.0156941108409934,1.2178527459287471,True
claude_ai,PL,GLOBAL,"Provide health, fitness, medical, and mental health information and clinical documentation assistance",468.0,9066.0,0.05162144275314361,41687.0,962442.0,0.04331377890823551,1.1918018712361418,1.0906093432487198,1.302383579486757,False
claude_ai,PL,GLOBAL,Provide legal services and fraud investigation assistance,163.0,9066.0,0.01797926318111626,21254.0,962442.0,0.022083408662547977,0.8141525366782674,0.6988493592981462,0.9484795888563904,True
claude_ai,PL,GLOBAL,"Provide technical support across IT infrastructure, security, and engineering systems",1049.0,9066.0,0.1157070372821531,78126.0,962442.0,0.08117476169992581,1.425406553207767,1.3460230936661455,1.509471755342402,False
claude_ai,PR,GLOBAL,"Assist with academic research, scientific writing, and educational content creation",50.0,503.0,0.09940357852882704,72389.0,971005.0,0.07455059448715506,1.3333707023081367,1.0248723333681777,1.734730631210243,False
claude_ai,PR,GLOBAL,"Assist with creative content, marketing, and media production projects",57.0,503.0,0.11332007952286283,74306.0,971005.0,0.07652483766818914,1.4808274408136277,1.1595669359203151,1.8910938571443794,False
claude_ai,PR,GLOBAL,"Assist with mathematics, physics, and STEM homework and assignments",43.0,503.0,0.08548707753479125,69841.0,971005.0,0.07192650913229078,1.188533665349436,0.8929677211556432,1.5819298281474483,False
claude_ai,PR,GLOBAL,"Assist with software development, debugging, and programming across multiple platforms",70.0,503.0,0.13916500994035785,168320.0,971005.0,0.1733461722648184,0.802815592188315,0.645953782614769,0.9977693333596385,False
claude_ai,PR,GLOBAL,"Assist with translation, writing, editing, and document formatting tasks",52.0,503.0,0.10337972166998012,76354.0,971005.0,0.07863399261589796,1.3146950603787497,1.0162752778786448,1.7007430362688387,False
claude_ai,PR,GLOBAL,"Get help with daily life tasks, personal information, and household management",33.0,503.0,0.06560636182902585,57198.0,971005.0,0.05890597885695748,1.1137470780061058,0.80077449670137,1.5490410332457538,False
claude_ai,PR,GLOBAL,"Provide financial information, tax guidance, and consumer purchase assistance",34.0,503.0,0.06759443339960239,43176.0,971005.0,0.0444652705186894,1.5201624236423226,1.0986786969103637,2.1033390387495934,True
claude_ai,PR,GLOBAL,"Provide health, fitness, medical, and mental health information and clinical documentation assistance",38.0,503.0,0.07554671968190854,42117.0,971005.0,0.04337464791633411,1.7417252545226773,1.2827747460630259,2.364878846853317,False
claude_ai,PR,GLOBAL,"Provide technical support across IT infrastructure, security, and engineering systems",54.0,503.0,0.1073558648111332,79121.0,971005.0,0.08148361748909635,1.3175147117823889,1.023942073721356,1.695257046577231,False
claude_ai,PT,GLOBAL,"Assist with SQL databases, data analysis, and visualization tasks",122.0,4293.0,0.02841835546238062,26469.0,967215.0,0.027366200896388082,1.0384472280232149,0.8714585382981466,1.237434253034035,False
claude_ai,PT,GLOBAL,"Assist with academic research, scientific writing, and educational content creation",263.0,4293.0,0.06126252038201724,72176.0,967215.0,0.07462249861716372,0.8209658148317003,0.7300938841568375,0.9231482193562565,False
claude_ai,PT,GLOBAL,"Assist with business development, analysis, research, and strategic planning",200.0,4293.0,0.04658746797111577,42849.0,967215.0,0.04430142212434671,1.0516020871824954,0.9182115300652691,1.2043705764487322,True
claude_ai,PT,GLOBAL,"Assist with civic information, government services, and institutional research",42.0,4293.0,0.009783368273934312,11461.0,967215.0,0.011849485378121721,0.8256365539720246,0.6107290290122669,1.1161672147094026,False
claude_ai,PT,GLOBAL,"Assist with creative content, marketing, and media production projects",373.0,4293.0,0.08688562776613092,73990.0,967215.0,0.07649798648697549,1.1357897345562686,1.0305630569003728,1.25176068799069,False
claude_ai,PT,GLOBAL,"Assist with game development, gaming software, and tabletop RPG content",59.0,4293.0,0.013743303051479153,10594.0,967215.0,0.010953097294810357,1.2547412555159911,0.9731782326821348,1.6177669880210706,False
claude_ai,PT,GLOBAL,"Assist with job applications, career transitions, and interview preparation",138.0,4293.0,0.03214535290006988,34432.0,967215.0,0.035599117052568456,0.9029817467832566,0.7660383213689542,1.0644063257391847,False
claude_ai,PT,GLOBAL,"Assist with mathematics, physics, and STEM homework and assignments",253.0,4293.0,0.05893314698346145,69631.0,967215.0,0.07199123255946197,0.8186156131551846,0.7262270138011894,0.9227576355138076,False
claude_ai,PT,GLOBAL,"Assist with software development, debugging, and programming across multiple platforms",743.0,4293.0,0.17307244351269507,167647.0,967215.0,0.17332961130668983,0.9985163077903653,0.9351792232614887,1.0661430366749274,False
claude_ai,PT,GLOBAL,"Assist with translation, writing, editing, and document formatting tasks",335.0,4293.0,0.07803400885161892,76071.0,967215.0,0.07864952466618073,0.9921739410737153,0.8950228325334632,1.0998704095171148,False
claude_ai,PT,GLOBAL,Build and manage subscription-based e-commerce operations,42.0,4293.0,0.009783368273934312,7690.0,967215.0,0.00795066246904773,1.2305098238066807,0.9099686023696261,1.6639633747162015,False
claude_ai,PT,GLOBAL,"Create prediction tools for sports analysis, gaming, and divination readings",30.0,4293.0,0.0069881201956673656,8026.0,967215.0,0.008298051622441753,0.8421398797722913,0.5891544085320782,1.203758415166429,False
claude_ai,PT,GLOBAL,Create professional presentations and draft workplace correspondence,167.0,4293.0,0.03890053575588167,33798.0,967215.0,0.03494362680479521,1.113236927958018,0.9590744599958545,1.2921796059241974,False
claude_ai,PT,GLOBAL,Develop and debug automated trading bots and blockchain financial software,82.0,4293.0,0.019100861868157466,16357.0,967215.0,0.01691144161329177,1.1294638449477241,0.9110445482422804,1.4002482968646708,True
claude_ai,PT,GLOBAL,"Develop, deploy, and debug machine learning and AI systems",84.0,4293.0,0.019566736547868623,22453.0,967215.0,0.023214073396297618,0.8428825141471852,0.6817631688478173,1.0420787820728787,False
claude_ai,PT,GLOBAL,"Extract and structure data from documents, images, and online sources",99.0,4293.0,0.023060796645702306,19901.0,967215.0,0.020575570064566822,1.1207853086615225,0.9220478789804261,1.362358437937658,False
claude_ai,PT,GLOBAL,"Get help with daily life tasks, personal information, and household management",260.0,4293.0,0.0605637083624505,56971.0,967215.0,0.05890210552979431,1.0282095659859851,0.9136884086757175,1.1570847364884433,False
claude_ai,PT,GLOBAL,"Implement and troubleshoot authentication, authorization, and security systems for web applications",41.0,4293.0,0.009550430934078733,11003.0,967215.0,0.011375960877364392,0.8395274066986241,0.618710670611566,1.1391532425025894,False
claude_ai,PT,GLOBAL,Provide entertainment recommendations and sports information including schedules and results,34.0,4293.0,0.00791986955508968,13537.0,967215.0,0.013995854075877648,0.5658725442657949,0.4047006872659777,0.7912310169698186,False
claude_ai,PT,GLOBAL,"Provide financial information, tax guidance, and consumer purchase assistance",217.0,4293.0,0.05054740274866061,42993.0,967215.0,0.044450303190087005,1.1371666585152413,0.9985648299349147,1.2950065638933081,True
claude_ai,PT,GLOBAL,"Provide health, fitness, medical, and mental health information and clinical documentation assistance",194.0,4293.0,0.0451898439319823,41961.0,967215.0,0.043383322218948216,1.0416409260664012,0.907533950066064,1.1955649910149215,False
claude_ai,PT,GLOBAL,Provide legal services and fraud investigation assistance,88.0,4293.0,0.020498485907290937,21329.0,967215.0,0.02205197396649142,0.9295533333405412,0.7555867111422147,1.1435741084147764,True
claude_ai,PT,GLOBAL,"Provide technical support across IT infrastructure, security, and engineering systems",407.0,4293.0,0.0948054973212206,78768.0,967215.0,0.0814379429599417,1.1641440571240145,1.061104659191717,1.2771891763904712,False
claude_ai,PY,GLOBAL,"Assist with academic research, scientific writing, and educational content creation",34.0,421.0,0.08076009501187649,72405.0,971087.0,0.07456077570804676,1.0831445119093723,0.7846746850844786,1.4951444923358075,False
claude_ai,PY,GLOBAL,"Assist with creative content, marketing, and media production projects",42.0,421.0,0.0997624703087886,74321.0,971087.0,0.07653382240726114,1.3035082682519152,0.978263376781299,1.7368878828844945,False
claude_ai,PY,GLOBAL,"Assist with software development, debugging, and programming across multiple platforms",83.0,421.0,0.19714964370546317,168307.0,971087.0,0.17331814760160522,1.1375014470996876,0.9380213965208678,1.3794030146359229,False
claude_ai,PY,GLOBAL,"Assist with translation, writing, editing, and document formatting tasks",58.0,421.0,0.1377672209026128,76348.0,971087.0,0.07862117400397699,1.7522915760027187,1.3796797339312328,2.2255351671949217,False
claude_ai,PY,GLOBAL,"Get help with daily life tasks, personal information, and household management",30.0,421.0,0.07125890736342043,57201.0,971087.0,0.05890409407190087,1.2097445599696133,0.8568072006777507,1.7080644271178291,False
claude_ai,PY,GLOBAL,"Provide technical support across IT infrastructure, security, and engineering systems",42.0,421.0,0.0997624703087886,79133.0,971087.0,0.08148909418002713,1.2242432108570456,0.9187811723353838,1.6312605051755134,False
claude_ai,QA,GLOBAL,"Assist with academic research, scientific writing, and educational content creation",57.0,559.0,0.10196779964221825,72382.0,970949.0,0.07454768479085926,1.3678198045758914,1.0694041008250093,1.749507988932032,False
claude_ai,QA,GLOBAL,"Assist with business development, analysis, research, and strategic planning",35.0,559.0,0.0626118067978533,43014.0,970949.0,0.04430098800245945,1.4133275491367663,1.0253691526600384,1.948073780030331,True
claude_ai,QA,GLOBAL,"Assist with creative content, marketing, and media production projects",39.0,559.0,0.06976744186046512,74324.0,970949.0,0.07654778984272088,0.9114233344138736,0.6733220151283392,1.2337224624324346,False
claude_ai,QA,GLOBAL,"Assist with mathematics, physics, and STEM homework and assignments",60.0,559.0,0.1073345259391771,69824.0,970949.0,0.07191314888835562,1.492557725511544,1.1750546069666927,1.8958510955800536,False
claude_ai,QA,GLOBAL,"Assist with software development, debugging, and programming across multiple platforms",99.0,559.0,0.1771019677996422,168291.0,970949.0,0.1733263024113522,1.0217835685395822,0.8545350833626046,1.2217657077684487,False
claude_ai,QA,GLOBAL,"Assist with translation, writing, editing, and document formatting tasks",56.0,559.0,0.1001788908765653,76350.0,970949.0,0.07863440819239734,1.2739828934867086,0.9936246051412974,1.6334462778988494,False
claude_ai,QA,GLOBAL,Create professional presentations and draft workplace correspondence,38.0,559.0,0.06797853309481217,33927.0,970949.0,0.03494210303527786,1.945461983961882,1.4309874737547341,2.6449024889854535,False
claude_ai,QA,GLOBAL,"Get help with daily life tasks, personal information, and household management",36.0,559.0,0.06440071556350627,57195.0,970949.0,0.058906286529982525,1.0932740689862899,0.7970037241768648,1.4996770449878085,False
claude_ai,QA,GLOBAL,"Provide financial information, tax guidance, and consumer purchase assistance",35.0,559.0,0.0626118067978533,43175.0,970949.0,0.04446680515660452,1.40805723679372,1.0215460711017335,1.940808386594755,True
claude_ai,QA,GLOBAL,"Provide technical support across IT infrastructure, security, and engineering systems",31.0,559.0,0.055456171735241505,79144.0,970949.0,0.08151200526495213,0.6803436077297206,0.4831884134797253,0.9579439648507091,False
claude_ai,RE,GLOBAL,"Assist with academic research, scientific writing, and educational content creation",30.0,234.0,0.1282051282051282,72409.0,971274.0,0.07455053877690539,1.7197076011588017,1.231164799778979,2.4021107767329584,False
claude_ai,RE,GLOBAL,"Assist with mathematics, physics, and STEM homework and assignments",36.0,234.0,0.15384615384615385,69848.0,971274.0,0.07191379569513855,2.1393134983216306,1.5839321064778196,2.8894308192781253,False
claude_ai,RE,GLOBAL,"Assist with software development, debugging, and programming across multiple platforms",38.0,234.0,0.1623931623931624,168352.0,971274.0,0.1733311094500625,0.9368956496522549,0.7003255283291409,1.253379211281275,False
claude_ai,RE,GLOBAL,"Assist with translation, writing, editing, and document formatting tasks",30.0,234.0,0.1282051282051282,76376.0,971274.0,0.07863486513589368,1.6303853002554163,1.1672224197524388,2.277334792671926,False
claude_ai,RO,GLOBAL,"Assist with SQL databases, data analysis, and visualization tasks",103.0,3714.0,0.02773290253096392,26488.0,967794.0,0.02736946085633926,1.0132790951393724,0.8372721767696413,1.2262852548233558,False
claude_ai,RO,GLOBAL,"Assist with academic research, scientific writing, and educational content creation",220.0,3714.0,0.05923532579429187,72219.0,967794.0,0.07462228532104973,0.7938020865943991,0.6981769808380333,0.9025243884799474,False
claude_ai,RO,GLOBAL,"Assist with business development, analysis, research, and strategic planning",139.0,3714.0,0.03742595584275713,42910.0,967794.0,0.04433794795173353,0.844106630363209,0.7168827745149108,0.9939086678505638,True
claude_ai,RO,GLOBAL,"Assist with civic information, government services, and institutional research",34.0,3714.0,0.009154550350026925,11469.0,967794.0,0.011850662434361031,0.7724927109123688,0.5525440921393217,1.0799952382121822,False
claude_ai,RO,GLOBAL,"Assist with creative content, marketing, and media production projects",317.0,3714.0,0.08535271943995693,74046.0,967794.0,0.07651008375749385,1.115574774568156,1.0038681405554837,1.2397116985545056,False
claude_ai,RO,GLOBAL,"Assist with game development, gaming software, and tabletop RPG content",44.0,3714.0,0.011847065158858373,10609.0,967794.0,0.010962043575388977,1.0807350908051825,0.8051769776496174,1.4505982770485404,False
claude_ai,RO,GLOBAL,"Assist with job applications, career transitions, and interview preparation",77.0,3714.0,0.020732364028002152,34493.0,967794.0,0.0356408491889803,0.5817023022675997,0.4662308051371219,0.7257726532332125,False
claude_ai,RO,GLOBAL,"Assist with mathematics, physics, and STEM homework and assignments",255.0,3714.0,0.06865912762520193,69629.0,967794.0,0.07194609596670366,0.9543134579112823,0.8475287995661253,1.0745524829561073,False
claude_ai,RO,GLOBAL,"Assist with software development, debugging, and programming across multiple platforms",667.0,3714.0,0.17959073774905762,167723.0,967794.0,0.1733044428876393,1.0362731315866727,0.967299927622331,1.1101644614902981,False
claude_ai,RO,GLOBAL,"Assist with translation, writing, editing, and document formatting tasks",263.0,3714.0,0.0708131394722671,76143.0,967794.0,0.07867686718454547,0.9000503198248462,0.8009113984504181,1.0114609178794924,False
claude_ai,RO,GLOBAL,Build and manage subscription-based e-commerce operations,40.0,3714.0,0.010770059235325794,7692.0,967794.0,0.00794797239908493,1.3550700347884674,0.9948340032083246,1.8457499374366513,False
claude_ai,RO,GLOBAL,Create professional presentations and draft workplace correspondence,92.0,3714.0,0.024771136241249325,33873.0,967794.0,0.035000216988326026,0.7077423619833983,0.5782531841914181,0.8662282623592572,False
claude_ai,RO,GLOBAL,Develop and debug automated trading bots and blockchain financial software,80.0,3714.0,0.021540118470651588,16359.0,967794.0,0.01690339059758585,1.2743075625151772,1.025427245918727,1.5835933464284755,True
claude_ai,RO,GLOBAL,"Develop, deploy, and debug machine learning and AI systems",62.0,3714.0,0.01669359181475498,22475.0,967794.0,0.02322291727371734,0.71884129017882,0.5614197312777809,0.9204037045329281,False
claude_ai,RO,GLOBAL,"Extract and structure data from documents, images, and online sources",91.0,3714.0,0.02450188476036618,19909.0,967794.0,0.02057152658520305,1.1910581676515057,0.9718497374668356,1.4597108010000084,False
claude_ai,RO,GLOBAL,"Get help with daily life tasks, personal information, and household management",256.0,3714.0,0.06892837910608508,56975.0,967794.0,0.05887099940689858,1.1708375906730057,1.0400288977625542,1.318098628492096,False
claude_ai,RO,GLOBAL,"Implement and troubleshoot authentication, authorization, and security systems for web applications",34.0,3714.0,0.009154550350026925,11010.0,967794.0,0.011376387950328273,0.8046974479068082,0.5755673165934975,1.1250430036580121,False
claude_ai,RO,GLOBAL,"Provide financial information, tax guidance, and consumer purchase assistance",182.0,3714.0,0.04900376952073236,43028.0,967794.0,0.04445987472540644,1.1022021502172459,0.9563120380174526,1.2703485176888984,True
claude_ai,RO,GLOBAL,"Provide health, fitness, medical, and mental health information and clinical documentation assistance",218.0,3714.0,0.05869682283252558,41937.0,967794.0,0.04333256870780352,1.354565966959517,1.1904700387849663,1.5412810898774736,False
claude_ai,RO,GLOBAL,Provide legal services and fraud investigation assistance,63.0,3714.0,0.016962843295638127,21354.0,967794.0,0.022064612923824698,0.7687804610124007,0.6016121459003942,0.9823993768441835,True
claude_ai,RO,GLOBAL,"Provide technical support across IT infrastructure, security, and engineering systems",406.0,3714.0,0.10931610123855681,78769.0,967794.0,0.0813902545376392,1.3431104480451428,1.2250012894456528,1.472607164735606,False
claude_ai,RS,GLOBAL,"Assist with SQL databases, data analysis, and visualization tasks",47.0,1575.0,0.029841269841269842,26544.0,969933.0,0.027366838740407844,1.0904171330979648,0.8225986613051725,1.4454309009779427,False
claude_ai,RS,GLOBAL,"Assist with academic research, scientific writing, and educational content creation",69.0,1575.0,0.04380952380952381,72370.0,969933.0,0.07461340113183075,0.587153556130204,0.4661232725932499,0.7396097100201666,False
claude_ai,RS,GLOBAL,"Assist with business development, analysis, research, and strategic planning",49.0,1575.0,0.03111111111111111,43000.0,969933.0,0.04433295908067877,0.7017603100775194,0.5326300160887253,0.924595906960792,True
claude_ai,RS,GLOBAL,"Assist with creative content, marketing, and media production projects",123.0,1575.0,0.07809523809523809,74240.0,969933.0,0.07654136935231609,1.020301031403941,0.8609410522689543,1.209158503872501,False
claude_ai,RS,GLOBAL,"Assist with job applications, career transitions, and interview preparation",30.0,1575.0,0.01904761904761905,34540.0,969933.0,0.035610707131317317,0.53488460584002,0.3752073399138148,0.7625158442538761,False
claude_ai,RS,GLOBAL,"Assist with mathematics, physics, and STEM homework and assignments",108.0,1575.0,0.06857142857142857,69776.0,969933.0,0.0719389896003126,0.9531886526681299,0.7944520215981342,1.1436418850663777,False
claude_ai,RS,GLOBAL,"Assist with software development, debugging, and programming across multiple platforms",379.0,1575.0,0.24063492063492065,168011.0,969933.0,0.17321918111869583,1.3891932699417924,1.272371863093149,1.5167405042736994,False
claude_ai,RS,GLOBAL,"Assist with translation, writing, editing, and document formatting tasks",130.0,1575.0,0.08253968253968254,76276.0,969933.0,0.0786404834148338,1.0495825935387528,0.8901151191462112,1.2376192662767038,False
claude_ai,RS,GLOBAL,Create professional presentations and draft workplace correspondence,38.0,1575.0,0.02412698412698413,33927.0,969933.0,0.03497870471465555,0.6897620802086273,0.5037488843719105,0.9444620962028324,False
claude_ai,RS,GLOBAL,Develop and debug automated trading bots and blockchain financial software,30.0,1575.0,0.01904761904761905,16409.0,969933.0,0.016917663384996697,1.1259012911033144,0.7896530181172837,1.6053300477854073,True
claude_ai,RS,GLOBAL,"Develop, deploy, and debug machine learning and AI systems",36.0,1575.0,0.022857142857142857,22501.0,969933.0,0.02319850958777565,0.9852849714615859,0.713199391860959,1.3611712041074155,False
claude_ai,RS,GLOBAL,"Extract and structure data from documents, images, and online sources",37.0,1575.0,0.02349206349206349,19963.0,969933.0,0.020581834002967217,1.1413979671916854,0.8298944830914274,1.5698252561654715,False
claude_ai,RS,GLOBAL,"Get help with daily life tasks, personal information, and household management",86.0,1575.0,0.054603174603174605,57145.0,969933.0,0.058916440620125306,0.9267901120374653,0.7545128161499054,1.1384033423757836,False
claude_ai,RS,GLOBAL,"Provide financial information, tax guidance, and consumer purchase assistance",62.0,1575.0,0.03936507936507937,43148.0,969933.0,0.04448554693984017,0.8848959285206621,0.6932038275826355,1.1295967696010736,True
claude_ai,RS,GLOBAL,"Provide health, fitness, medical, and mental health information and clinical documentation assistance",74.0,1575.0,0.04698412698412698,42081.0,969933.0,0.04338547095521031,1.0829461096004191,0.8668065628638576,1.3529803840247123,False
claude_ai,RS,GLOBAL,"Provide technical support across IT infrastructure, security, and engineering systems",168.0,1575.0,0.10666666666666667,79007.0,969933.0,0.0814561418159811,1.3094981457339225,1.1349207318741363,1.5109296583637988,False
claude_ai,RW,GLOBAL,"Assist with academic research, scientific writing, and educational content creation",47.0,419.0,0.11217183770883055,72392.0,971089.0,0.0745472351143922,1.5047082234063232,1.1492665904852983,1.9700797502784249,False
claude_ai,RW,GLOBAL,"Assist with creative content, marketing, and media production projects",36.0,419.0,0.08591885441527446,74327.0,971089.0,0.07653984341291066,1.1225376298690175,0.8213526956649241,1.5341652095654816,False
claude_ai,RW,GLOBAL,"Assist with mathematics, physics, and STEM homework and assignments",65.0,419.0,0.15513126491646778,69819.0,971089.0,0.07189763245181441,2.157668613364095,1.7253967654972437,2.6982395807116597,False
claude_ai,RW,GLOBAL,"Assist with software development, debugging, and programming across multiple platforms",88.0,419.0,0.2100238663484487,168302.0,971089.0,0.17331264178669514,1.211820812280595,1.0063893610708732,1.4591864122190217,False
claude_ai,RW,GLOBAL,"Assist with translation, writing, editing, and document formatting tasks",52.0,419.0,0.12410501193317422,76354.0,971089.0,0.07862719071063518,1.578398144605053,1.2237756657838061,2.0357821883122793,False
claude_ai,SA,GLOBAL,"Assist with SQL databases, data analysis, and visualization tasks",102.0,3563.0,0.02862756104406399,26489.0,967945.0,0.027366224320596728,1.0460910028614339,0.8636575803498082,1.2670604776309753,False
claude_ai,SA,GLOBAL,"Assist with academic research, scientific writing, and educational content creation",232.0,3563.0,0.06511366825708673,72207.0,967945.0,0.07459824680121288,0.872857889416619,0.7705886429745826,0.9886998751705778,False
claude_ai,SA,GLOBAL,"Assist with business development, analysis, research, and strategic planning",197.0,3563.0,0.05529048554588829,42852.0,967945.0,0.04427111044532489,1.248906679541558,1.090050932793275,1.4309128567108205,True
claude_ai,SA,GLOBAL,"Assist with civic information, government services, and institutional research",32.0,3563.0,0.008981195621667135,11471.0,967945.0,0.011850879957022352,0.7578505270695314,0.5365092975371442,1.0705078626150062,False
claude_ai,SA,GLOBAL,"Assist with creative content, marketing, and media production projects",214.0,3563.0,0.06006174571989896,74149.0,967945.0,0.07660455914333976,0.7840492314238573,0.6884143285061101,0.8929697884562338,False
claude_ai,SA,GLOBAL,"Assist with game development, gaming software, and tabletop RPG content",46.0,3563.0,0.012910468706146505,10607.0,967945.0,0.01095826725692059,1.1781487349647384,0.8835622857628653,1.5709525678776433,False
claude_ai,SA,GLOBAL,"Assist with job applications, career transitions, and interview preparation",110.0,3563.0,0.030872859949480774,34460.0,967945.0,0.03560119634896611,0.8671860250667489,0.7212531889757076,1.0426457914717053,False
claude_ai,SA,GLOBAL,"Assist with mathematics, physics, and STEM homework and assignments",256.0,3563.0,0.07184956497333708,69628.0,967945.0,0.07193383921607116,0.998828447867478,0.8874472753552901,1.1241887782797486,False
claude_ai,SA,GLOBAL,"Assist with software development, debugging, and programming across multiple platforms",627.0,3563.0,0.17597530171204043,167763.0,967945.0,0.17331873195274525,1.0153276551782036,0.9455615021201674,1.0902413487204954,False
claude_ai,SA,GLOBAL,"Assist with translation, writing, editing, and document formatting tasks",389.0,3563.0,0.1091776592758911,76017.0,967945.0,0.0785344208606894,1.390188634223955,1.2654112291943167,1.5272698662204551,False
claude_ai,SA,GLOBAL,Build and manage subscription-based e-commerce operations,31.0,3563.0,0.008700533258490037,7701.0,967945.0,0.00795603055958758,1.093577154251284,0.7697089784359086,1.5537183868252311,False
claude_ai,SA,GLOBAL,Create professional presentations and draft workplace correspondence,137.0,3563.0,0.03845074375526242,33828.0,967945.0,0.034948266688706486,1.1002189063553116,0.9333011191695878,1.2969893821392968,False
claude_ai,SA,GLOBAL,Develop and debug automated trading bots and blockchain financial software,82.0,3563.0,0.02301431378052203,16357.0,967945.0,0.016898687425421898,1.3618994896550345,1.0990001978669282,1.6876887042628423,True
claude_ai,SA,GLOBAL,"Develop, deploy, and debug machine learning and AI systems",79.0,3563.0,0.02217232669099074,22458.0,967945.0,0.02320173150333955,0.9556324142359529,0.7681090455726933,1.1889370609579784,False
claude_ai,SA,GLOBAL,"Extract and structure data from documents, images, and online sources",120.0,3563.0,0.03367948358125175,19880.0,967945.0,0.020538357034748874,1.6398333870751876,1.3746147690516146,1.9562233710188752,False
claude_ai,SA,GLOBAL,"Get help with daily life tasks, personal information, and household management",159.0,3563.0,0.04462531574515857,57072.0,967945.0,0.05896202780116639,0.7568483888587664,0.65003378943788,0.881214935324299,False
claude_ai,SA,GLOBAL,"Implement and troubleshoot authentication, authorization, and security systems for web applications",43.0,3563.0,0.012068481616615213,11001.0,967945.0,0.011365315178031809,1.0618695062625774,0.7884884417901091,1.430035988568722,False
claude_ai,SA,GLOBAL,"Provide financial information, tax guidance, and consumer purchase assistance",138.0,3563.0,0.03873140611843952,43072.0,967945.0,0.0444983960865545,0.8704000486467529,0.7388606803172424,1.025357370971457,True
claude_ai,SA,GLOBAL,"Provide health, fitness, medical, and mental health information and clinical documentation assistance",167.0,3563.0,0.046870614650575355,41988.0,967945.0,0.04337849774522313,1.0805034080678089,0.9315173344618989,1.2533181849166144,False
claude_ai,SA,GLOBAL,Provide legal services and fraud investigation assistance,61.0,3563.0,0.017120404153802976,21356.0,967945.0,0.022063237064089386,0.7759697320964984,0.6048408844249025,0.995516408753404,True
claude_ai,SA,GLOBAL,"Provide technical support across IT infrastructure, security, and engineering systems",325.0,3563.0,0.09121526803255683,78850.0,967945.0,0.08146124004979621,1.1197382703332053,1.0092779046011349,1.242287964824023,False
claude_ai,SE,GLOBAL,"Assist with SQL databases, data analysis, and visualization tasks",121.0,4741.0,0.025522041763341066,26470.0,966767.0,0.02737991677415551,0.9321446070804666,0.7814833311965831,1.1118516976923547,False
claude_ai,SE,GLOBAL,"Assist with academic research, scientific writing, and educational content creation",344.0,4741.0,0.0725585319552837,72095.0,966767.0,0.07457329428911,0.9729827902463936,0.8786216171337746,1.0774780538680033,False
claude_ai,SE,GLOBAL,"Assist with business development, analysis, research, and strategic planning",200.0,4741.0,0.04218519299725796,42849.0,966767.0,0.044321951411250074,0.9517900646078108,0.8308014750083795,1.0903980726286067,True
claude_ai,SE,GLOBAL,"Assist with civic information, government services, and institutional research",48.0,4741.0,0.010124446319341911,11455.0,966767.0,0.011848770179371037,0.854472334771822,0.6444712258351506,1.1329023571909895,False
claude_ai,SE,GLOBAL,"Assist with creative content, marketing, and media production projects",305.0,4741.0,0.06433241932081839,74058.0,966767.0,0.07660377319457533,0.8398074486149993,0.7532468312254794,0.936315323891638,False
claude_ai,SE,GLOBAL,"Assist with game development, gaming software, and tabletop RPG content",85.0,4741.0,0.017928707023834634,10568.0,966767.0,0.010931279201710444,1.6401289083375792,1.3274313905147832,2.0264872860369962,False
claude_ai,SE,GLOBAL,"Assist with job applications, career transitions, and interview preparation",168.0,4741.0,0.03543556211769669,34402.0,966767.0,0.03558458242782387,0.9958122225986651,0.8580674363938724,1.1556690542230381,False
claude_ai,SE,GLOBAL,"Assist with mathematics, physics, and STEM homework and assignments",288.0,4741.0,0.06074667791605146,69596.0,966767.0,0.07198839017053747,0.8438399271347107,0.7543096931743827,0.9439966489494617,False
claude_ai,SE,GLOBAL,"Assist with software development, debugging, and programming across multiple platforms",815.0,4741.0,0.17190466146382619,167575.0,966767.0,0.1733354572508164,0.9917455100665304,0.9315393601725742,1.055842832615158,False
claude_ai,SE,GLOBAL,"Assist with translation, writing, editing, and document formatting tasks",344.0,4741.0,0.0725585319552837,76062.0,966767.0,0.07867666149134175,0.9222370469197991,0.832808608558876,1.021268466692637,False
claude_ai,SE,GLOBAL,Build and manage subscription-based e-commerce operations,35.0,4741.0,0.007382408774520143,7697.0,966767.0,0.00796158743523517,0.9272533693278571,0.6660750619602175,1.2908437202250582,False
claude_ai,SE,GLOBAL,Create professional presentations and draft workplace correspondence,140.0,4741.0,0.029529635098080573,33825.0,966767.0,0.03498774782341557,0.8439993121911622,0.7166804775214244,0.9939364351638286,False
claude_ai,SE,GLOBAL,Develop and debug automated trading bots and blockchain financial software,76.0,4741.0,0.016030373338958025,16363.0,966767.0,0.016925484630733154,0.9471145842317689,0.7573951637222326,1.1843566986301646,True
claude_ai,SE,GLOBAL,"Develop, deploy, and debug machine learning and AI systems",123.0,4741.0,0.025943893693313645,22414.0,966767.0,0.023184490161538406,1.1190193751317816,0.9394635890287476,1.3328929152165423,False
claude_ai,SE,GLOBAL,"Extract and structure data from documents, images, and online sources",85.0,4741.0,0.017928707023834634,19915.0,966767.0,0.020599586042965884,0.8703430732267908,0.7046928883559177,1.0749321834098993,False
claude_ai,SE,GLOBAL,"Get help with daily life tasks, personal information, and household management",294.0,4741.0,0.06201223370596921,56937.0,966767.0,0.05889423201247043,1.0529423949842585,0.9423237425044947,1.176546485190463,False
claude_ai,SE,GLOBAL,"Implement and troubleshoot authentication, authorization, and security systems for web applications",60.0,4741.0,0.012655557899177388,10984.0,966767.0,0.011361579367107069,1.1138907268312115,0.8656658541373283,1.433292702248289,False
claude_ai,SE,GLOBAL,"Provide financial information, tax guidance, and consumer purchase assistance",268.0,4741.0,0.05652815861632567,42942.0,966767.0,0.04441814832322576,1.272636540473879,1.1325037729247969,1.4301089346188625,True
claude_ai,SE,GLOBAL,"Provide health, fitness, medical, and mental health information and clinical documentation assistance",218.0,4741.0,0.04598186036701118,41937.0,966767.0,0.04337860104864978,1.0600125235814266,0.930794460712373,1.207169356475875,False
claude_ai,SE,GLOBAL,Provide legal services and fraud investigation assistance,62.0,4741.0,0.013077409829149969,21355.0,966767.0,0.022089086615492668,0.5920303567453912,0.462161868233653,0.7583921725253079,True
claude_ai,SE,GLOBAL,"Provide technical support across IT infrastructure, security, and engineering systems",569.0,4741.0,0.12001687407719891,78606.0,966767.0,0.08130811250280574,1.476075023547711,1.3661774699674485,1.594812916357996,False
claude_ai,SG,GLOBAL,"Assist with SQL databases, data analysis, and visualization tasks",137.0,5348.0,0.0256170531039641,26454.0,966160.0,0.02738055808561729,0.9355928036185814,0.7927106753279848,1.1042287197920064,False
claude_ai,SG,GLOBAL,"Assist with academic research, scientific writing, and educational content creation",466.0,5348.0,0.08713537771129394,71973.0,966160.0,0.07449387265049268,1.1696985887700075,1.072199853306297,1.2760632118643769,False
claude_ai,SG,GLOBAL,"Assist with business development, analysis, research, and strategic planning",269.0,5348.0,0.05029917726252805,42780.0,966160.0,0.044278380392481574,1.1359759958850888,1.0107223037337092,1.2767517432435194,True
claude_ai,SG,GLOBAL,"Assist with civic information, government services, and institutional research",40.0,5348.0,0.0074794315632011965,11463.0,966160.0,0.011864494493665646,0.6304045711508739,0.4627023029819114,0.8588890108538175,False
claude_ai,SG,GLOBAL,"Assist with creative content, marketing, and media production projects",316.0,5348.0,0.059087509349289455,74047.0,966160.0,0.0766405150285667,0.770969627843255,0.6926145877605548,0.8581889229024674,False
claude_ai,SG,GLOBAL,"Assist with game development, gaming software, and tabletop RPG content",48.0,5348.0,0.008975317875841436,10605.0,966160.0,0.010976442825204935,0.8176891201247488,0.6165982421282071,1.0843616661355369,False
claude_ai,SG,GLOBAL,"Assist with job applications, career transitions, and interview preparation",231.0,5348.0,0.04319371727748691,34339.0,966160.0,0.03554173221826613,1.2152957827780877,1.0708126483530833,1.3792738084573,False
claude_ai,SG,GLOBAL,"Assist with mathematics, physics, and STEM homework and assignments",433.0,5348.0,0.08096484667165295,69451.0,966160.0,0.07188353895835059,1.1263336202543406,1.0287926607886309,1.2331225449671954,False
claude_ai,SG,GLOBAL,"Assist with software development, debugging, and programming across multiple platforms",860.0,5348.0,0.16080777860882572,167530.0,966160.0,0.17339778090585412,0.9273923678189163,0.8721800728131873,0.9860998097728749,False
claude_ai,SG,GLOBAL,"Assist with translation, writing, editing, and document formatting tasks",368.0,5348.0,0.068810770381451,76038.0,966160.0,0.07870125031050758,0.8743288081188708,0.7920516482877124,0.9651527982539831,False
claude_ai,SG,GLOBAL,Build and manage subscription-based e-commerce operations,49.0,5348.0,0.009162303664921465,7683.0,966160.0,0.007952099031216362,1.1521868162046756,0.8711500359325614,1.5238872808112192,False
claude_ai,SG,GLOBAL,"Create prediction tools for sports analysis, gaming, and divination readings",37.0,5348.0,0.006918474195961107,8019.0,966160.0,0.008299867516767409,0.8335644131649561,0.6041766518310551,1.1500438303751792,False
claude_ai,SG,GLOBAL,Create professional presentations and draft workplace correspondence,231.0,5348.0,0.04319371727748691,33734.0,966160.0,0.03491554193922332,1.237091417703704,1.0900084217432857,1.4040214233469408,False
claude_ai,SG,GLOBAL,Develop and debug automated trading bots and blockchain financial software,160.0,5348.0,0.029917726252804786,16279.0,966160.0,0.016849176119897325,1.7756195341488956,1.5231416367781103,2.069948489308116,True
claude_ai,SG,GLOBAL,"Develop, deploy, and debug machine learning and AI systems",164.0,5348.0,0.030665669409124907,22373.0,966160.0,0.023156620021528525,1.3242722547856847,1.1383982278797522,1.5404951991724312,False
claude_ai,SG,GLOBAL,"Extract and structure data from documents, images, and online sources",108.0,5348.0,0.02019446522064323,19892.0,966160.0,0.0205887223648257,0.9808508203084991,0.813403625368086,1.1827686792820662,False
claude_ai,SG,GLOBAL,"Get help with daily life tasks, personal information, and household management",363.0,5348.0,0.06787584143605085,56868.0,966160.0,0.05885981617951478,1.1531779377128595,1.043814029644698,1.274000270412478,False
claude_ai,SG,GLOBAL,"Implement and troubleshoot authentication, authorization, and security systems for web applications",51.0,5348.0,0.009536275243081526,10993.0,966160.0,0.011378032623996025,0.838130418344005,0.6374009586279423,1.1020733317778577,False
claude_ai,SG,GLOBAL,Provide entertainment recommendations and sports information including schedules and results,34.0,5348.0,0.006357516828721017,13537.0,966160.0,0.01401113687173967,0.453747393014486,0.3244256324034953,0.6346190809343222,False
claude_ai,SG,GLOBAL,"Provide financial information, tax guidance, and consumer purchase assistance",283.0,5348.0,0.05291697830964847,42927.0,966160.0,0.04443052910491016,1.1910049098155,1.0629367589431526,1.3345033778067792,True
claude_ai,SG,GLOBAL,"Provide health, fitness, medical, and mental health information and clinical documentation assistance",188.0,5348.0,0.035153328347045626,41967.0,966160.0,0.043436904860478597,0.809296345123111,0.7030591528663712,0.9315867257532345,False
claude_ai,SG,GLOBAL,Provide legal services and fraud investigation assistance,97.0,5348.0,0.018137621540762903,21320.0,966160.0,0.022066738428417654,0.821943922505792,0.6745400534740177,1.0015592228582615,True
claude_ai,SG,GLOBAL,"Provide technical support across IT infrastructure, security, and engineering systems",397.0,5348.0,0.07423335826477188,78778.0,966160.0,0.081537219508156,0.9104229787642744,0.8280097759011144,1.001038906044272,False
claude_ai,SI,GLOBAL,"Assist with academic research, scientific writing, and educational content creation",33.0,678.0,0.048672566371681415,72406.0,970830.0,0.07458154362761761,0.6526087287050722,0.46783642439801637,0.9103569764369471,False
claude_ai,SI,GLOBAL,"Assist with business development, analysis, research, and strategic planning",30.0,678.0,0.04424778761061947,43019.0,970830.0,0.04431156845173717,0.9985606277695367,0.7037013274473158,1.4169695131151265,True
claude_ai,SI,GLOBAL,"Assist with creative content, marketing, and media production projects",63.0,678.0,0.09292035398230089,74300.0,970830.0,0.07653245161356777,1.2141301111256686,0.9595815037700173,1.5362029394590422,False
claude_ai,SI,GLOBAL,"Assist with mathematics, physics, and STEM homework and assignments",40.0,678.0,0.058997050147492625,69844.0,970830.0,0.07194256460966389,0.8200576455341944,0.6070840139287184,1.1077454299069194,False
claude_ai,SI,GLOBAL,"Assist with software development, debugging, and programming across multiple platforms",134.0,678.0,0.1976401179941003,168256.0,970830.0,0.1733114963484853,1.140375117393807,0.9798351180357868,1.3272186150848313,False
claude_ai,SI,GLOBAL,"Assist with translation, writing, editing, and document formatting tasks",59.0,678.0,0.08702064896755163,76347.0,970830.0,0.07864095670714749,1.1065563366886473,0.8670511304883668,1.4122199755118452,False
claude_ai,SI,GLOBAL,"Get help with daily life tasks, personal information, and household management",35.0,678.0,0.051622418879056046,57196.0,970830.0,0.05891453704562076,0.876225486403839,0.6345332072455304,1.209977814016214,False
claude_ai,SI,GLOBAL,"Provide financial information, tax guidance, and consumer purchase assistance",51.0,678.0,0.0752212389380531,43159.0,970830.0,0.04445577495545049,1.692046511694666,1.2993276944931254,2.2034636911629653,True
claude_ai,SI,GLOBAL,"Provide health, fitness, medical, and mental health information and clinical documentation assistance",36.0,678.0,0.05309734513274336,42119.0,970830.0,0.04338452664215156,1.2238774798836924,0.8904850662105297,1.6820900682149431,False
claude_ai,SI,GLOBAL,"Provide technical support across IT infrastructure, security, and engineering systems",84.0,678.0,0.12389380530973451,79091.0,970830.0,0.08146740417992851,1.5207776233560022,1.244759470488296,1.8580011918230883,False
claude_ai,SK,GLOBAL,"Assist with SQL databases, data analysis, and visualization tasks",34.0,997.0,0.034102306920762285,26557.0,970511.0,0.02736393508162195,1.2462501032487074,0.8954492452486303,1.7344805728393566,False
claude_ai,SK,GLOBAL,"Assist with academic research, scientific writing, and educational content creation",54.0,997.0,0.05416248746238716,72385.0,970511.0,0.07458441996020652,0.7261903691318481,0.5602141084967116,0.9413408984556934,False
claude_ai,SK,GLOBAL,"Assist with business development, analysis, research, and strategic planning",43.0,997.0,0.04312938816449348,43006.0,970511.0,0.04431273834093586,0.9732954852092901,0.7264438823988364,1.3040292918437615,True
claude_ai,SK,GLOBAL,"Assist with creative content, marketing, and media production projects",83.0,997.0,0.08324974924774323,74280.0,970511.0,0.0765369995806333,1.087705942274859,0.8851188472558517,1.336661421828307,False
claude_ai,SK,GLOBAL,"Assist with mathematics, physics, and STEM homework and assignments",77.0,997.0,0.07723169508525576,69807.0,970511.0,0.07192808736840696,1.0737348636796689,0.8662861669093256,1.3308610959291378,False
claude_ai,SK,GLOBAL,"Assist with software development, debugging, and programming across multiple platforms",200.0,997.0,0.20060180541624875,168190.0,970511.0,0.17330045718183515,1.1575376584596526,1.0225548212674818,1.3103389694954688,False
claude_ai,SK,GLOBAL,"Assist with translation, writing, editing, and document formatting tasks",84.0,997.0,0.08425275827482448,76322.0,970511.0,0.07864104579958393,1.0713585687751654,0.8729891053026516,1.3148035593067835,False
claude_ai,SK,GLOBAL,"Get help with daily life tasks, personal information, and household management",67.0,997.0,0.06720160481444333,57164.0,970511.0,0.05890092951033012,1.1409260494379367,0.9052330522988935,1.437985772813179,False
claude_ai,SK,GLOBAL,"Provide financial information, tax guidance, and consumer purchase assistance",63.0,997.0,0.06318956870611836,43147.0,970511.0,0.0444580226293159,1.4213310662280954,1.1189696655700148,1.8053947859220942,True
claude_ai,SK,GLOBAL,"Provide health, fitness, medical, and mental health information and clinical documentation assistance",59.0,997.0,0.05917753259779338,42096.0,970511.0,0.04337508796912142,1.3643207511169007,1.0650006722096956,1.7477651991206302,False
claude_ai,SK,GLOBAL,"Provide technical support across IT infrastructure, security, and engineering systems",117.0,997.0,0.11735205616850551,79058.0,970511.0,0.08146017922517107,1.4406064077531995,1.214940308811744,1.7081883011103176,False
claude_ai,SN,GLOBAL,"Assist with academic research, scientific writing, and educational content creation",83.0,813.0,0.10209102091020911,72356.0,970695.0,0.07454040661587831,1.3696064395825562,1.1168837102193463,1.6795139746264283,False
claude_ai,SN,GLOBAL,"Assist with business development, analysis, research, and strategic planning",31.0,813.0,0.038130381303813035,43018.0,970695.0,0.0443167009204745,0.8604065851435398,0.6091300308004455,1.2153390151944319,True
claude_ai,SN,GLOBAL,"Assist with creative content, marketing, and media production projects",61.0,813.0,0.07503075030750307,74302.0,970695.0,0.07654515579043882,0.9802155281115137,0.7699452564981659,1.2479101253521683,False
claude_ai,SN,GLOBAL,"Assist with mathematics, physics, and STEM homework and assignments",105.0,813.0,0.12915129151291513,69779.0,970695.0,0.07188560773466433,1.796622378009561,1.5027061929728722,2.148025997536433,False
claude_ai,SN,GLOBAL,"Assist with software development, debugging, and programming across multiple platforms",169.0,813.0,0.2078720787207872,168221.0,970695.0,0.17329954311086387,1.1994958266439655,1.0487972339064096,1.3718478573568416,False
claude_ai,SN,GLOBAL,"Assist with translation, writing, editing, and document formatting tasks",101.0,813.0,0.12423124231242312,76305.0,970695.0,0.0786086257784371,1.5803767217935596,1.3165632798446765,1.897053199814,False
claude_ai,SN,GLOBAL,Create professional presentations and draft workplace correspondence,30.0,813.0,0.03690036900369004,33935.0,970695.0,0.03495948778967647,1.0555180106096036,0.7428175006309483,1.4998546342472068,False
claude_ai,SN,GLOBAL,"Get help with daily life tasks, personal information, and household management",30.0,813.0,0.03690036900369004,57201.0,970695.0,0.058927881569391,0.6261954107452126,0.44071194381517836,0.8897437383789384,False
claude_ai,SN,GLOBAL,"Provide technical support across IT infrastructure, security, and engineering systems",64.0,813.0,0.07872078720787208,79111.0,970695.0,0.08149933810311169,0.9659070740952003,0.7634241355583855,1.2220945505014076,False
claude_ai,SV,GLOBAL,"Assist with academic research, scientific writing, and educational content creation",36.0,403.0,0.08933002481389578,72403.0,971105.0,0.07455733417086721,1.19813866479149,0.8771788808703622,1.6365376451425209,False
claude_ai,SV,GLOBAL,"Assist with creative content, marketing, and media production projects",37.0,403.0,0.09181141439205956,74326.0,971105.0,0.07653755258185263,1.1995603634421468,0.8823233230353733,1.6308591510322872,False
claude_ai,SV,GLOBAL,"Assist with mathematics, physics, and STEM homework and assignments",46.0,403.0,0.1141439205955335,69838.0,971105.0,0.07191601320145607,1.58718365374045,1.209096871315064,2.083498858086491,False
claude_ai,SV,GLOBAL,"Assist with software development, debugging, and programming across multiple platforms",79.0,403.0,0.19602977667493796,168311.0,971105.0,0.17331905406727388,1.1310341943064661,0.9280768860735387,1.3783753995885133,False
claude_ai,SV,GLOBAL,"Assist with translation, writing, editing, and document formatting tasks",52.0,403.0,0.12903225806451613,76354.0,971105.0,0.07862589524304787,1.6410911146468021,1.2732949150438315,2.115126680200379,False
claude_ai,SV,GLOBAL,"Provide technical support across IT infrastructure, security, and engineering systems",34.0,403.0,0.08436724565756824,79141.0,971105.0,0.08149582177004547,1.0352340012672674,0.7504463184928162,1.4280960689263422,False
claude_ai,TH,GLOBAL,"Assist with SQL databases, data analysis, and visualization tasks",178.0,6060.0,0.029372937293729372,26413.0,965448.0,0.027358283408324427,1.0736396306499236,0.9285156454653889,1.2414460242340335,False
claude_ai,TH,GLOBAL,"Assist with academic research, scientific writing, and educational content creation",477.0,6060.0,0.07871287128712871,71962.0,965448.0,0.07453741682617811,1.0560182340459665,0.9685852580264146,1.1513436751141937,False
claude_ai,TH,GLOBAL,"Assist with business development, analysis, research, and strategic planning",257.0,6060.0,0.04240924092409241,42792.0,965448.0,0.04432346433987123,0.9568124142756396,0.8486174488062133,1.0788017585542666,True
claude_ai,TH,GLOBAL,"Assist with civic information, government services, and institutional research",89.0,6060.0,0.014686468646864686,11414.0,965448.0,0.011822490698618673,1.2422482724880162,1.009938818616704,1.527994312183315,False
claude_ai,TH,GLOBAL,"Assist with creative content, marketing, and media production projects",502.0,6060.0,0.08283828382838283,73861.0,965448.0,0.07650437931405937,1.0827913979711155,0.9954889072803627,1.1777501516549247,False
claude_ai,TH,GLOBAL,"Assist with game development, gaming software, and tabletop RPG content",82.0,6060.0,0.01353135313531353,10571.0,965448.0,0.010949320937015769,1.235816651384181,0.9959295563739472,1.5334847591017453,False
claude_ai,TH,GLOBAL,"Assist with job applications, career transitions, and interview preparation",128.0,6060.0,0.021122112211221122,34442.0,965448.0,0.03567462980916632,0.5920765632105862,0.49865810103463515,0.7029960126505815,False
claude_ai,TH,GLOBAL,"Assist with mathematics, physics, and STEM homework and assignments",475.0,6060.0,0.07838283828382839,69409.0,965448.0,0.07189304861577216,1.0902700579960172,0.9997939292984727,1.1889338037856543,False
claude_ai,TH,GLOBAL,"Assist with software development, debugging, and programming across multiple platforms",1056.0,6060.0,0.17425742574257425,167334.0,965448.0,0.17332264399532651,1.0053933042198049,0.9516077408298357,1.0622188668710808,False
claude_ai,TH,GLOBAL,"Assist with translation, writing, editing, and document formatting tasks",618.0,6060.0,0.10198019801980197,75788.0,965448.0,0.07850034388180409,1.2991051118623236,1.2052044651332416,1.4003218047157162,False
claude_ai,TH,GLOBAL,Build and manage subscription-based e-commerce operations,65.0,6060.0,0.010726072607260726,7667.0,965448.0,0.007941390939750251,1.3506541471937723,1.059463418584806,1.7218778801900756,False
claude_ai,TH,GLOBAL,"Create prediction tools for sports analysis, gaming, and divination readings",56.0,6060.0,0.009240924092409241,8000.0,965448.0,0.008286308532411895,1.1152039603960398,0.8584923852859085,1.4486789802670434,False
claude_ai,TH,GLOBAL,Create professional presentations and draft workplace correspondence,196.0,6060.0,0.03234323432343234,33769.0,965448.0,0.03497754410387716,0.92468568483192,0.8053995682597284,1.0616390291599203,False
claude_ai,TH,GLOBAL,Develop and debug automated trading bots and blockchain financial software,210.0,6060.0,0.034653465346534656,16229.0,965448.0,0.016809812646564084,2.061502175850711,1.8033993804094983,2.3565446828933774,True
claude_ai,TH,GLOBAL,"Develop, deploy, and debug machine learning and AI systems",136.0,6060.0,0.022442244224422443,22401.0,965448.0,0.02320269967931986,0.9672255614472656,0.818731720068818,1.142651815955467,False
claude_ai,TH,GLOBAL,"Extract and structure data from documents, images, and online sources",153.0,6060.0,0.02524752475247525,19847.0,965448.0,0.02055729568034736,1.2281539918994169,1.0496575606612186,1.4370041091003993,False
claude_ai,TH,GLOBAL,"Get help with daily life tasks, personal information, and household management",304.0,6060.0,0.050165016501650166,56927.0,965448.0,0.0589643357280765,0.850768789001443,0.7622641486556516,0.9495494883440434,False
claude_ai,TH,GLOBAL,"Implement and troubleshoot authentication, authorization, and security systems for web applications",76.0,6060.0,0.012541254125412541,10968.0,965448.0,0.011360528997936709,1.103932231297528,0.8822249327798092,1.3813556226048085,False
claude_ai,TH,GLOBAL,"Provide financial information, tax guidance, and consumer purchase assistance",230.0,6060.0,0.037953795379537955,42980.0,965448.0,0.04451819259038291,0.8525457385198735,0.7507916213779832,0.9680905001768454,True
claude_ai,TH,GLOBAL,"Provide health, fitness, medical, and mental health information and clinical documentation assistance",204.0,6060.0,0.033663366336633666,41951.0,965448.0,0.04345236615540143,0.7747188315646898,0.6767337927759114,0.8868912331376667,False
claude_ai,TH,GLOBAL,Provide legal services and fraud investigation assistance,73.0,6060.0,0.012046204620462046,21344.0,965448.0,0.02210787116447494,0.5448830658927961,0.4336209772490201,0.6846937096547123,True
claude_ai,TH,GLOBAL,"Provide technical support across IT infrastructure, security, and engineering systems",437.0,6060.0,0.07211221122112212,78738.0,965448.0,0.08155592015313098,0.8842057214941947,0.8076480239983619,0.9680203934042625,False
claude_ai,TN,GLOBAL,"Assist with SQL databases, data analysis, and visualization tasks",61.0,1772.0,0.034424379232505645,26530.0,969736.0,0.02735796134205598,1.2582947538414284,0.9830227751439721,1.6106500557049377,False
claude_ai,TN,GLOBAL,"Assist with academic research, scientific writing, and educational content creation",102.0,1772.0,0.05756207674943566,72337.0,969736.0,0.07459452882021499,0.7716662020638226,0.6390745138798726,0.9317672892202602,False
claude_ai,TN,GLOBAL,"Assist with business development, analysis, research, and strategic planning",42.0,1772.0,0.023702031602708805,43007.0,969736.0,0.04434918369535626,0.5344412146460908,0.39633112291963835,0.7206787340047072,True
claude_ai,TN,GLOBAL,"Assist with creative content, marketing, and media production projects",104.0,1772.0,0.05869074492099323,74259.0,969736.0,0.0765765115454103,0.766432731611041,0.6359693344792042,0.9236595229325011,False
claude_ai,TN,GLOBAL,"Assist with job applications, career transitions, and interview preparation",56.0,1772.0,0.03160270880361174,34514.0,969736.0,0.03559112995701923,0.8879377766813246,0.6860492042479819,1.149237533366169,False
claude_ai,TN,GLOBAL,"Assist with mathematics, physics, and STEM homework and assignments",138.0,1772.0,0.07787810383747178,69746.0,969736.0,0.0719226676126286,1.0828033278314817,0.9223561307633846,1.2711608972475161,False
claude_ai,TN,GLOBAL,"Assist with software development, debugging, and programming across multiple platforms",519.0,1772.0,0.29288939051918733,167871.0,969736.0,0.17311000107245683,1.6919264554599345,1.573639163722147,1.8191051650711596,False
claude_ai,TN,GLOBAL,"Assist with translation, writing, editing, and document formatting tasks",151.0,1772.0,0.08521444695259593,76255.0,969736.0,0.07863480369915112,1.083673423775786,0.9302045707620712,1.2624621790837343,False
claude_ai,TN,GLOBAL,Create professional presentations and draft workplace correspondence,38.0,1772.0,0.02144469525959368,33927.0,969736.0,0.034985810571124515,0.6129540779396155,0.44746130547416646,0.8396540596167719,False
claude_ai,TN,GLOBAL,"Develop, deploy, and debug machine learning and AI systems",64.0,1772.0,0.03611738148984198,22473.0,969736.0,0.02317434848247358,1.5585068774277313,1.224884367264532,1.9829983563378852,False
claude_ai,TN,GLOBAL,"Extract and structure data from documents, images, and online sources",58.0,1772.0,0.0327313769751693,19942.0,969736.0,0.020564359784518673,1.5916555301570943,1.2352687606729693,2.0508632674394622,False
claude_ai,TN,GLOBAL,"Get help with daily life tasks, personal information, and household management",53.0,1772.0,0.029909706546275394,57178.0,969736.0,0.05896243926181971,0.5072671165021322,0.389065860927911,0.6613788392296539,False
claude_ai,TN,GLOBAL,"Implement and troubleshoot authentication, authorization, and security systems for web applications",37.0,1772.0,0.0208803611738149,11007.0,969736.0,0.01135051189189635,1.8395964316571787,1.3366484933556715,2.531791303538573,False
claude_ai,TN,GLOBAL,"Provide financial information, tax guidance, and consumer purchase assistance",36.0,1772.0,0.020316027088036117,43174.0,969736.0,0.04452139551383057,0.45632053653226,0.33021128036282965,0.6305915165353903,True
claude_ai,TN,GLOBAL,"Provide health, fitness, medical, and mental health information and clinical documentation assistance",50.0,1772.0,0.028216704288939052,42105.0,969736.0,0.04341903363389624,0.6498694680047168,0.4944097502850005,0.8542111582574636,False
claude_ai,TN,GLOBAL,"Provide technical support across IT infrastructure, security, and engineering systems",205.0,1772.0,0.11568848758465011,78970.0,969736.0,0.0814345347599759,1.4206317740456917,1.248818176436023,1.6160836505342147,False
claude_ai,TR,GLOBAL,"Assist with SQL databases, data analysis, and visualization tasks",282.0,8902.0,0.031678274545046056,26309.0,962606.0,0.02733101601278197,1.1590595289333918,1.0326615917521753,1.3009285930077452,False
claude_ai,TR,GLOBAL,"Assist with academic research, scientific writing, and educational content creation",598.0,8902.0,0.06717591552460121,71841.0,962606.0,0.07463178081167166,0.900097984987323,0.8327830803664571,0.9728540380788353,False
claude_ai,TR,GLOBAL,"Assist with business development, analysis, research, and strategic planning",266.0,8902.0,0.029880925634688835,42783.0,962606.0,0.04444497541050025,0.6723127948368576,0.5970468540000982,0.7570670393336872,True
claude_ai,TR,GLOBAL,"Assist with civic information, government services, and institutional research",76.0,8902.0,0.00853740732419681,11427.0,962606.0,0.011870900451482745,0.7191878458664387,0.5745092602484063,0.9003008192041464,False
claude_ai,TR,GLOBAL,"Assist with creative content, marketing, and media production projects",782.0,8902.0,0.08784542799370929,73581.0,962606.0,0.07643937394946634,1.1492169997596189,1.0744205133509395,1.2292204924657073,False
claude_ai,TR,GLOBAL,"Assist with game development, gaming software, and tabletop RPG content",201.0,8902.0,0.022579195686362616,10452.0,962606.0,0.010858024986339167,2.0794938043309195,1.811441376495194,2.387211939818552,False
claude_ai,TR,GLOBAL,"Assist with job applications, career transitions, and interview preparation",162.0,8902.0,0.018198157717366884,34408.0,962606.0,0.03574463487657463,0.5091157814369818,0.43691495376848566,0.5932479002436112,False
claude_ai,TR,GLOBAL,"Assist with mathematics, physics, and STEM homework and assignments",510.0,8902.0,0.057290496517636486,69374.0,962606.0,0.07206894617320067,0.7949401172032171,0.7304749829814838,0.8650943627936438,False
claude_ai,TR,GLOBAL,"Assist with software development, debugging, and programming across multiple platforms",1970.0,8902.0,0.2212985845877331,166420.0,962606.0,0.17288485631712247,1.2800345229879788,1.2308128476625937,1.3312246318785794,False
claude_ai,TR,GLOBAL,"Assist with translation, writing, editing, and document formatting tasks",662.0,8902.0,0.07436531116603011,75744.0,962606.0,0.07868639921213871,0.9450846894841516,0.8780171129221225,1.017275241167854,False
claude_ai,TR,GLOBAL,Build and manage subscription-based e-commerce operations,84.0,8902.0,0.00943608177937542,7648.0,962606.0,0.007945099033249326,1.1876606874107551,0.958846752251693,1.471077526318541,False
claude_ai,TR,GLOBAL,"Create prediction tools for sports analysis, gaming, and divination readings",80.0,8902.0,0.008986744551786115,7976.0,962606.0,0.008285840728189935,1.0845905499017834,0.8710661961398525,1.3504561032780433,False
claude_ai,TR,GLOBAL,Create professional presentations and draft workplace correspondence,121.0,8902.0,0.0135924511345765,33844.0,962606.0,0.03515872537673773,0.3866025002024035,0.3237984198268402,0.4615880869421101,False
claude_ai,TR,GLOBAL,Develop and debug automated trading bots and blockchain financial software,254.0,8902.0,0.028532913951920917,16185.0,962606.0,0.016813732721383413,1.6970005664258747,1.5018375112713258,1.9175249658080127,True
claude_ai,TR,GLOBAL,"Develop, deploy, and debug machine learning and AI systems",288.0,8902.0,0.03235228038643002,22249.0,962606.0,0.023113298691261015,1.3997257950316802,1.2484789082042718,1.569295474999331,False
claude_ai,TR,GLOBAL,"Extract and structure data from documents, images, and online sources",203.0,8902.0,0.022803864300157267,19797.0,962606.0,0.020566046752253778,1.1088112642580787,0.96715549582936,1.2712148408889556,False
claude_ai,TR,GLOBAL,"Get help with daily life tasks, personal information, and household management",387.0,8902.0,0.04347337676926533,56844.0,962606.0,0.05905219788781703,0.7361855836738341,0.6676164473187793,0.8117972763939406,False
claude_ai,TR,GLOBAL,"Implement and troubleshoot authentication, authorization, and security systems for web applications",108.0,8902.0,0.012132105144911256,10936.0,962606.0,0.011360826755702748,1.0678892835700846,0.884534711947301,1.2892512939975733,False
claude_ai,TR,GLOBAL,Provide entertainment recommendations and sports information including schedules and results,59.0,8902.0,0.00662772410694226,13512.0,962606.0,0.01403689567694363,0.4721645198110762,0.36593426389369443,0.6092332852252094,False
claude_ai,TR,GLOBAL,"Provide financial information, tax guidance, and consumer purchase assistance",368.0,8902.0,0.04133902493821613,42842.0,962606.0,0.04450626736172432,0.9288360356583838,0.8400546794040249,1.0270002683035455,True
claude_ai,TR,GLOBAL,"Provide health, fitness, medical, and mental health information and clinical documentation assistance",347.0,8902.0,0.03898000449337228,41808.0,962606.0,0.04343209994535667,0.8974929727647128,0.8091892920704392,0.9954328907406305,False
claude_ai,TR,GLOBAL,Provide legal services and fraud investigation assistance,117.0,8902.0,0.013143113906987193,21300.0,962606.0,0.022127433238521264,0.593973723265226,0.4958822577172269,0.7114688586635006,True
claude_ai,TR,GLOBAL,"Provide technical support across IT infrastructure, security, and engineering systems",923.0,8902.0,0.1036845652662323,78252.0,962606.0,0.08129182656247727,1.2754611336792263,1.199448133065018,1.3562913298878876,False
claude_ai,TW,GLOBAL,"Assist with SQL databases, data analysis, and visualization tasks",150.0,5665.0,0.0264783759929391,26441.0,965843.0,0.02737608493305848,0.9672082789663129,0.8255638557772507,1.1331550531851124,False
claude_ai,TW,GLOBAL,"Assist with academic research, scientific writing, and educational content creation",418.0,5665.0,0.07378640776699029,72021.0,965843.0,0.0745680198541585,0.9895181327236945,0.9020670283860883,1.0854472053377264,False
claude_ai,TW,GLOBAL,"Assist with business development, analysis, research, and strategic planning",221.0,5665.0,0.039011473962930275,42828.0,965843.0,0.044342610548505294,0.8797739573825176,0.7728517476311952,1.0014886017413132,True
claude_ai,TW,GLOBAL,"Assist with civic information, government services, and institutional research",41.0,5665.0,0.007237422771403354,11462.0,965843.0,0.011867353182660122,0.6098598954633161,0.44930229479543665,0.8277925494768792,False
claude_ai,TW,GLOBAL,"Assist with creative content, marketing, and media production projects",332.0,5665.0,0.058605472197705205,74031.0,965843.0,0.07664910342571205,0.7645943602524373,0.6886594159952003,0.8489022616281318,False
claude_ai,TW,GLOBAL,"Assist with game development, gaming software, and tabletop RPG content",67.0,5665.0,0.011827007943512798,10586.0,965843.0,0.010960373476848723,1.079069793423978,0.8498586252852782,1.3701003725051406,False
claude_ai,TW,GLOBAL,"Assist with job applications, career transitions, and interview preparation",133.0,5665.0,0.023477493380406,34437.0,965843.0,0.03565486316098993,0.6584653901040007,0.5564878466127395,0.779130528373498,False
claude_ai,TW,GLOBAL,"Assist with mathematics, physics, and STEM homework and assignments",342.0,5665.0,0.060370697263901145,69542.0,965843.0,0.07200135011590911,0.8384661838523205,0.7564144045104484,0.9294185003243979,False
claude_ai,TW,GLOBAL,"Assist with software development, debugging, and programming across multiple platforms",1141.0,5665.0,0.20141218005295675,167249.0,965843.0,0.1731637543575923,1.1631312846049178,1.1041544719470795,1.2252582583313827,False
claude_ai,TW,GLOBAL,"Assist with translation, writing, editing, and document formatting tasks",576.0,5665.0,0.10167696381288614,75830.0,965843.0,0.07851172499050052,1.2950545135161466,1.1982333078976328,1.3996991920723896,False
claude_ai,TW,GLOBAL,Build and manage subscription-based e-commerce operations,43.0,5665.0,0.007590467784642542,7689.0,965843.0,0.007960921184913075,0.9534660133336594,0.7073403849500555,1.2852333302679622,False
claude_ai,TW,GLOBAL,"Create prediction tools for sports analysis, gaming, and divination readings",83.0,5665.0,0.014651368049426301,7973.0,965843.0,0.008254964833829101,1.7748552954925432,1.4319639879454718,2.1998537298815624,False
claude_ai,TW,GLOBAL,Create professional presentations and draft workplace correspondence,147.0,5665.0,0.02594880847308032,33818.0,965843.0,0.035013972250148316,0.7410986759141674,0.6315920828345022,0.8695917228361579,False
claude_ai,TW,GLOBAL,Develop and debug automated trading bots and blockchain financial software,111.0,5665.0,0.019593998234774933,16328.0,965843.0,0.016905439082749475,1.159035156606426,0.9634427232386558,1.3943356069304353,True
claude_ai,TW,GLOBAL,"Develop, deploy, and debug machine learning and AI systems",248.0,5665.0,0.04377758164165931,22289.0,965843.0,0.023077249615103077,1.8970016952543924,1.678464595764356,2.14399245648626,False
claude_ai,TW,GLOBAL,"Extract and structure data from documents, images, and online sources",137.0,5665.0,0.02418358340688438,19863.0,965843.0,0.020565454219785204,1.175932374185945,0.9960805672282759,1.3882581330810038,False
claude_ai,TW,GLOBAL,"Get help with daily life tasks, personal information, and household management",281.0,5665.0,0.049602824360105914,56950.0,965843.0,0.05896403452735072,0.8412386424659838,0.7504028784067912,0.9430700147106562,False
claude_ai,TW,GLOBAL,"Implement and troubleshoot authentication, authorization, and security systems for web applications",62.0,5665.0,0.010944395410414828,10982.0,965843.0,0.011370378001393601,0.9625357581844189,0.7509351850364088,1.2337617203790157,False
claude_ai,TW,GLOBAL,"Provide financial information, tax guidance, and consumer purchase assistance",223.0,5665.0,0.03936451897616946,42987.0,965843.0,0.04450723357729983,0.8844521623165245,0.7774310189814029,1.0062058347649856,True
claude_ai,TW,GLOBAL,"Provide health, fitness, medical, and mental health information and clinical documentation assistance",211.0,5665.0,0.037246248896734335,41944.0,965843.0,0.04342734792300612,0.8576680520019211,0.7510644116163535,0.9794026664659947,False
claude_ai,TW,GLOBAL,Provide legal services and fraud investigation assistance,64.0,5665.0,0.011297440423654015,21353.0,965843.0,0.022108148011633362,0.5110079965861127,0.400379274400287,0.6522045202416836,True
claude_ai,TW,GLOBAL,"Provide technical support across IT infrastructure, security, and engineering systems",576.0,5665.0,0.10167696381288614,78599.0,965843.0,0.08137865056743177,1.2494304477147216,1.1560334775019607,1.350373042007308,False
claude_ai,TZ,GLOBAL,"Assist with academic research, scientific writing, and educational content creation",48.0,397.0,0.12090680100755667,72391.0,971111.0,0.07454451653827421,1.621940910240905,1.243938404694301,2.1148091468078682,False
claude_ai,TZ,GLOBAL,"Assist with business development, analysis, research, and strategic planning",33.0,397.0,0.08312342569269521,43016.0,971111.0,0.04429565724206604,1.8765592581332282,1.353380118370732,2.6019849128010413,True
claude_ai,TZ,GLOBAL,"Assist with mathematics, physics, and STEM homework and assignments",61.0,397.0,0.15365239294710328,69823.0,971111.0,0.07190012264303462,2.1370254639195454,1.6962761920284073,2.6922961336735356,False
claude_ai,TZ,GLOBAL,"Assist with software development, debugging, and programming across multiple platforms",86.0,397.0,0.21662468513853905,168304.0,971111.0,0.17331077497834954,1.249920468970267,1.0366193767562204,1.5071116880330662,False
claude_ai,TZ,GLOBAL,"Assist with translation, writing, editing, and document formatting tasks",34.0,397.0,0.08564231738035265,76372.0,971111.0,0.0786439449249365,1.0889880646513335,0.7895875834856311,1.5019169877493872,False
claude_ai,TZ,GLOBAL,"Provide technical support across IT infrastructure, security, and engineering systems",33.0,397.0,0.08312342569269521,79142.0,971111.0,0.08149634799729383,1.0199650381322045,0.7356477003457078,1.4141669694925176,False
claude_ai,UA,GLOBAL,"Assist with SQL databases, data analysis, and visualization tasks",112.0,5357.0,0.020907224192645138,26479.0,966151.0,0.027406689016520193,0.762851148493081,0.6348711128295165,0.9166299473976587,False
claude_ai,UA,GLOBAL,"Assist with academic research, scientific writing, and educational content creation",318.0,5357.0,0.059361582975546015,72121.0,966151.0,0.07464775174895022,0.7952226501768799,0.7146493590263542,0.8848801938560473,False
claude_ai,UA,GLOBAL,"Assist with business development, analysis, research, and strategic planning",140.0,5357.0,0.026134030240806422,42909.0,966151.0,0.044412312361111254,0.5884411067884445,0.49956815353893874,0.6931245190580793,True
claude_ai,UA,GLOBAL,"Assist with civic information, government services, and institutional research",73.0,5357.0,0.013627030054134777,11430.0,966151.0,0.011830448863583436,1.1518607798628493,0.916510945125963,1.4476458390836802,False
claude_ai,UA,GLOBAL,"Assist with creative content, marketing, and media production projects",431.0,5357.0,0.08045547881276834,73932.0,966151.0,0.07652219994597118,1.0514004938380532,0.9601421763693063,1.1513326105754862,False
claude_ai,UA,GLOBAL,"Assist with game development, gaming software, and tabletop RPG content",110.0,5357.0,0.02053388090349076,10543.0,966151.0,0.010912372910652684,1.881706304542208,1.562453232469139,2.2661917444775934,False
claude_ai,UA,GLOBAL,"Assist with job applications, career transitions, and interview preparation",122.0,5357.0,0.022773940638417024,34448.0,966151.0,0.035654882104350145,0.6387327427353474,0.5358005866832315,0.7614391002588047,False
claude_ai,UA,GLOBAL,"Assist with mathematics, physics, and STEM homework and assignments",518.0,5357.0,0.09669591189098375,69366.0,966151.0,0.07179623060991501,1.3468104254157058,1.2405783712997402,1.4621392440592311,False
claude_ai,UA,GLOBAL,"Assist with software development, debugging, and programming across multiple platforms",1000.0,5357.0,0.1866716445771887,167390.0,966151.0,0.17325449127517334,1.0774418787257032,1.018695684806108,1.1395758511070238,False
claude_ai,UA,GLOBAL,"Assist with translation, writing, editing, and document formatting tasks",548.0,5357.0,0.10229606122829941,75858.0,966151.0,0.07851567715605531,1.302874342215491,1.2031585243184235,1.4108544446086633,False
claude_ai,UA,GLOBAL,Build and manage subscription-based e-commerce operations,59.0,5357.0,0.011013627030054134,7673.0,966151.0,0.007941822758554304,1.3867883186125156,1.0749267697744278,1.7891282408416584,False
claude_ai,UA,GLOBAL,"Create prediction tools for sports analysis, gaming, and divination readings",37.0,5357.0,0.006906850849355983,8019.0,966151.0,0.008299944832640032,0.8321562358094692,0.6031548586148366,1.1481031627381653,False
claude_ai,UA,GLOBAL,Create professional presentations and draft workplace correspondence,90.0,5357.0,0.016800448011946984,33875.0,966151.0,0.03506180710882668,0.47916663165138274,0.39030255348269377,0.5882632814963443,False
claude_ai,UA,GLOBAL,Develop and debug automated trading bots and blockchain financial software,104.0,5357.0,0.019413851036027628,16335.0,966151.0,0.01690729502945192,1.1482529288221075,0.9486798453817367,1.3898100554861121,True
claude_ai,UA,GLOBAL,"Develop, deploy, and debug machine learning and AI systems",110.0,5357.0,0.02053388090349076,22427.0,966151.0,0.02321272761711161,0.8845957804783743,0.7348959853015194,1.0647897260169266,False
claude_ai,UA,GLOBAL,"Extract and structure data from documents, images, and online sources",142.0,5357.0,0.026507373529960798,19858.0,966151.0,0.02055372296876989,1.289662878605356,1.0958312102362833,1.5177796771220151,False
claude_ai,UA,GLOBAL,"Get help with daily life tasks, personal information, and household management",263.0,5357.0,0.049094642523800636,56968.0,966151.0,0.0589638679668085,0.8326224892749001,0.7398568688329192,0.9370193598930945,False
claude_ai,UA,GLOBAL,"Implement and troubleshoot authentication, authorization, and security systems for web applications",58.0,5357.0,0.010826955385476946,10986.0,966151.0,0.011370893369669958,0.9521640062474002,0.7366399818823114,1.2307454348003932,False
claude_ai,UA,GLOBAL,Provide entertainment recommendations and sports information including schedules and results,41.0,5357.0,0.007653537427664738,13530.0,966151.0,0.01400402214560664,0.5465242305451378,0.4027004511389207,0.7417144275061052,False
claude_ai,UA,GLOBAL,"Provide financial information, tax guidance, and consumer purchase assistance",208.0,5357.0,0.038827702072055256,43002.0,966151.0,0.044508570606458,0.8723646152415762,0.7632994922176979,0.9970136619828058,True
claude_ai,UA,GLOBAL,"Provide health, fitness, medical, and mental health information and clinical documentation assistance",211.0,5357.0,0.03938771700578682,41944.0,966151.0,0.043413503686276785,0.907268791075194,0.7946168028291333,1.0358913331915074,False
claude_ai,UA,GLOBAL,Provide legal services and fraud investigation assistance,68.0,5357.0,0.012693671831248834,21349.0,966151.0,0.022096959999006367,0.574453310854508,0.4534454749641871,0.7277536651518443,True
claude_ai,UA,GLOBAL,"Provide technical support across IT infrastructure, security, and engineering systems",574.0,5357.0,0.10714952398730633,78601.0,966151.0,0.0813547778763361,1.3170649196557296,1.2187357712603175,1.4233273885067876,False
claude_ai,UG,GLOBAL,"Assist with academic research, scientific writing, and educational content creation",62.0,393.0,0.15776081424936386,72377.0,971115.0,0.07452979307291104,2.1167483196287633,1.6842671806279703,2.6602806847905307,False
claude_ai,UG,GLOBAL,"Assist with business development, analysis, research, and strategic planning",32.0,393.0,0.08142493638676845,43017.0,971115.0,0.04429650453344867,1.8381797219526383,1.318600063294708,2.562493954198068,True
claude_ai,UG,GLOBAL,"Assist with creative content, marketing, and media production projects",32.0,393.0,0.08142493638676845,74331.0,971115.0,0.07654191316167498,1.0637954164377803,0.7631463474644625,1.482888166593405,False
claude_ai,UG,GLOBAL,"Assist with software development, debugging, and programming across multiple platforms",84.0,393.0,0.21374045801526717,168306.0,971115.0,0.17331212060363602,1.2332689558631076,1.0201931027416535,1.4908474811369457,False
claude_ai,UG,GLOBAL,"Provide technical support across IT infrastructure, security, and engineering systems",33.0,393.0,0.08396946564885496,79142.0,971115.0,0.08149601231574015,1.030350605665611,0.7432502950682399,1.4283510920073312,False
claude_ai,US,GLOBAL,"Analyze political media, misinformation, and criminal investigations",1333.0,216011.0,0.006170982033322377,2456.0,755497.0,0.003250840175407712,1.8982729695557639,1.7761306591390704,2.02881485571153,False
claude_ai,US,GLOBAL,"Assist with SQL databases, data analysis, and visualization tasks",4913.0,216011.0,0.022744212100309705,21678.0,755497.0,0.028693694349547383,0.7926554114377563,0.7687686569456431,0.8172843619533565,False
claude_ai,US,GLOBAL,"Assist with academic research, scientific writing, and educational content creation",16567.0,216011.0,0.07669516830161427,55872.0,755497.0,0.07395396672653895,1.0370663224220482,1.0199253412028508,1.0544953769200311,False
claude_ai,US,GLOBAL,"Assist with business development, analysis, research, and strategic planning",10309.0,216011.0,0.047724421441500665,32740.0,755497.0,0.04333571145881453,1.1012723648683393,1.0777261622057643,1.1253330058727398,True
claude_ai,US,GLOBAL,"Assist with civic information, government services, and institutional research",2807.0,216011.0,0.012994708602802635,8696.0,755497.0,0.01151030381325141,1.1289631284833925,1.0822271315837164,1.1777174201961087,False
claude_ai,US,GLOBAL,"Assist with creative content, marketing, and media production projects",14513.0,216011.0,0.06718639328552713,59850.0,755497.0,0.07921937479566431,0.8481055734007668,0.8333983486737196,0.8630723408297115,False
claude_ai,US,GLOBAL,"Assist with game development, gaming software, and tabletop RPG content",2413.0,216011.0,0.011170727416659337,8240.0,755497.0,0.010906727624332061,1.0242052246485291,0.9790247573817747,1.0714707000900525,False
claude_ai,US,GLOBAL,"Assist with job applications, career transitions, and interview preparation",10452.0,216011.0,0.048386424765405465,24118.0,755497.0,0.03192335641306319,1.5157060598303977,1.4820589375406041,1.550117071335193,False
claude_ai,US,GLOBAL,"Assist with mathematics, physics, and STEM homework and assignments",18060.0,216011.0,0.08360685335469027,51824.0,755497.0,0.0685959044178865,1.2188315623824568,1.1991889502545143,1.2387959188119348,False
claude_ai,US,GLOBAL,"Assist with software development, debugging, and programming across multiple platforms",27684.0,216011.0,0.12816013999287074,140706.0,755497.0,0.18624296324141593,0.6881341327604641,0.6799485887286549,0.6964182182588008,False
claude_ai,US,GLOBAL,"Assist with translation, writing, editing, and document formatting tasks",16891.0,216011.0,0.07819509191661536,59515.0,755497.0,0.0787759580779275,0.9926263523099581,0.9764754572210972,1.0090443830551659,False
claude_ai,US,GLOBAL,Build and manage subscription-based e-commerce operations,1551.0,216011.0,0.00718018989773669,6181.0,755497.0,0.00818136935024229,0.8776269094273379,0.8302811362475279,0.9276725178076983,False
claude_ai,US,GLOBAL,"Create prediction tools for sports analysis, gaming, and divination readings",1836.0,216011.0,0.008499567151672832,6220.0,755497.0,0.008232990997978813,1.0323790167825353,0.9802264783222535,1.0873063091675494,False
claude_ai,US,GLOBAL,Create professional presentations and draft workplace correspondence,9279.0,216011.0,0.04295614575183671,24686.0,755497.0,0.032675179385225885,1.3146414667048278,1.284257961047201,1.3457437978975477,False
claude_ai,US,GLOBAL,Develop and debug automated trading bots and blockchain financial software,2926.0,216011.0,0.013545606473744393,13513.0,755497.0,0.017886239124708634,0.7573199921626929,0.727859429059111,0.7879729898817086,True
claude_ai,US,GLOBAL,"Develop, deploy, and debug machine learning and AI systems",4574.0,216011.0,0.021174847577206717,17963.0,755497.0,0.023776401494645247,0.8905825207391272,0.8624426018201449,0.9196405935562307,False
claude_ai,US,GLOBAL,"Extract and structure data from documents, images, and online sources",3519.0,216011.0,0.01629083704070626,16481.0,755497.0,0.02181477888065737,0.7467798381009925,0.7203149881573688,0.7742170241670813,False
claude_ai,US,GLOBAL,"Get help with daily life tasks, personal information, and household management",16153.0,216011.0,0.07477859923800177,41078.0,755497.0,0.05437215501848452,1.3753105649864314,1.3513661961729784,1.3996791954097267,False
claude_ai,US,GLOBAL,"Implement and troubleshoot authentication, authorization, and security systems for web applications",1587.0,216011.0,0.007346848077181255,9457.0,755497.0,0.012517587760110232,0.5869220346585816,0.5566513085754297,0.6188388843445797,False
claude_ai,US,GLOBAL,Provide entertainment recommendations and sports information including schedules and results,2269.0,216011.0,0.010504094698881075,11302.0,755497.0,0.014959688787645748,0.7021599745815392,0.6713743938858056,0.7343572146843111,False
claude_ai,US,GLOBAL,"Provide financial information, tax guidance, and consumer purchase assistance",12387.0,216011.0,0.05734430191055085,30823.0,755497.0,0.04079830892776543,1.405555853113436,1.3773172873473596,1.4343733824951224,True
claude_ai,US,GLOBAL,"Provide health, fitness, medical, and mental health information and clinical documentation assistance",12471.0,216011.0,0.057733170995921505,29684.0,755497.0,0.039290692087460305,1.469385442929043,1.4397691139879425,1.499610985480455,False
claude_ai,US,GLOBAL,Provide legal services and fraud investigation assistance,5383.0,216011.0,0.024920027220835975,16034.0,755497.0,0.021223115379677217,1.1741927033341597,1.138918112747242,1.2105598191229754,True
claude_ai,US,GLOBAL,"Provide technical support across IT infrastructure, security, and engineering systems",15354.0,216011.0,0.07107971353310712,63821.0,755497.0,0.08447551744083696,0.841423831264346,0.8272764330386194,0.8558131666087477,False
claude_ai,US,GLOBAL,"Resolve payment, billing, subscription, and account access issues",780.0,216011.0,0.0036109272212989153,2559.0,755497.0,0.0033871742707118624,1.0660588835129607,0.9840750392145509,1.154872847932404,False
claude_ai,UY,GLOBAL,"Assist with SQL databases, data analysis, and visualization tasks",31.0,519.0,0.05973025048169557,26560.0,970989.0,0.02735355395375231,2.183637657566683,1.5518300535838665,3.0726775838186944,False
claude_ai,UY,GLOBAL,"Assist with creative content, marketing, and media production projects",34.0,519.0,0.06551059730250482,74329.0,970989.0,0.07654978583691473,0.855790732609908,0.6183236179081432,1.1844570655391067,False
claude_ai,UY,GLOBAL,"Assist with mathematics, physics, and STEM homework and assignments",36.0,519.0,0.06936416184971098,69848.0,970989.0,0.07193490348500343,0.9642629445408459,0.7035573877925306,1.3215738223315603,False
claude_ai,UY,GLOBAL,"Assist with software development, debugging, and programming across multiple platforms",118.0,519.0,0.22736030828516376,168272.0,970989.0,0.17329959453711627,1.3119494531562166,1.119469073585592,1.5375247143933684,False
claude_ai,UY,GLOBAL,"Assist with translation, writing, editing, and document formatting tasks",41.0,519.0,0.0789980732177264,76365.0,970989.0,0.0786466170059599,1.0044688026662336,0.7487267233235876,1.3475645306888315,False
claude_ai,UY,GLOBAL,"Get help with daily life tasks, personal information, and household management",33.0,519.0,0.06358381502890173,57198.0,970989.0,0.058906949512301375,1.079394121666811,0.7757982812868289,1.5017971784576662,False
claude_ai,UY,GLOBAL,"Provide financial information, tax guidance, and consumer purchase assistance",31.0,519.0,0.05973025048169557,43179.0,970989.0,0.04446909285275116,1.343185719562081,0.9546299276483792,1.8898924336887448,True
claude_ai,UY,GLOBAL,"Provide technical support across IT infrastructure, security, and engineering systems",57.0,519.0,0.10982658959537572,79118.0,970989.0,0.08148187054642225,1.3478653454918512,1.0549498310182235,1.7221112664896807,False
claude_ai,UZ,GLOBAL,"Assist with academic research, scientific writing, and educational content creation",75.0,753.0,0.099601593625498,72364.0,970755.0,0.0745440404633507,1.3361442847261111,1.0777967934806982,1.6564175737067852,False
claude_ai,UZ,GLOBAL,"Assist with creative content, marketing, and media production projects",46.0,753.0,0.06108897742363878,74317.0,970755.0,0.07655587661150341,0.7979658796625868,0.603026057827006,1.0559237645553856,False
claude_ai,UZ,GLOBAL,"Assist with mathematics, physics, and STEM homework and assignments",129.0,753.0,0.17131474103585656,69755.0,970755.0,0.07185644163563412,2.3841250295213667,2.0372011459512,2.7901280969171496,False
claude_ai,UZ,GLOBAL,"Assist with software development, debugging, and programming across multiple platforms",122.0,753.0,0.16201859229747675,168268.0,970755.0,0.17333724781226983,0.9347015390076369,0.7945127629873857,1.099626095039981,False
claude_ai,UZ,GLOBAL,"Assist with translation, writing, editing, and document formatting tasks",98.0,753.0,0.1301460823373174,76308.0,970755.0,0.07860685754902112,1.6556581244346928,1.3763235526605713,1.9916856176061097,False
claude_ai,UZ,GLOBAL,"Get help with daily life tasks, personal information, and household management",49.0,753.0,0.0650730411686587,57182.0,970755.0,0.05890466698600574,1.104717919619483,0.842599728197656,1.4483765435562994,False
claude_ai,UZ,GLOBAL,"Provide financial information, tax guidance, and consumer purchase assistance",33.0,753.0,0.043824701195219126,43177.0,970755.0,0.04447775185293921,0.9853173636140756,0.7057099204367712,1.3757073252399843,True
claude_ai,UZ,GLOBAL,"Provide technical support across IT infrastructure, security, and engineering systems",68.0,753.0,0.0903054448871182,79107.0,970755.0,0.08149018032356259,1.108175789138691,0.8833073826833676,1.3902901795097657,False
claude_ai,VN,GLOBAL,"Assist with SQL databases, data analysis, and visualization tasks",195.0,6159.0,0.031660983925962005,26396.0,965349.0,0.02734347888691033,1.1578988927088762,1.0080087612532314,1.3300775720139046,False
claude_ai,VN,GLOBAL,"Assist with academic research, scientific writing, and educational content creation",366.0,6159.0,0.05942523136872869,72073.0,965349.0,0.07466004522716654,0.7959442187306047,0.720482465309556,0.879309670719713,False
claude_ai,VN,GLOBAL,"Assist with business development, analysis, research, and strategic planning",198.0,6159.0,0.03214807598636142,42851.0,965349.0,0.04438912766263807,0.7242331102041496,0.631291176389319,0.8308584335297394,True
claude_ai,VN,GLOBAL,"Assist with civic information, government services, and institutional research",52.0,6159.0,0.008442929046923201,11451.0,965349.0,0.011862031244658667,0.7117608167424911,0.5426567299036511,0.9335615543547864,False
claude_ai,VN,GLOBAL,"Assist with creative content, marketing, and media production projects",667.0,6159.0,0.10829680142880338,73696.0,965349.0,0.07634130247195574,1.418587290524505,1.32003993671838,1.5244916800323924,False
claude_ai,VN,GLOBAL,"Assist with game development, gaming software, and tabletop RPG content",84.0,6159.0,0.013638577691183634,10569.0,965349.0,0.010948372039542176,1.2457174127738129,1.0064977849852705,1.5417936289950125,False
claude_ai,VN,GLOBAL,"Assist with job applications, career transitions, and interview preparation",106.0,6159.0,0.01721058613411268,34464.0,965349.0,0.03570107805570835,0.48207468993673225,0.3990504270992475,0.5823725296246771,False
claude_ai,VN,GLOBAL,"Assist with mathematics, physics, and STEM homework and assignments",364.0,6159.0,0.059100503328462416,69520.0,965349.0,0.07201540582732255,0.8206647265193883,0.7426372911639609,0.9068903506011089,False
claude_ai,VN,GLOBAL,"Assist with software development, debugging, and programming across multiple platforms",1357.0,6159.0,0.22032797532066895,167033.0,965349.0,0.17302861452179472,1.2733614953202805,1.214675886926334,1.3348824284865681,False
claude_ai,VN,GLOBAL,"Assist with translation, writing, editing, and document formatting tasks",722.0,6159.0,0.117226822536126,75684.0,965349.0,0.07840066131523418,1.4952274709109812,1.3957096244544178,1.6018412072215844,False
claude_ai,VN,GLOBAL,Build and manage subscription-based e-commerce operations,55.0,6159.0,0.008930021107322618,7677.0,965349.0,0.00795256430575885,1.1229108956536125,0.8623267273383053,1.4622402850363172,False
claude_ai,VN,GLOBAL,"Create prediction tools for sports analysis, gaming, and divination readings",68.0,6159.0,0.011040753369053418,7988.0,965349.0,0.0082747275855675,1.3342739389161677,1.0523348577002551,1.6917494759809226,False
claude_ai,VN,GLOBAL,Create professional presentations and draft workplace correspondence,120.0,6159.0,0.01948368241597662,33845.0,965349.0,0.03505985918046219,0.5557262028831619,0.4653527929185748,0.6636504975806068,False
claude_ai,VN,GLOBAL,Develop and debug automated trading bots and blockchain financial software,134.0,6159.0,0.021756778697840557,16305.0,965349.0,0.016890264557170517,1.2881253946140252,1.0887515337952587,1.5240089044609932,True
claude_ai,VN,GLOBAL,"Develop, deploy, and debug machine learning and AI systems",234.0,6159.0,0.03799318071115441,22303.0,965349.0,0.02310356150987881,1.6444728963068733,1.4492998663106655,1.865929314940154,False
claude_ai,VN,GLOBAL,"Extract and structure data from documents, images, and online sources",134.0,6159.0,0.021756778697840557,19866.0,965349.0,0.020579085905719073,1.0572276532357638,0.8937040161166812,1.250671688399877,False
claude_ai,VN,GLOBAL,"Get help with daily life tasks, personal information, and household management",233.0,6159.0,0.03783081669102127,56998.0,965349.0,0.05904393126216529,0.640723201899377,0.5647563448485782,0.7269085601194258,False
claude_ai,VN,GLOBAL,"Implement and troubleshoot authentication, authorization, and security systems for web applications",64.0,6159.0,0.010391297288520864,10980.0,965349.0,0.011374124798388976,0.913590933167243,0.71547782205364,1.166560817733942,False
claude_ai,VN,GLOBAL,"Provide financial information, tax guidance, and consumer purchase assistance",165.0,6159.0,0.02679006332196785,43045.0,965349.0,0.04459009125197209,0.6008075464699347,0.5167006409910126,0.6986051095328552,True
claude_ai,VN,GLOBAL,"Provide health, fitness, medical, and mental health information and clinical documentation assistance",153.0,6159.0,0.02484169508037019,42002.0,965349.0,0.04350965298560417,0.570946752634167,0.4881099049391808,0.6678417935077927,False
claude_ai,VN,GLOBAL,Provide legal services and fraud investigation assistance,53.0,6159.0,0.00860529306705634,21364.0,965349.0,0.022130856301710574,0.38883687778458015,0.2973073136702887,0.5085448980677736,True
claude_ai,VN,GLOBAL,"Provide technical support across IT infrastructure, security, and engineering systems",573.0,6159.0,0.09303458353628836,78602.0,965349.0,0.08142340231356743,1.1426025060707417,1.0565858984983563,1.2356217215605496,False
claude_ai,ZA,GLOBAL,"Assist with SQL databases, data analysis, and visualization tasks",104.0,4018.0,0.025883524141363863,26487.0,967490.0,0.02737702715273543,0.945446852098317,0.7817977113488134,1.143351709997269,False
claude_ai,ZA,GLOBAL,"Assist with academic research, scientific writing, and educational content creation",321.0,4018.0,0.07989049278247884,72118.0,967490.0,0.07454133892856774,1.0717609038259581,0.9647682675989521,1.1906190051509136,False
claude_ai,ZA,GLOBAL,"Assist with business development, analysis, research, and strategic planning",210.0,4018.0,0.05226480836236934,42839.0,967490.0,0.044278493834561596,1.1803655417378724,1.0344068652654435,1.3469195332192716,True
claude_ai,ZA,GLOBAL,"Assist with civic information, government services, and institutional research",47.0,4018.0,0.0116973618715779,11456.0,967490.0,0.011840949260457473,0.9878736589676066,0.7430431487886757,1.3133750949362366,False
claude_ai,ZA,GLOBAL,"Assist with creative content, marketing, and media production projects",341.0,4018.0,0.08486809357889498,74022.0,967490.0,0.07650931792576668,1.1092517340337344,1.0019156101282578,1.2280868738030093,False
claude_ai,ZA,GLOBAL,"Assist with game development, gaming software, and tabletop RPG content",40.0,4018.0,0.009955201592832254,10613.0,967490.0,0.010969622425037984,0.9075245443370658,0.6663292263368037,1.23602682581103,False
claude_ai,ZA,GLOBAL,"Assist with job applications, career transitions, and interview preparation",168.0,4018.0,0.041811846689895474,34402.0,967490.0,0.035557990263465254,1.1758776685659837,1.0137225900789062,1.3639710754838241,False
claude_ai,ZA,GLOBAL,"Assist with mathematics, physics, and STEM homework and assignments",251.0,4018.0,0.0624688899950224,69633.0,967490.0,0.07197283692854707,0.8679509195537204,0.7698025096246285,0.9786130719702282,False
claude_ai,ZA,GLOBAL,"Assist with software development, debugging, and programming across multiple platforms",649.0,4018.0,0.16152314584370334,167741.0,967490.0,0.1733775026098461,0.931626903215818,0.8681360701203972,0.9997611165668151,False
claude_ai,ZA,GLOBAL,"Assist with translation, writing, editing, and document formatting tasks",277.0,4018.0,0.06893977103036336,76129.0,967490.0,0.07868711821310814,0.8761252489086452,0.7818567337719139,0.9817597247927026,False
claude_ai,ZA,GLOBAL,"Create prediction tools for sports analysis, gaming, and divination readings",32.0,4018.0,0.007964161274265804,8024.0,967490.0,0.008293625773909808,0.9602749739829788,0.6795512188633392,1.356966186007908,False
claude_ai,ZA,GLOBAL,Create professional presentations and draft workplace correspondence,213.0,4018.0,0.05301144848183176,33752.0,967490.0,0.03488614869404335,1.5195557683007646,1.3328367482963825,1.7324325247840962,False
claude_ai,ZA,GLOBAL,Develop and debug automated trading bots and blockchain financial software,108.0,4018.0,0.02687904430064709,16331.0,967490.0,0.01687976103112177,1.59238298759617,1.3212285703749735,1.9191861544941158,True
claude_ai,ZA,GLOBAL,"Develop, deploy, and debug machine learning and AI systems",70.0,4018.0,0.017421602787456445,22467.0,967490.0,0.023221945446464564,0.7502215017953547,0.594543539600921,0.946662883821546,False
claude_ai,ZA,GLOBAL,"Extract and structure data from documents, images, and online sources",89.0,4018.0,0.02215032354405177,19911.0,967490.0,0.02058005767501473,1.0763003628966221,0.8760119541539935,1.322382035631174,False
claude_ai,ZA,GLOBAL,"Get help with daily life tasks, personal information, and household management",252.0,4018.0,0.0627177700348432,56979.0,967490.0,0.058893631975524295,1.0649329635657077,0.944700686205078,1.200467230996222,False
claude_ai,ZA,GLOBAL,"Implement and troubleshoot authentication, authorization, and security systems for web applications",47.0,4018.0,0.0116973618715779,10997.0,967490.0,0.011366525752204157,1.0291061777878423,0.774037751833242,1.3682272249031917,False
claude_ai,ZA,GLOBAL,"Provide financial information, tax guidance, and consumer purchase assistance",157.0,4018.0,0.0390741662518666,43053.0,967490.0,0.04449968475126358,0.8780773722392962,0.7530400900126631,1.0238762608584384,True
claude_ai,ZA,GLOBAL,"Provide health, fitness, medical, and mental health information and clinical documentation assistance",142.0,4018.0,0.0353409656545545,42013.0,967490.0,0.043424738240188526,0.8138440687674039,0.6922528805720644,0.9567922169143395,False
claude_ai,ZA,GLOBAL,Provide legal services and fraud investigation assistance,121.0,4018.0,0.03011448481831757,21296.0,967490.0,0.022011597019090636,1.368119032535409,1.1473517719433175,1.631365142719362,True
claude_ai,ZA,GLOBAL,"Provide technical support across IT infrastructure, security, and engineering systems",297.0,4018.0,0.07391737182677949,78878.0,967490.0,0.08152849125055556,0.9066446673177678,0.8124868494589337,1.011714285988937,False
claude_ai,ZA,GLOBAL,"Resolve payment, billing, subscription, and account access issues",31.0,4018.0,0.007715281234444997,3308.0,967490.0,0.0034191567871502547,2.2564865300825847,1.5864469090950608,3.2095189768112458,False
claude_ai,ZM,GLOBAL,"Assist with academic research, scientific writing, and educational content creation",40.0,226.0,0.17699115044247787,72399.0,971282.0,0.07453962906756226,2.374457086203826,1.792368293785827,3.1455847962557533,False
claude_ai,ZM,GLOBAL,"Assist with mathematics, physics, and STEM homework and assignments",46.0,226.0,0.20353982300884957,69838.0,971282.0,0.07190290770342701,2.8307592767788514,2.1870232137245704,3.66397486445642,False
claude_ai,ZM,GLOBAL,"Assist with software development, debugging, and programming across multiple platforms",42.0,226.0,0.18584070796460178,168348.0,971282.0,0.1733255635335567,1.0722059930220398,0.8161105826238382,1.408664114826537,False
claude_ai,ZW,GLOBAL,"Assist with academic research, scientific writing, and educational content creation",36.0,266.0,0.13533834586466165,72403.0,971242.0,0.07454681737404271,1.815481205395988,1.3397882873776346,2.4600692797496158,False
claude_ai,ZW,GLOBAL,"Assist with mathematics, physics, and STEM homework and assignments",34.0,266.0,0.12781954887218044,69850.0,971242.0,0.07191822429425417,1.7772901114633397,1.2983418208610884,2.432918734921758,False
claude_ai,ZW,GLOBAL,"Assist with software development, debugging, and programming across multiple platforms",64.0,266.0,0.24060150375939848,168326.0,971242.0,0.1733100504302738,1.3882720774823005,1.1213285346559605,1.7187642172223372,False
claude_ai,ZW,GLOBAL,"Assist with translation, writing, editing, and document formatting tasks",31.0,266.0,0.11654135338345864,76375.0,971242.0,0.0786364263489429,1.4820275894318446,1.0644548388346937,2.0634090763697106,False
