source,geo_id,geo_level,country_code,metric,x,n,share,lo,hi
api,GLOBAL,global,,automation_share,676292.0,848056.0,0.7974614883922759,0.7966047748438285,0.798315507017564
api,GLOBAL,global,,coursework_share,56659.0,999549.0,0.05668456473869715,0.05623293574596384,0.057139601336321816
api,GLOBAL,global,,success_rate,505476.0,999999.0,0.5054765054765055,0.5044965446163966,0.506456424259647
api,GLOBAL,global,,work_share,741504.0,999549.0,0.7418385691947068,0.7409797058266308,0.7426955736374538
claude_ai,AE,country,AE,automation_share,1971.0,4559.0,0.4323316516779996,0.41801396177527644,0.4467632858065814
claude_ai,AE,country,AE,coursework_share,399.0,4703.0,0.08483946417180523,0.07721062585190559,0.09314598865579317
claude_ai,AE,country,AE,success_rate,3195.0,4704.0,0.6792091836734694,0.6657282257423589,0.6923976721213245
claude_ai,AE,country,AE,work_share,2608.0,4703.0,0.5545396555390176,0.5402959297466705,0.568694353673957
claude_ai,AE-AZ,subregion,AE,automation_share,369.0,818.0,0.4511002444987775,0.41730721045036917,0.4853504306327787
claude_ai,AE-AZ,subregion,AE,coursework_share,122.0,845.0,0.14437869822485208,0.12228865068766137,0.1696876143775758
claude_ai,AE-AZ,subregion,AE,success_rate,569.0,845.0,0.6733727810650888,0.6410285859499809,0.7041477107819417
claude_ai,AE-AZ,subregion,AE,work_share,417.0,845.0,0.493491124260355,0.4598867678343715,0.5271543950869556
claude_ai,AE-DU,subregion,AE,automation_share,1380.0,3262.0,0.4230533415082771,0.40619930108826774,0.4400884061906156
claude_ai,AE-DU,subregion,AE,coursework_share,203.0,3364.0,0.0603448275862069,0.052788329814784145,0.06890432936491124
claude_ai,AE-DU,subregion,AE,success_rate,2289.0,3365.0,0.6802377414561664,0.664281624421469,0.6957827965355743
claude_ai,AE-DU,subregion,AE,work_share,1958.0,3364.0,0.5820451843043996,0.5652933194161116,0.5986098760310852
claude_ai,AE-SH,subregion,AE,automation_share,153.0,319.0,0.47962382445141066,0.42536902321648007,0.5343635515198613
claude_ai,AE-SH,subregion,AE,coursework_share,50.0,347.0,0.1440922190201729,0.11103518193581798,0.1849434021317498
claude_ai,AE-SH,subregion,AE,success_rate,246.0,347.0,0.7089337175792507,0.6590574943915268,0.7542344299412774
claude_ai,AE-SH,subregion,AE,work_share,166.0,347.0,0.4783861671469741,0.4263508651136681,0.5308947978863866
claude_ai,AL,country,AL,automation_share,181.0,366.0,0.49453551912568305,0.443636608210459,0.5455479508007501
claude_ai,AL,country,AL,coursework_share,60.0,381.0,0.15748031496062992,0.12434615302726014,0.19745273773714786
claude_ai,AL,country,AL,success_rate,259.0,381.0,0.6797900262467191,0.6313463962652951,0.7246442242913181
claude_ai,AL,country,AL,work_share,175.0,381.0,0.45931758530183725,0.4099319642132179,0.5095154136170374
claude_ai,AL-11,subregion,AL,automation_share,138.0,279.0,0.4946236559139785,0.43642873806232757,0.5529646185019119
claude_ai,AL-11,subregion,AL,coursework_share,50.0,287.0,0.17421602787456447,0.13471546201770093,0.22232287087553024
claude_ai,AL-11,subregion,AL,success_rate,190.0,287.0,0.662020905923345,0.6054750896191443,0.7142865950917087
claude_ai,AL-11,subregion,AL,work_share,130.0,287.0,0.4529616724738676,0.3963702047454575,0.5107957577578434
claude_ai,AM,country,AM,automation_share,243.0,586.0,0.41467576791808874,0.37546809223029654,0.4549948659605128
claude_ai,AM,country,AM,coursework_share,71.0,605.0,0.11735537190082644,0.09409083692522438,0.14544864263727597
claude_ai,AM,country,AM,success_rate,447.0,605.0,0.7388429752066116,0.7024110212690003,0.7722608802567824
claude_ai,AM,country,AM,work_share,304.0,605.0,0.5024793388429752,0.46274741070261083,0.5421799792786257
claude_ai,AM-ER,subregion,AM,automation_share,225.0,545.0,0.41284403669724773,0.37225856776675575,0.45464959662894616
claude_ai,AM-ER,subregion,AM,coursework_share,59.0,562.0,0.10498220640569395,0.08226503773000013,0.13306306822756822
claude_ai,AM-ER,subregion,AM,success_rate,416.0,562.0,0.7402135231316725,0.7024136006716887,0.7747517403000603
claude_ai,AM-ER,subregion,AM,work_share,283.0,562.0,0.50355871886121,0.46233735680561594,0.5447317593569285
claude_ai,AO,country,AO,automation_share,158.0,350.0,0.4514285714285714,0.40010155304594247,0.5038102538190503
claude_ai,AO,country,AO,coursework_share,108.0,375.0,0.288,0.24449925866343541,0.33580026493692944
claude_ai,AO,country,AO,success_rate,273.0,375.0,0.728,0.6808181354928172,0.7705578485596204
claude_ai,AO,country,AO,work_share,138.0,375.0,0.368,0.3207566202607594,0.41792044160361874
claude_ai,AO-LUA,subregion,AO,automation_share,155.0,346.0,0.4479768786127168,0.3964343270254803,0.5006619588364641
claude_ai,AO-LUA,subregion,AO,coursework_share,108.0,371.0,0.29110512129380056,0.2472078250726467,0.339284175815195
claude_ai,AO-LUA,subregion,AO,success_rate,270.0,371.0,0.7277628032345014,0.6803071340768416,0.7705499746325437
claude_ai,AO-LUA,subregion,AO,work_share,135.0,371.0,0.3638814016172507,0.3165505989098494,0.41400225328158297
claude_ai,AR,country,AR,automation_share,2204.0,4857.0,0.45377805229565576,0.4398184469133982,0.467810717550632
claude_ai,AR,country,AR,coursework_share,353.0,4985.0,0.0708124373119358,0.06401718310451207,0.07826867339572237
claude_ai,AR,country,AR,success_rate,3548.0,4985.0,0.7117352056168506,0.6990017996210574,0.7241425231010752
claude_ai,AR,country,AR,work_share,2437.0,4985.0,0.48886659979939817,0.47500382675693936,0.5027465191349807
claude_ai,AR-B,subregion,AR,automation_share,569.0,1256.0,0.45302547770700635,0.4256803540570229,0.48065707756930215
claude_ai,AR-B,subregion,AR,coursework_share,88.0,1294.0,0.06800618238021638,0.055528307556503766,0.08304145319087866
claude_ai,AR-B,subregion,AR,success_rate,940.0,1294.0,0.7264296754250387,0.7014965700784397,0.7500223209788357
claude_ai,AR-B,subregion,AR,work_share,588.0,1294.0,0.45440494590417313,0.42745000992448107,0.4816298038216648
claude_ai,AR-C,subregion,AR,automation_share,748.0,1713.0,0.4366608289550496,0.4133410457468331,0.4602640672699997
claude_ai,AR-C,subregion,AR,coursework_share,98.0,1762.0,0.05561861520998865,0.04585208053315396,0.06731865913001854
claude_ai,AR-C,subregion,AR,success_rate,1238.0,1762.0,0.70261066969353,0.6808446918254467,0.7234950858760189
claude_ai,AR-C,subregion,AR,work_share,895.0,1762.0,0.5079455164585698,0.48461000633431583,0.5312464555363299
claude_ai,AR-E,subregion,AR,success_rate,153.0,204.0,0.75,0.6863285847970252,0.8044297619439547
claude_ai,AR-S,subregion,AR,automation_share,166.0,345.0,0.4811594202898551,0.4289336483689125,0.5338001540216281
claude_ai,AR-S,subregion,AR,coursework_share,31.0,354.0,0.08757062146892655,0.06237747791872161,0.12161901661964394
claude_ai,AR-S,subregion,AR,success_rate,242.0,354.0,0.6836158192090396,0.6334179573033127,0.7298712745802917
claude_ai,AR-S,subregion,AR,work_share,176.0,354.0,0.4971751412429379,0.44540021369523985,0.5490107211988585
claude_ai,AR-X,subregion,AR,automation_share,212.0,461.0,0.4598698481561822,0.414892766391423,0.5055102268002363
claude_ai,AR-X,subregion,AR,coursework_share,36.0,472.0,0.07627118644067797,0.055598579964233084,0.10378555122564186
claude_ai,AR-X,subregion,AR,success_rate,328.0,472.0,0.6949152542372882,0.6519402557915351,0.7347430438611222
claude_ai,AR-X,subregion,AR,work_share,253.0,472.0,0.5360169491525424,0.4909162376652877,0.580536111183573
claude_ai,AT,country,AT,automation_share,1361.0,3365.0,0.40445765230312036,0.38799295812266216,0.4211402465967286
claude_ai,AT,country,AT,coursework_share,300.0,3456.0,0.08680555555555555,0.07787139155806316,0.09665729206722187
claude_ai,AT,country,AT,success_rate,2429.0,3456.0,0.7028356481481481,0.6873804037596642,0.7178404595307244
claude_ai,AT,country,AT,work_share,1517.0,3456.0,0.43894675925925924,0.42247820223128635,0.45555089597945253
claude_ai,AT-3,subregion,AT,automation_share,146.0,315.0,0.4634920634920635,0.40919356740896345,0.5186702997902979
claude_ai,AT-3,subregion,AT,coursework_share,25.0,327.0,0.0764525993883792,0.05231804638718264,0.11042327755756916
claude_ai,AT-3,subregion,AT,success_rate,217.0,327.0,0.6636085626911316,0.6107608683519306,0.71265674297627
claude_ai,AT-3,subregion,AT,work_share,162.0,327.0,0.4954128440366973,0.44158978449076036,0.5493424320140564
claude_ai,AT-4,subregion,AT,automation_share,127.0,277.0,0.4584837545126354,0.40077243553836917,0.5173308653971048
claude_ai,AT-4,subregion,AT,coursework_share,24.0,296.0,0.08108108108108109,0.05508914399189394,0.11780747875825145
claude_ai,AT-4,subregion,AT,success_rate,213.0,296.0,0.7195945945945946,0.6658584614593732,0.7677037927441795
claude_ai,AT-4,subregion,AT,work_share,136.0,296.0,0.4594594594594595,0.40356754746811363,0.5163901902173842
claude_ai,AT-9,subregion,AT,automation_share,808.0,2073.0,0.3897732754462132,0.3690009785112283,0.41095335214162443
claude_ai,AT-9,subregion,AT,coursework_share,189.0,2134.0,0.08856607310215557,0.07723889986662696,0.10137190085874015
claude_ai,AT-9,subregion,AT,success_rate,1505.0,2134.0,0.7052483598875351,0.6855488850903478,0.724210191540961
claude_ai,AT-9,subregion,AT,work_share,904.0,2134.0,0.42361761949390814,0.402807963937971,0.44470178608279753
claude_ai,AU,country,AU,automation_share,6195.0,15432.0,0.4014385692068429,0.3937299384254993,0.40919625900321754
claude_ai,AU,country,AU,coursework_share,1091.0,15903.0,0.06860340816198202,0.06477791524399172,0.0726372709360228
claude_ai,AU,country,AU,success_rate,11358.0,15906.0,0.7140701622029423,0.7069968887281899,0.7210400566553518
claude_ai,AU,country,AU,work_share,7309.0,15903.0,0.45959881783311324,0.451863742379423,0.4673534075543514
claude_ai,AU-ACT,subregion,AU,automation_share,85.0,204.0,0.4166666666666667,0.3511633535305686,0.4852505308891048
claude_ai,AU-ACT,subregion,AU,coursework_share,19.0,223.0,0.08520179372197309,0.05522222259911571,0.12923071724965982
claude_ai,AU-ACT,subregion,AU,success_rate,173.0,224.0,0.7723214285714286,0.713086384865602,0.8223733380296024
claude_ai,AU-ACT,subregion,AU,work_share,110.0,223.0,0.49327354260089684,0.42832565431356107,0.5584492582245272
claude_ai,AU-NSW,subregion,AU,automation_share,2247.0,5736.0,0.39173640167364016,0.37918023381465277,0.40443748831900334
claude_ai,AU-NSW,subregion,AU,coursework_share,423.0,5910.0,0.0715736040609137,0.06527592447205098,0.07842789065887847
claude_ai,AU-NSW,subregion,AU,success_rate,4200.0,5911.0,0.7105396717983421,0.6988443730755722,0.7219614858674636
claude_ai,AU-NSW,subregion,AU,work_share,2679.0,5910.0,0.4532994923857868,0.4406419265484448,0.4660177310250688
claude_ai,AU-QLD,subregion,AU,automation_share,1110.0,2727.0,0.40704070407040704,0.3887446660161168,0.425598282326255
claude_ai,AU-QLD,subregion,AU,coursework_share,170.0,2811.0,0.06047669868374244,0.05225017451817307,0.06990291573031551
claude_ai,AU-QLD,subregion,AU,success_rate,2020.0,2811.0,0.7186054784774102,0.7016920623056491,0.7349222040175429
claude_ai,AU-QLD,subregion,AU,work_share,1349.0,2811.0,0.479900391319815,0.4614713634145625,0.49838428174856136
claude_ai,AU-SA,subregion,AU,automation_share,277.0,710.0,0.3901408450704225,0.3549438581186576,0.4265202650145417
claude_ai,AU-SA,subregion,AU,coursework_share,56.0,727.0,0.07702888583218707,0.059793273821210254,0.09871111344957455
claude_ai,AU-SA,subregion,AU,success_rate,506.0,727.0,0.6960110041265475,0.6616158855188968,0.728345495989764
claude_ai,AU-SA,subregion,AU,work_share,307.0,727.0,0.422283356258597,0.38687957418072105,0.4585041587649678
claude_ai,AU-VIC,subregion,AU,automation_share,1933.0,4769.0,0.40532606416439504,0.3914733994639836,0.41933113257831184
claude_ai,AU-VIC,subregion,AU,coursework_share,340.0,4906.0,0.06930289441500204,0.06252790808894038,0.07675186012191187
claude_ai,AU-VIC,subregion,AU,success_rate,3536.0,4907.0,0.7206032198899531,0.7078796594206119,0.7329816381622709
claude_ai,AU-VIC,subregion,AU,work_share,2270.0,4906.0,0.4626987362413371,0.4487809035595081,0.4766749400668932
claude_ai,AU-WA,subregion,AU,automation_share,500.0,1157.0,0.43215211754537597,0.4038784502411165,0.46087484598810197
claude_ai,AU-WA,subregion,AU,coursework_share,75.0,1206.0,0.06218905472636816,0.04990002860759905,0.07725843577319262
claude_ai,AU-WA,subregion,AU,success_rate,839.0,1206.0,0.6956882255389718,0.6691320404420318,0.7210016762362508
claude_ai,AU-WA,subregion,AU,work_share,542.0,1206.0,0.4494195688225539,0.4215493876800522,0.47761096521242563
claude_ai,AZ,country,AZ,automation_share,322.0,636.0,0.5062893081761006,0.46751189789881337,0.5449911966170793
claude_ai,AZ,country,AZ,coursework_share,71.0,657.0,0.1080669710806697,0.08656477283584847,0.13412593428670555
claude_ai,AZ,country,AZ,success_rate,456.0,657.0,0.6940639269406392,0.6577841036453419,0.7280874879735877
claude_ai,AZ,country,AZ,work_share,314.0,657.0,0.4779299847792998,0.4399730713046872,0.516143492785709
claude_ai,AZ-BA,subregion,AZ,automation_share,296.0,583.0,0.5077186963979416,0.46721856973379017,0.5481177663405441
claude_ai,AZ-BA,subregion,AZ,coursework_share,65.0,602.0,0.1079734219269103,0.0856216209100892,0.13529685018862705
claude_ai,AZ-BA,subregion,AZ,success_rate,422.0,602.0,0.7009966777408638,0.6632436065780396,0.736200736629822
claude_ai,AZ-BA,subregion,AZ,work_share,295.0,602.0,0.4900332225913621,0.450289299431259,0.5299035430543015
claude_ai,BA,country,BA,automation_share,179.0,383.0,0.46736292428198434,0.417965839889988,0.5174082253604918
claude_ai,BA,country,BA,coursework_share,46.0,393.0,0.11704834605597965,0.08890902626140575,0.1526019443626417
claude_ai,BA,country,BA,success_rate,272.0,394.0,0.6903553299492385,0.6430473120586092,0.7339871659849135
claude_ai,BA,country,BA,work_share,197.0,393.0,0.5012722646310432,0.4520655010573595,0.5504543960502019
claude_ai,BA-BIH,subregion,BA,automation_share,134.0,277.0,0.48375451263537905,0.4255288021020337,0.5424246634814126
claude_ai,BA-BIH,subregion,BA,coursework_share,38.0,297.0,0.12794612794612795,0.09465313431376249,0.17074101330412012
claude_ai,BA-BIH,subregion,BA,success_rate,200.0,298.0,0.6711409395973155,0.6159177590445808,0.722007828415862
claude_ai,BA-BIH,subregion,BA,work_share,152.0,297.0,0.5117845117845118,0.45514839459015016,0.5681196640825866
claude_ai,BD,country,BD,automation_share,1171.0,2346.0,0.49914748508098894,0.47893237036053,0.5193653872415143
claude_ai,BD,country,BD,coursework_share,454.0,2446.0,0.1856091578086672,0.17069842967500604,0.20150587937093387
claude_ai,BD,country,BD,success_rate,1674.0,2447.0,0.6841029832447896,0.6654073106241062,0.7022215071664846
claude_ai,BD,country,BD,work_share,982.0,2446.0,0.401471790678659,0.3822142762767425,0.4210383095230904
claude_ai,BD-B,subregion,BD,automation_share,111.0,231.0,0.4805194805194805,0.4169362012123895,0.5447400946397934
claude_ai,BD-B,subregion,BD,coursework_share,63.0,254.0,0.24803149606299213,0.1989372560249042,0.30463392876451684
claude_ai,BD-B,subregion,BD,success_rate,173.0,254.0,0.6811023622047244,0.621453360305328,0.7353548506272755
claude_ai,BD-B,subregion,BD,work_share,75.0,254.0,0.2952755905511811,0.2425618257852344,0.3540897618561702
claude_ai,BD-C,subregion,BD,automation_share,871.0,1732.0,0.5028868360277137,0.47935901252887164,0.526401881783144
claude_ai,BD-C,subregion,BD,coursework_share,316.0,1803.0,0.1752634498058791,0.15840959167712051,0.19349817931951802
claude_ai,BD-C,subregion,BD,success_rate,1230.0,1804.0,0.6818181818181818,0.6599575671784281,0.7029060819377334
claude_ai,BD-C,subregion,BD,work_share,767.0,1803.0,0.42540210759844704,0.4027631528702849,0.44835827360118885
claude_ai,BE,country,BE,automation_share,1952.0,4684.0,0.41673783091374894,0.40269245475825294,0.4309196707026416
claude_ai,BE,country,BE,coursework_share,497.0,4810.0,0.10332640332640333,0.09503843213828156,0.11224749102130059
claude_ai,BE,country,BE,success_rate,3460.0,4812.0,0.7190357439733999,0.7061651660801603,0.7315568719536487
claude_ai,BE,country,BE,work_share,2162.0,4810.0,0.4494802494802495,0.4354680617931161,0.4635730699300383
claude_ai,BE-BRU,subregion,BE,automation_share,917.0,2227.0,0.4117647058823529,0.3914929789014672,0.4323403223961237
claude_ai,BE-BRU,subregion,BE,coursework_share,240.0,2284.0,0.10507880910683012,0.093158566421198,0.11832530553916845
claude_ai,BE-BRU,subregion,BE,success_rate,1636.0,2285.0,0.7159737417943107,0.6971330543193396,0.734089447054281
claude_ai,BE-BRU,subregion,BE,work_share,1010.0,2284.0,0.44220665499124345,0.42195215532909125,0.4626552405675477
claude_ai,BE-VLG,subregion,BE,automation_share,797.0,1912.0,0.4168410041841004,0.3949293644378085,0.4390861408106421
claude_ai,BE-VLG,subregion,BE,coursework_share,185.0,1966.0,0.09409969481180061,0.08197339217817015,0.10780917714110914
claude_ai,BE-VLG,subregion,BE,success_rate,1409.0,1967.0,0.7163192679206914,0.6959910692830903,0.7358041597195857
claude_ai,BE-VLG,subregion,BE,work_share,905.0,1966.0,0.46032553407934895,0.43839181647590325,0.4824139985703421
claude_ai,BE-WAL,subregion,BE,automation_share,238.0,545.0,0.43669724770642204,0.39564316313402226,0.47863750363759283
claude_ai,BE-WAL,subregion,BE,coursework_share,72.0,560.0,0.12857142857142856,0.10335738482988018,0.15884675193477146
claude_ai,BE-WAL,subregion,BE,success_rate,415.0,560.0,0.7410714285714286,0.7032342310993254,0.7756236609043864
claude_ai,BE-WAL,subregion,BE,work_share,247.0,560.0,0.44107142857142856,0.400487355072011,0.482458493549304
claude_ai,BF,country,BF,automation_share,231.0,410.0,0.5634146341463414,0.5150377781433289,0.6106141621159394
claude_ai,BF,country,BF,coursework_share,174.0,435.0,0.4,0.3550309223534117,0.44671986882044235
claude_ai,BF,country,BF,success_rate,304.0,435.0,0.6988505747126437,0.6541520277318892,0.7400676633821709
claude_ai,BF,country,BF,work_share,141.0,435.0,0.32413793103448274,0.28185823100172547,0.36949660864884554
claude_ai,BF-03,subregion,BF,automation_share,210.0,376.0,0.5585106382978723,0.5079774302648354,0.607860329475014
claude_ai,BF-03,subregion,BF,coursework_share,154.0,399.0,0.38596491228070173,0.33949991693578013,0.4346048428506967
claude_ai,BF-03,subregion,BF,success_rate,279.0,399.0,0.6992481203007519,0.6525252060994063,0.7421708729549911
claude_ai,BF-03,subregion,BF,work_share,134.0,399.0,0.3358395989974937,0.2912582947971993,0.38355185390641033
claude_ai,BG,country,BG,automation_share,670.0,1521.0,0.44049967126890205,0.41573092184125904,0.4655682242470953
claude_ai,BG,country,BG,coursework_share,136.0,1569.0,0.08667941363926067,0.07374694474055137,0.10163091912062831
claude_ai,BG,country,BG,success_rate,1104.0,1569.0,0.7036328871892925,0.6805615969861456,0.7257094477268122
claude_ai,BG,country,BG,work_share,769.0,1569.0,0.49012109623964306,0.46543942031214686,0.5148510297878505
claude_ai,BG-22,subregion,BG,automation_share,410.0,945.0,0.43386243386243384,0.40259382389827386,0.46566658964177327
claude_ai,BG-22,subregion,BG,coursework_share,77.0,974.0,0.07905544147843943,0.06371615565153303,0.09770221722194669
claude_ai,BG-22,subregion,BG,success_rate,681.0,974.0,0.6991786447638604,0.6696399687154266,0.7271523133883415
claude_ai,BG-22,subregion,BG,work_share,487.0,974.0,0.5,0.46866051748578297,0.531339482514217
claude_ai,BH,country,BH,automation_share,111.0,238.0,0.46638655462184875,0.4040433798262529,0.5297976136173895
claude_ai,BH,country,BH,coursework_share,22.0,258.0,0.08527131782945736,0.05698450468052037,0.125727486080306
claude_ai,BH,country,BH,success_rate,185.0,258.0,0.7170542635658915,0.6592181607303218,0.768521358123825
claude_ai,BH,country,BH,work_share,133.0,258.0,0.5155038759689923,0.4547421935298648,0.5758106292454315
claude_ai,BH-13,subregion,BH,automation_share,98.0,206.0,0.47572815533980584,0.4085988559668007,0.5437461509336423
claude_ai,BH-13,subregion,BH,coursework_share,17.0,222.0,0.07657657657657657,0.04835721398178353,0.11920093296722852
claude_ai,BH-13,subregion,BH,success_rate,160.0,222.0,0.7207207207207207,0.6583322795956037,0.7756001757182094
claude_ai,BH-13,subregion,BH,work_share,114.0,222.0,0.5135135135135135,0.44809557566475094,0.5784717175177273
claude_ai,BJ,country,BJ,automation_share,257.0,532.0,0.4830827067669173,0.44089224840941815,0.5255157348453348
claude_ai,BJ,country,BJ,coursework_share,139.0,556.0,0.25,0.2158050853851369,0.2876258850893688
claude_ai,BJ,country,BJ,success_rate,391.0,556.0,0.7032374100719424,0.6639746853903142,0.7397109285404834
claude_ai,BJ,country,BJ,work_share,246.0,556.0,0.44244604316546765,0.40169597146304076,0.48398597857425557
claude_ai,BJ-LI,subregion,BJ,automation_share,227.0,473.0,0.4799154334038055,0.4352346016731756,0.5249198814927226
claude_ai,BJ-LI,subregion,BJ,coursework_share,128.0,494.0,0.2591093117408907,0.22243495704452823,0.29950133755198605
claude_ai,BJ-LI,subregion,BJ,success_rate,347.0,494.0,0.7024291497975709,0.6606755136253261,0.7410586925960904
claude_ai,BJ-LI,subregion,BJ,work_share,206.0,494.0,0.41700404858299595,0.3743272398355015,0.4609617356137177
claude_ai,BO,country,BO,automation_share,327.0,705.0,0.46382978723404256,0.42731294453105273,0.5007386822357736
claude_ai,BO,country,BO,coursework_share,160.0,728.0,0.21978021978021978,0.19121311236302763,0.25128919961267865
claude_ai,BO,country,BO,success_rate,543.0,728.0,0.7458791208791209,0.713019129369871,0.7761577635534064
claude_ai,BO,country,BO,work_share,311.0,728.0,0.4271978021978022,0.3917382196346685,0.4634216947511767
claude_ai,BO-L,subregion,BO,automation_share,193.0,398.0,0.4849246231155779,0.4362031670955748,0.533934319914232
claude_ai,BO-L,subregion,BO,coursework_share,93.0,425.0,0.2188235294117647,0.18212960803997666,0.2605550568805907
claude_ai,BO-L,subregion,BO,success_rate,312.0,425.0,0.7341176470588235,0.6901525413908706,0.7738882606208745
claude_ai,BO-L,subregion,BO,work_share,186.0,425.0,0.4376470588235294,0.39124813591627366,0.4851631077690404
claude_ai,BR,country,BR,automation_share,11902.0,24846.0,0.47903082991225954,0.4728227779314486,0.48524536524737955
claude_ai,BR,country,BR,coursework_share,1451.0,25545.0,0.056801722450577415,0.05402931730411121,0.059707408825969
claude_ai,BR,country,BR,success_rate,17807.0,25548.0,0.6970017222483169,0.6913371811265859,0.7026070267930499
claude_ai,BR,country,BR,work_share,14593.0,25545.0,0.5712663926404384,0.5651871364713638,0.5773242171549392
claude_ai,BR-AL,subregion,BR,automation_share,105.0,223.0,0.47085201793721976,0.4063868353413805,0.5363044523236686
claude_ai,BR-AL,subregion,BR,coursework_share,0.0,224.0,0.0,9.745569067502656e-19,0.01686083665142801
claude_ai,BR-AL,subregion,BR,success_rate,174.0,237.0,0.7341772151898734,0.6745231015908022,0.7863607324312273
claude_ai,BR-AL,subregion,BR,work_share,147.0,224.0,0.65625,0.5918861798150802,0.7153448087313486
claude_ai,BR-AM,subregion,BR,automation_share,131.0,265.0,0.49433962264150944,0.43465502709419157,0.5541859856062239
claude_ai,BR-AM,subregion,BR,coursework_share,19.0,283.0,0.06713780918727916,0.043398601207779434,0.10247145390277634
claude_ai,BR-AM,subregion,BR,success_rate,198.0,283.0,0.6996466431095406,0.6438548450724934,0.7500908029785563
claude_ai,BR-AM,subregion,BR,work_share,156.0,283.0,0.5512367491166078,0.4929875255183111,0.608113569999215
claude_ai,BR-BA,subregion,BR,automation_share,502.0,1037.0,0.4840887174541948,0.45378654971716426,0.5145083378046258
claude_ai,BR-BA,subregion,BR,coursework_share,65.0,1058.0,0.06143667296786389,0.04849296757050406,0.07755370455083684
claude_ai,BR-BA,subregion,BR,success_rate,757.0,1058.0,0.7155009451795841,0.687572476598054,0.7418701069285285
claude_ai,BR-BA,subregion,BR,work_share,565.0,1058.0,0.5340264650283554,0.5038984832174088,0.5639082404973147
claude_ai,BR-CE,subregion,BR,automation_share,454.0,910.0,0.4989010989010989,0.46648746830101206,0.5313239686044647
claude_ai,BR-CE,subregion,BR,coursework_share,63.0,940.0,0.06702127659574468,0.05273329928235597,0.08483385181587916
claude_ai,BR-CE,subregion,BR,success_rate,673.0,940.0,0.7159574468085106,0.6862949081742593,0.7438620164622475
claude_ai,BR-CE,subregion,BR,work_share,499.0,940.0,0.5308510638297872,0.49888706743288286,0.5625639218009038
claude_ai,BR-DF,subregion,BR,automation_share,336.0,729.0,0.4609053497942387,0.42501949523319615,0.49720107739805186
claude_ai,BR-DF,subregion,BR,coursework_share,47.0,747.0,0.06291834002677377,0.047642868028865984,0.08266637429334951
claude_ai,BR-DF,subregion,BR,success_rate,502.0,747.0,0.6720214190093708,0.6375485586514257,0.7047340213228325
claude_ai,BR-DF,subregion,BR,work_share,457.0,747.0,0.6117804551539491,0.5763445719432345,0.6460725130984041
claude_ai,BR-ES,subregion,BR,automation_share,172.0,337.0,0.5103857566765578,0.45719771745857,0.5633396817321391
claude_ai,BR-ES,subregion,BR,coursework_share,19.0,344.0,0.055232558139534885,0.035640922164055566,0.08464831293605896
claude_ai,BR-ES,subregion,BR,success_rate,229.0,344.0,0.6656976744186046,0.6142576947059446,0.7134776882959736
claude_ai,BR-ES,subregion,BR,work_share,194.0,344.0,0.563953488372093,0.5111285184686185,0.615365839882999
claude_ai,BR-GO,subregion,BR,automation_share,425.0,822.0,0.5170316301703163,0.4828702703950713,0.5510345365315839
claude_ai,BR-GO,subregion,BR,coursework_share,46.0,842.0,0.05463182897862233,0.0412059519195235,0.07210320667470975
claude_ai,BR-GO,subregion,BR,success_rate,591.0,842.0,0.7019002375296912,0.6701427074160621,0.7318238073545522
claude_ai,BR-GO,subregion,BR,work_share,551.0,842.0,0.6543942992874109,0.6216358724859682,0.6857502858680309
claude_ai,BR-MA,subregion,BR,automation_share,123.0,232.0,0.5301724137931034,0.46598135208013736,0.5933805247049591
claude_ai,BR-MA,subregion,BR,coursework_share,28.0,252.0,0.1111111111111111,0.0780003314318283,0.1559006447972134
claude_ai,BR-MA,subregion,BR,success_rate,170.0,252.0,0.6746031746031746,0.6145097593035808,0.7294530676956251
claude_ai,BR-MA,subregion,BR,work_share,135.0,252.0,0.5357142857142857,0.47406320374421984,0.5962928290510724
claude_ai,BR-MG,subregion,BR,automation_share,1020.0,2006.0,0.5084745762711864,0.4866017636459754,0.5303149923809672
claude_ai,BR-MG,subregion,BR,coursework_share,139.0,2064.0,0.06734496124031007,0.05731671959599469,0.07898076082997217
claude_ai,BR-MG,subregion,BR,success_rate,1429.0,2064.0,0.6923449612403101,0.6720918548894743,0.7118833973735617
claude_ai,BR-MG,subregion,BR,work_share,1142.0,2064.0,0.5532945736434108,0.5317671072683875,0.5746240205626805
claude_ai,BR-MS,subregion,BR,success_rate,142.0,207.0,0.6859903381642513,0.6198617732407459,0.7453412986388074
claude_ai,BR-MT,subregion,BR,automation_share,156.0,313.0,0.4984025559105431,0.44336616121203914,0.5534776875754939
claude_ai,BR-MT,subregion,BR,coursework_share,21.0,333.0,0.06306306306306306,0.04161338228971423,0.09447907184896696
claude_ai,BR-MT,subregion,BR,success_rate,247.0,333.0,0.7417417417417418,0.692162635153038,0.7858068318011624
claude_ai,BR-MT,subregion,BR,work_share,196.0,333.0,0.5885885885885885,0.535016781478424,0.640139731256345
claude_ai,BR-PA,subregion,BR,automation_share,149.0,270.0,0.5518518518518518,0.49221817490761094,0.6100307164222674
claude_ai,BR-PA,subregion,BR,coursework_share,19.0,287.0,0.06620209059233449,0.04278787650183203,0.10107599991749723
claude_ai,BR-PA,subregion,BR,success_rate,213.0,287.0,0.7421602787456446,0.6885851001535803,0.7893382780701675
claude_ai,BR-PA,subregion,BR,work_share,154.0,287.0,0.5365853658536586,0.47878986609959595,0.5934143852867256
claude_ai,BR-PB,subregion,BR,automation_share,180.0,328.0,0.5487804878048781,0.4946721121725923,0.601759438302092
claude_ai,BR-PB,subregion,BR,coursework_share,34.0,342.0,0.09941520467836257,0.0720165472496357,0.1357132342457078
claude_ai,BR-PB,subregion,BR,success_rate,230.0,342.0,0.672514619883041,0.6211000661222085,0.7200965973214026
claude_ai,BR-PB,subregion,BR,work_share,204.0,342.0,0.5964912280701754,0.5437016988137235,0.6471371129428726
claude_ai,BR-PE,subregion,BR,automation_share,411.0,872.0,0.4713302752293578,0.43839614245614256,0.5045159092207817
claude_ai,BR-PE,subregion,BR,coursework_share,69.0,890.0,0.07752808988764046,0.06171802134724477,0.09696960294770861
claude_ai,BR-PE,subregion,BR,success_rate,633.0,891.0,0.7104377104377104,0.6798027389336728,0.7392658425895823
claude_ai,BR-PE,subregion,BR,work_share,522.0,890.0,0.5865168539325842,0.5538583105936107,0.6184317237927951
claude_ai,BR-PR,subregion,BR,automation_share,746.0,1517.0,0.4917600527356625,0.46665475694706693,0.5169069762406628
claude_ai,BR-PR,subregion,BR,coursework_share,77.0,1555.0,0.049517684887459806,0.039800992538776114,0.06145470913097661
claude_ai,BR-PR,subregion,BR,success_rate,1081.0,1556.0,0.6947300771208226,0.6713912692570853,0.7171097169969037
claude_ai,BR-PR,subregion,BR,work_share,948.0,1555.0,0.6096463022508039,0.5851574238023123,0.6335947573044789
claude_ai,BR-RJ,subregion,BR,automation_share,1009.0,2286.0,0.44138232720909887,0.4211419663513903,0.46181937036290466
claude_ai,BR-RJ,subregion,BR,coursework_share,119.0,2349.0,0.05065985525755641,0.042501790276599866,0.06028523967050749
claude_ai,BR-RJ,subregion,BR,success_rate,1662.0,2350.0,0.7072340425531914,0.6885100130925484,0.7252816371187487
claude_ai,BR-RJ,subregion,BR,work_share,1277.0,2349.0,0.5436355896126011,0.5234376576121939,0.5636910296738521
claude_ai,BR-RN,subregion,BR,automation_share,125.0,252.0,0.49603174603174605,0.43482427415922703,0.5573583888635183
claude_ai,BR-RN,subregion,BR,coursework_share,15.0,271.0,0.055350553505535055,0.03382636896036138,0.08930491829746275
claude_ai,BR-RN,subregion,BR,success_rate,205.0,271.0,0.7564575645756457,0.7020013368941195,0.8037445181729446
claude_ai,BR-RN,subregion,BR,work_share,166.0,271.0,0.6125461254612546,0.5533552780817975,0.6685907446454752
claude_ai,BR-RS,subregion,BR,automation_share,563.0,1214.0,0.46375617792421747,0.43586197818131855,0.49187903509988323
claude_ai,BR-RS,subregion,BR,coursework_share,59.0,1253.0,0.047086991221069435,0.036678833916813876,0.06026385162128417
claude_ai,BR-RS,subregion,BR,success_rate,861.0,1253.0,0.6871508379888268,0.6609388357807592,0.7122187681686963
claude_ai,BR-RS,subregion,BR,work_share,703.0,1253.0,0.5610534716679968,0.5334300382734003,0.5883036790064861
claude_ai,BR-SC,subregion,BR,automation_share,679.0,1448.0,0.46892265193370164,0.44333474675327567,0.49467501960140103
claude_ai,BR-SC,subregion,BR,coursework_share,55.0,1482.0,0.037112010796221326,0.028622549445829842,0.04799503886237205
claude_ai,BR-SC,subregion,BR,success_rate,1030.0,1482.0,0.6950067476383266,0.6710867020924551,0.7179184246989878
claude_ai,BR-SC,subregion,BR,work_share,893.0,1482.0,0.6025641025641025,0.5774143843228486,0.6271834678304361
claude_ai,BR-SP,subregion,BR,automation_share,4152.0,8822.0,0.4706415778734981,0.46024081654599497,0.4810678967216441
claude_ai,BR-SP,subregion,BR,coursework_share,475.0,9083.0,0.05229549708246174,0.0479034662898106,0.05706607560250102
claude_ai,BR-SP,subregion,BR,success_rate,6274.0,9083.0,0.690740944621821,0.6811567959142558,0.7001638160792447
claude_ai,BR-SP,subregion,BR,work_share,5179.0,9083.0,0.5701860618738303,0.5599775099058428,0.5803352693991249
claude_ai,BR-TO,subregion,BR,success_rate,141.0,204.0,0.6911764705882353,0.6247320341767578,0.7505537603898739
claude_ai,CA,country,CA,automation_share,9997.0,25173.0,0.3971318476145076,0.39110339083169554,0.4031916966029412
claude_ai,CA,country,CA,coursework_share,3819.0,25893.0,0.14749160004634457,0.14322475001969293,0.15186303396706166
claude_ai,CA,country,CA,success_rate,18745.0,25902.0,0.7236892904022856,0.7182105886564624,0.7291016499854971
claude_ai,CA,country,CA,work_share,10269.0,25893.0,0.39659367396593675,0.3906508566699759,0.4025671703499677
claude_ai,CA-AB,subregion,CA,automation_share,1067.0,2543.0,0.4195831694848604,0.40053796775726364,0.4388709691785866
claude_ai,CA-AB,subregion,CA,coursework_share,333.0,2641.0,0.12608860280196896,0.11396896502810037,0.1392944440168874
claude_ai,CA-AB,subregion,CA,success_rate,1812.0,2641.0,0.6861037485800833,0.6681447759468104,0.7035220943867475
claude_ai,CA-AB,subregion,CA,work_share,1027.0,2641.0,0.3888678530859523,0.3704494634964519,0.4076090788374254
claude_ai,CA-BC,subregion,CA,automation_share,1844.0,4753.0,0.38796549547654113,0.37420786406430123,0.4019040838298646
claude_ai,CA-BC,subregion,CA,coursework_share,628.0,4894.0,0.128320392317123,0.11924082479714246,0.1379830102897252
claude_ai,CA-BC,subregion,CA,success_rate,3510.0,4895.0,0.7170582226762002,0.7042733745881218,0.7295026429912178
claude_ai,CA-BC,subregion,CA,work_share,1944.0,4894.0,0.3972210870453617,0.3835974159382128,0.41100598650746867
claude_ai,CA-MB,subregion,CA,automation_share,171.0,434.0,0.39400921658986177,0.34915942779069836,0.44071892090892273
claude_ai,CA-MB,subregion,CA,coursework_share,67.0,446.0,0.15022421524663676,0.12005860203725957,0.18636392535905058
claude_ai,CA-MB,subregion,CA,success_rate,310.0,446.0,0.695067264573991,0.6508244775524343,0.7359783437073156
claude_ai,CA-MB,subregion,CA,work_share,150.0,446.0,0.336322869955157,0.29403837048887355,0.3814029404081178
claude_ai,CA-NB,subregion,CA,automation_share,108.0,220.0,0.4909090909090909,0.42557358412659896,0.5565566365294364
claude_ai,CA-NB,subregion,CA,coursework_share,34.0,240.0,0.14166666666666666,0.10318071832854431,0.19144333269474295
claude_ai,CA-NB,subregion,CA,success_rate,167.0,240.0,0.6958333333333333,0.6349212201021589,0.7505749380595331
claude_ai,CA-NB,subregion,CA,work_share,97.0,240.0,0.4041666666666667,0.3440630619540164,0.4672898819243046
claude_ai,CA-NS,subregion,CA,automation_share,195.0,469.0,0.4157782515991471,0.3720332090939512,0.4608918127315396
claude_ai,CA-NS,subregion,CA,coursework_share,66.0,487.0,0.13552361396303902,0.10796119637254772,0.1687912223303495
claude_ai,CA-NS,subregion,CA,success_rate,367.0,487.0,0.7535934291581109,0.7134346474366969,0.7897826837756533
claude_ai,CA-NS,subregion,CA,work_share,194.0,487.0,0.39835728952772076,0.35583520557613163,0.44247039851284536
claude_ai,CA-ON,subregion,CA,automation_share,4296.0,11087.0,0.38748083340849643,0.3784528246514855,0.396586790015809
claude_ai,CA-ON,subregion,CA,coursework_share,1772.0,11373.0,0.15580761452563088,0.14925843612457534,0.16258923871692024
claude_ai,CA-ON,subregion,CA,success_rate,8317.0,11381.0,0.7307793691239786,0.7225533338093674,0.7388496601506013
claude_ai,CA-ON,subregion,CA,work_share,4580.0,11373.0,0.4027081684691814,0.3937287007544106,0.41175334093983257
claude_ai,CA-QC,subregion,CA,automation_share,2151.0,5245.0,0.4101048617731173,0.3968641348517288,0.42347717626728076
claude_ai,CA-QC,subregion,CA,coursework_share,839.0,5379.0,0.15597694738799034,0.1465263720060548,0.16591856414068226
claude_ai,CA-QC,subregion,CA,success_rate,3941.0,5379.0,0.7326640639524075,0.7206737507920692,0.7443222840160143
claude_ai,CA-QC,subregion,CA,work_share,2118.0,5379.0,0.39375348577802566,0.38077678930745573,0.40688183323124205
claude_ai,CA-SK,subregion,CA,automation_share,108.0,263.0,0.41064638783269963,0.35289167905374813,0.4709738651492546
claude_ai,CA-SK,subregion,CA,coursework_share,52.0,290.0,0.1793103448275862,0.13944070951880416,0.22756518753593552
claude_ai,CA-SK,subregion,CA,success_rate,211.0,290.0,0.7275862068965517,0.6736194245033575,0.7756021969416659
claude_ai,CA-SK,subregion,CA,work_share,106.0,290.0,0.36551724137931035,0.3121839353741917,0.42236692468102166
claude_ai,CH,country,CH,automation_share,2461.0,6145.0,0.4004882017900732,0.38830255501516187,0.412798192156468
claude_ai,CH,country,CH,coursework_share,416.0,6287.0,0.06616828376013997,0.06028477641811478,0.07258164323549723
claude_ai,CH,country,CH,success_rate,4474.0,6287.0,0.7116271671703516,0.7003026768119629,0.7226931907043961
claude_ai,CH,country,CH,work_share,2884.0,6287.0,0.45872435183712423,0.446435880707136,0.4710632341966632
claude_ai,CH-AG,subregion,CH,automation_share,89.0,223.0,0.3991031390134529,0.3370599183191255,0.4645637697521982
claude_ai,CH-AG,subregion,CH,coursework_share,26.0,237.0,0.10970464135021098,0.07597194225001141,0.15588833437993957
claude_ai,CH-AG,subregion,CH,success_rate,170.0,237.0,0.7172995780590717,0.6568552701384326,0.7708117109811083
claude_ai,CH-AG,subregion,CH,work_share,100.0,237.0,0.4219409282700422,0.36079979392015205,0.48557226140583815
claude_ai,CH-BE,subregion,CH,automation_share,189.0,469.0,0.40298507462686567,0.3595547408276938,0.4479918033004032
claude_ai,CH-BE,subregion,CH,coursework_share,34.0,476.0,0.07142857142857142,0.05156203783545622,0.09815736956898724
claude_ai,CH-BE,subregion,CH,success_rate,321.0,476.0,0.6743697478991597,0.6310211260099707,0.7149263699970448
claude_ai,CH-BE,subregion,CH,work_share,224.0,476.0,0.47058823529411764,0.42616249504952464,0.515484915262545
claude_ai,CH-GE,subregion,CH,automation_share,244.0,618.0,0.3948220064724919,0.3570461846731739,0.43389736107867033
claude_ai,CH-GE,subregion,CH,coursework_share,45.0,627.0,0.07177033492822966,0.05406828746807838,0.09468791377166232
claude_ai,CH-GE,subregion,CH,success_rate,448.0,627.0,0.7145135566188198,0.6779383395356008,0.7484761518359258
claude_ai,CH-GE,subregion,CH,work_share,316.0,627.0,0.5039872408293461,0.46494611137909114,0.5429798085348777
claude_ai,CH-VD,subregion,CH,automation_share,287.0,719.0,0.3991655076495132,0.3639957170074772,0.43540708438082143
claude_ai,CH-VD,subregion,CH,coursework_share,42.0,734.0,0.05722070844686648,0.04260893106500309,0.0764431798487757
claude_ai,CH-VD,subregion,CH,success_rate,533.0,734.0,0.726158038147139,0.6927824053717359,0.757178670284611
claude_ai,CH-VD,subregion,CH,work_share,318.0,734.0,0.4332425068119891,0.39783323761356854,0.4693469268011243
claude_ai,CH-ZH,subregion,CH,automation_share,1082.0,2676.0,0.40433482810164423,0.385890284087023,0.4230536475244573
claude_ai,CH-ZH,subregion,CH,coursework_share,163.0,2747.0,0.059337459046232256,0.051102570075547096,0.06880313441867024
claude_ai,CH-ZH,subregion,CH,success_rate,1977.0,2747.0,0.7196942118674918,0.7025999113813214,0.7361748984805042
claude_ai,CH-ZH,subregion,CH,work_share,1264.0,2747.0,0.46013833272661087,0.4415683830867014,0.47881961744375445
claude_ai,CI,country,CI,automation_share,526.0,1012.0,0.5197628458498024,0.48896431421425796,0.5504119034952747
claude_ai,CI,country,CI,coursework_share,329.0,1044.0,0.31513409961685823,0.28767440466418454,0.3439493064005413
claude_ai,CI,country,CI,success_rate,765.0,1044.0,0.7327586206896551,0.7050975088391788,0.758713051840985
claude_ai,CI,country,CI,work_share,382.0,1044.0,0.36590038314176243,0.3372224429872891,0.3955615961270198
claude_ai,CI-AB,subregion,CI,automation_share,508.0,976.0,0.5204918032786885,0.4891301812599452,0.551692743588316
claude_ai,CI-AB,subregion,CI,coursework_share,311.0,1006.0,0.3091451292246521,0.28135804149438476,0.3383843022553677
claude_ai,CI-AB,subregion,CI,success_rate,737.0,1006.0,0.7326043737574552,0.7044065109199853,0.759032507635004
claude_ai,CI-AB,subregion,CI,work_share,375.0,1006.0,0.3727634194831014,0.343419802968885,0.4030750928642833
claude_ai,CL,country,CL,automation_share,1184.0,2642.0,0.4481453444360333,0.4292710633721924,0.46717020506957674
claude_ai,CL,country,CL,coursework_share,132.0,2720.0,0.04852941176470588,0.041071219179044174,0.05726107738328162
claude_ai,CL,country,CL,success_rate,1885.0,2720.0,0.6930147058823529,0.6754184612860236,0.7100665096462069
claude_ai,CL,country,CL,work_share,1359.0,2720.0,0.49963235294117647,0.48085548976841064,0.5184102531440994
claude_ai,CL-RM,subregion,CL,automation_share,916.0,2047.0,0.4474841231069858,0.4260618269923823,0.46910316283423314
claude_ai,CL-RM,subregion,CL,coursework_share,102.0,2108.0,0.04838709677419355,0.040019726626309635,0.05839750315077213
claude_ai,CL-RM,subregion,CL,success_rate,1461.0,2108.0,0.6930740037950665,0.673048398583341,0.712397176501457
claude_ai,CL-RM,subregion,CL,work_share,1071.0,2108.0,0.5080645161290323,0.48672730257183794,0.5293723897535714
claude_ai,CM,country,CM,automation_share,549.0,1088.0,0.5045955882352942,0.4749223669772141,0.5342364707149933
claude_ai,CM,country,CM,coursework_share,380.0,1118.0,0.33989266547406083,0.3127170899681117,0.3681647742808161
claude_ai,CM,country,CM,success_rate,764.0,1118.0,0.6833631484794276,0.655507459818915,0.7099630308457208
claude_ai,CM,country,CM,work_share,379.0,1118.0,0.33899821109123435,0.31184338156294483,0.3672556998046921
claude_ai,CM-CE,subregion,CM,automation_share,290.0,537.0,0.5400372439478585,0.4977475515737149,0.5817581669213121
claude_ai,CM-CE,subregion,CM,coursework_share,185.0,559.0,0.33094812164579607,0.29320962529859973,0.37099429992654365
claude_ai,CM-CE,subregion,CM,success_rate,379.0,559.0,0.6779964221824687,0.638160665467522,0.7154023973906605
claude_ai,CM-CE,subregion,CM,work_share,201.0,559.0,0.3595706618962433,0.3208723499418906,0.40018593714989514
claude_ai,CM-LT,subregion,CM,automation_share,172.0,379.0,0.45382585751978893,0.40441504701003333,0.504163331097257
claude_ai,CM-LT,subregion,CM,coursework_share,120.0,399.0,0.3007518796992481,0.2578291270450089,0.3474747939005935
claude_ai,CM-LT,subregion,CM,success_rate,270.0,399.0,0.6766917293233082,0.6292991901934227,0.7207143138736843
claude_ai,CM-LT,subregion,CM,work_share,140.0,399.0,0.3508771929824561,0.3056728530970421,0.39892567893142766
claude_ai,CO,country,CO,automation_share,3133.0,6726.0,0.46580434136187926,0.45390578460105035,0.47774193798427766
claude_ai,CO,country,CO,coursework_share,1301.0,6908.0,0.188332368268674,0.17928651570633505,0.19772467042964356
claude_ai,CO,country,CO,success_rate,4960.0,6908.0,0.7180081065431384,0.707278034233963,0.7284958411395699
claude_ai,CO,country,CO,work_share,3479.0,6908.0,0.5036189924724956,0.491829586575168,0.5154043754994259
claude_ai,CO-ANT,subregion,CO,automation_share,565.0,1242.0,0.45491143317230276,0.4273984297688309,0.48270250120024255
claude_ai,CO-ANT,subregion,CO,coursework_share,185.0,1279.0,0.14464425332290853,0.1264306577150396,0.16498614697854067
claude_ai,CO-ANT,subregion,CO,success_rate,902.0,1279.0,0.7052384675527756,0.679666153158213,0.7295815669032506
claude_ai,CO-ANT,subregion,CO,work_share,712.0,1279.0,0.5566849100860047,0.5293295563598827,0.5837007663237597
claude_ai,CO-ATL,subregion,CO,automation_share,152.0,307.0,0.495114006514658,0.4395921533486564,0.5507566287963331
claude_ai,CO-ATL,subregion,CO,coursework_share,80.0,325.0,0.24615384615384617,0.20246558928783223,0.2957730763797718
claude_ai,CO-ATL,subregion,CO,success_rate,251.0,325.0,0.7723076923076924,0.7236906348536449,0.8145624328847433
claude_ai,CO-ATL,subregion,CO,work_share,128.0,325.0,0.39384615384615385,0.3422615542532052,0.44791097866233837
claude_ai,CO-DC,subregion,CO,automation_share,1380.0,3093.0,0.44616876818622697,0.4287274847670519,0.46374360577887724
claude_ai,CO-DC,subregion,CO,coursework_share,631.0,3174.0,0.19880277252678008,0.1852858941276378,0.2130478680082723
claude_ai,CO-DC,subregion,CO,success_rate,2289.0,3174.0,0.72117202268431,0.7053112331892045,0.7364980753678989
claude_ai,CO-DC,subregion,CO,work_share,1564.0,3174.0,0.4927536231884058,0.47537979685100684,0.5101449693928487
claude_ai,CO-SAN,subregion,CO,automation_share,131.0,269.0,0.48698884758364314,0.4278623396363657,0.5464817486551558
claude_ai,CO-SAN,subregion,CO,coursework_share,56.0,273.0,0.20512820512820512,0.1614777851843087,0.2569622180521991
claude_ai,CO-SAN,subregion,CO,success_rate,203.0,273.0,0.7435897435897436,0.6886617189886414,0.7917574087725043
claude_ai,CO-SAN,subregion,CO,work_share,138.0,273.0,0.5054945054945055,0.44652243167170574,0.5643140900071171
claude_ai,CO-VAC,subregion,CO,automation_share,295.0,562.0,0.5249110320284698,0.48359448496915086,0.5658893281686601
claude_ai,CO-VAC,subregion,CO,coursework_share,118.0,586.0,0.20136518771331058,0.1708883435840355,0.2357320100837967
claude_ai,CO-VAC,subregion,CO,success_rate,411.0,586.0,0.7013651877133106,0.6630960628295411,0.7370113558401492
claude_ai,CO-VAC,subregion,CO,work_share,317.0,586.0,0.5409556313993175,0.5004722226006296,0.580905557467782
claude_ai,CR,country,CR,automation_share,324.0,750.0,0.432,0.3969832195468558,0.4677098406397935
claude_ai,CR,country,CR,coursework_share,130.0,771.0,0.16861219195849547,0.14384097138851393,0.19666939873100475
claude_ai,CR,country,CR,success_rate,560.0,772.0,0.7253886010362695,0.6928466482396854,0.7556985187119192
claude_ai,CR,country,CR,work_share,333.0,771.0,0.43190661478599224,0.3973643551886148,0.4671240770277246
claude_ai,CR-SJ,subregion,CR,automation_share,237.0,545.0,0.43486238532110094,0.3938408850539175,0.4767957430733966
claude_ai,CR-SJ,subregion,CR,coursework_share,88.0,557.0,0.15798922800718132,0.13005492780151706,0.19060887459830494
claude_ai,CR-SJ,subregion,CR,success_rate,403.0,557.0,0.7235188509874326,0.6849398085342252,0.7590358166690407
claude_ai,CR-SJ,subregion,CR,work_share,246.0,557.0,0.44165170556552963,0.40095069030484276,0.4831520581360719
claude_ai,CY,country,CY,automation_share,283.0,659.0,0.4294385432473445,0.39216162777171976,0.46753335817967495
claude_ai,CY,country,CY,coursework_share,35.0,681.0,0.0513950073421439,0.037183796704077385,0.07063909255965893
claude_ai,CY,country,CY,success_rate,477.0,681.0,0.7004405286343612,0.6649903149964318,0.7336420110772179
claude_ai,CY,country,CY,work_share,366.0,681.0,0.5374449339207048,0.4998912532121863,0.5745785219883857
claude_ai,CY-01,subregion,CY,automation_share,258.0,586.0,0.4402730375426621,0.4005976944835817,0.4807263762499847
claude_ai,CY-01,subregion,CY,coursework_share,30.0,603.0,0.04975124378109453,0.03506858349619732,0.07013448761824177
claude_ai,CY-01,subregion,CY,success_rate,420.0,603.0,0.6965174129353234,0.6586715768524407,0.7318751490147378
claude_ai,CY-01,subregion,CY,work_share,320.0,603.0,0.5306799336650083,0.4907780371222762,0.5701933926544563
claude_ai,CZ,country,CZ,automation_share,1218.0,2933.0,0.4152744630071599,0.3975628218410125,0.43320775836324504
claude_ai,CZ,country,CZ,coursework_share,193.0,3025.0,0.06380165289256198,0.05563335923442848,0.07307644189878364
claude_ai,CZ,country,CZ,success_rate,2179.0,3027.0,0.7198546415592997,0.7035857517831029,0.7355661986190558
claude_ai,CZ,country,CZ,work_share,1315.0,3025.0,0.43471074380165287,0.4171389430622533,0.45244816245029645
claude_ai,CZ-10,subregion,CZ,automation_share,653.0,1605.0,0.40685358255451715,0.3830700922849313,0.43108190378478745
claude_ai,CZ-10,subregion,CZ,coursework_share,94.0,1646.0,0.05710814094775213,0.04689467023058398,0.06938412889776871
claude_ai,CZ-10,subregion,CZ,success_rate,1175.0,1648.0,0.7129854368932039,0.6906690358017203,0.7343111802189927
claude_ai,CZ-10,subregion,CZ,work_share,715.0,1646.0,0.43438639125151884,0.41062023543005793,0.4584581051815499
claude_ai,CZ-80,subregion,CZ,automation_share,304.0,700.0,0.4342857142857143,0.398023758413457,0.471265013378378
claude_ai,CZ-80,subregion,CZ,coursework_share,50.0,731.0,0.06839945280437756,0.05226525681732556,0.08904628569741505
claude_ai,CZ-80,subregion,CZ,success_rate,534.0,731.0,0.7305061559507524,0.6971976652031852,0.7614045696185777
claude_ai,CZ-80,subregion,CZ,work_share,284.0,731.0,0.38850889192886456,0.35384539456151654,0.42433809423389185
claude_ai,DE,country,DE,automation_share,11893.0,29455.0,0.403768460363266,0.3981779788695516,0.40938404013393837
claude_ai,DE,country,DE,coursework_share,3483.0,30262.0,0.11509483841120878,0.11154788937639504,0.11873949836966387
claude_ai,DE,country,DE,success_rate,21774.0,30270.0,0.7193260654112983,0.7142365758880811,0.7243598921597665
claude_ai,DE,country,DE,work_share,12238.0,30262.0,0.4044015597118498,0.3988844731678302,0.40994291460254656
claude_ai,DE-BB,subregion,DE,automation_share,170.0,392.0,0.4336734693877551,0.3854915172449056,0.4831428051709294
claude_ai,DE-BB,subregion,DE,coursework_share,48.0,400.0,0.12,0.09171493428788871,0.15551467256786858
claude_ai,DE-BB,subregion,DE,success_rate,272.0,400.0,0.68,0.6327588055173098,0.7238166438668051
claude_ai,DE-BB,subregion,DE,work_share,171.0,400.0,0.4275,0.37993373444987266,0.476445598437081
claude_ai,DE-BE,subregion,DE,automation_share,2146.0,5648.0,0.379957507082153,0.3673845029854691,0.39269369878154436
claude_ai,DE-BE,subregion,DE,coursework_share,557.0,5798.0,0.09606760952052432,0.08874755171860986,0.10392258253669281
claude_ai,DE-BE,subregion,DE,success_rate,4293.0,5798.0,0.7404277337012763,0.7289865183018519,0.7515505580636939
claude_ai,DE-BE,subregion,DE,work_share,2396.0,5798.0,0.41324594687823385,0.40063241716519166,0.42597436230979435
claude_ai,DE-BW,subregion,DE,automation_share,1565.0,3816.0,0.4101153039832285,0.39460740171755665,0.4258039996347926
claude_ai,DE-BW,subregion,DE,coursework_share,525.0,3910.0,0.13427109974424553,0.12394243853936739,0.14531771751804687
claude_ai,DE-BW,subregion,DE,success_rate,2747.0,3911.0,0.7023779084633086,0.6878555011428249,0.7165031324223236
claude_ai,DE-BW,subregion,DE,work_share,1551.0,3910.0,0.39667519181585675,0.38144961259364335,0.4121036063204793
claude_ai,DE-BY,subregion,DE,automation_share,1930.0,4798.0,0.4022509378907878,0.388459440461309,0.4161988389788126
claude_ai,DE-BY,subregion,DE,coursework_share,501.0,4948.0,0.10125303152789006,0.09315443683658083,0.10997031578070808
claude_ai,DE-BY,subregion,DE,success_rate,3558.0,4951.0,0.7186426984447586,0.7059513848724117,0.7309949748255451
claude_ai,DE-BY,subregion,DE,work_share,2081.0,4948.0,0.4205739692805174,0.4068857596771447,0.434385415071256
claude_ai,DE-HB,subregion,DE,automation_share,144.0,343.0,0.4198250728862974,0.3687652326839236,0.472660939955114
claude_ai,DE-HB,subregion,DE,coursework_share,52.0,353.0,0.14730878186968838,0.11413724232249597,0.18807415903878028
claude_ai,DE-HB,subregion,DE,success_rate,251.0,353.0,0.7110481586402266,0.6616906514419433,0.7558615622013092
claude_ai,DE-HB,subregion,DE,work_share,141.0,353.0,0.39943342776203966,0.34968613717746205,0.45134602947575325
claude_ai,DE-HE,subregion,DE,automation_share,1055.0,2546.0,0.4143754909662215,0.3953832551784274,0.43362573110526964
claude_ai,DE-HE,subregion,DE,coursework_share,323.0,2624.0,0.12309451219512195,0.11107161624667992,0.1362193924655651
claude_ai,DE-HE,subregion,DE,success_rate,1844.0,2624.0,0.7027439024390244,0.6849698713305364,0.7199251573500355
claude_ai,DE-HE,subregion,DE,work_share,1102.0,2624.0,0.41996951219512196,0.40121532481449884,0.43895769018001224
claude_ai,DE-HH,subregion,DE,automation_share,319.0,802.0,0.39775561097256856,0.3644465906494822,0.43203946814917005
claude_ai,DE-HH,subregion,DE,coursework_share,88.0,816.0,0.10784313725490197,0.08836849926102931,0.13099289933108899
claude_ai,DE-HH,subregion,DE,success_rate,590.0,817.0,0.7221542227662179,0.690453045874817,0.7517760029453208
claude_ai,DE-HH,subregion,DE,work_share,386.0,816.0,0.4730392156862745,0.43898871760941427,0.5073423785437939
claude_ai,DE-NI,subregion,DE,automation_share,708.0,1782.0,0.39730639730639733,0.37483042152567353,0.42022419026072455
claude_ai,DE-NI,subregion,DE,coursework_share,234.0,1844.0,0.12689804772234273,0.11247698524020444,0.1428704428077408
claude_ai,DE-NI,subregion,DE,success_rate,1323.0,1845.0,0.7170731707317073,0.6960854680556334,0.7371587860762513
claude_ai,DE-NI,subregion,DE,work_share,632.0,1844.0,0.34273318872017355,0.321416905171092,0.36470337700028027
claude_ai,DE-NW,subregion,DE,automation_share,2360.0,5661.0,0.4168874757110051,0.40410422394598866,0.4297834526308815
claude_ai,DE-NW,subregion,DE,coursework_share,635.0,5796.0,0.10955831608005522,0.10177430071075372,0.11785955963467366
claude_ai,DE-NW,subregion,DE,success_rate,4201.0,5797.0,0.7246851819906849,0.7130406576674857,0.7360321113596845
claude_ai,DE-NW,subregion,DE,work_share,2354.0,5796.0,0.4061421670117322,0.39356472874730236,0.4188439411722347
claude_ai,DE-RP,subregion,DE,automation_share,365.0,858.0,0.4254079254079254,0.3927303038387671,0.4587505251209861
claude_ai,DE-RP,subregion,DE,coursework_share,116.0,879.0,0.13196814562002276,0.1111859227288592,0.1559532786862078
claude_ai,DE-RP,subregion,DE,success_rate,631.0,879.0,0.7178612059158134,0.6872110707468477,0.7466153370708175
claude_ai,DE-RP,subregion,DE,work_share,346.0,879.0,0.39362912400455063,0.3618611006595932,0.4263228725469254
claude_ai,DE-SH,subregion,DE,automation_share,349.0,933.0,0.3740621650589496,0.34358864018676594,0.40556852789799885
claude_ai,DE-SH,subregion,DE,coursework_share,105.0,961.0,0.10926118626430802,0.09107052867456501,0.13056336439140562
claude_ai,DE-SH,subregion,DE,success_rate,683.0,961.0,0.7107180020811654,0.6812554226670521,0.738502597716812
claude_ai,DE-SH,subregion,DE,work_share,365.0,961.0,0.3798126951092612,0.34966262399186016,0.41091983845586183
claude_ai,DE-SN,subregion,DE,automation_share,394.0,946.0,0.4164904862579281,0.38547501441936377,0.4481814605128776
claude_ai,DE-SN,subregion,DE,coursework_share,157.0,976.0,0.16086065573770492,0.13914701703906637,0.185233576722211
claude_ai,DE-SN,subregion,DE,success_rate,703.0,976.0,0.7202868852459017,0.6913047138463286,0.7475417282724791
claude_ai,DE-SN,subregion,DE,work_share,370.0,976.0,0.3790983606557377,0.34919023220676104,0.4099545111884979
claude_ai,DE-ST,subregion,DE,automation_share,92.0,213.0,0.431924882629108,0.36718856344764556,0.49907326085175086
claude_ai,DE-ST,subregion,DE,coursework_share,35.0,231.0,0.15151515151515152,0.11100442540518476,0.20342708928386521
claude_ai,DE-ST,subregion,DE,success_rate,169.0,231.0,0.7316017316017316,0.6710110887892713,0.7846151716347763
claude_ai,DE-ST,subregion,DE,work_share,82.0,231.0,0.354978354978355,0.29610396089555624,0.41859735267069437
claude_ai,DE-TH,subregion,DE,automation_share,140.0,334.0,0.41916167664670656,0.3674568495446601,0.4727049304137582
claude_ai,DE-TH,subregion,DE,coursework_share,61.0,343.0,0.17784256559766765,0.14101030197984896,0.2218112280788291
claude_ai,DE-TH,subregion,DE,success_rate,241.0,344.0,0.7005813953488372,0.6501831918779721,0.7465491138611918
claude_ai,DE-TH,subregion,DE,work_share,126.0,343.0,0.3673469387755102,0.3180594794555088,0.41957291527453505
claude_ai,DK,country,DK,automation_share,966.0,2464.0,0.39204545454545453,0.3729507784797753,0.4114762285047896
claude_ai,DK,country,DK,coursework_share,222.0,2535.0,0.08757396449704143,0.07718458080271683,0.09921145745347057
claude_ai,DK,country,DK,success_rate,1810.0,2537.0,0.7134410721324399,0.695534006799151,0.7307027172847116
claude_ai,DK,country,DK,work_share,1066.0,2535.0,0.4205128205128205,0.4014305706969593,0.4398356193638937
claude_ai,DK-82,subregion,DK,automation_share,164.0,401.0,0.4089775561097257,0.3619412444893329,0.4577413177769955
claude_ai,DK-82,subregion,DK,coursework_share,45.0,416.0,0.10817307692307693,0.0818320773056859,0.14168460136550817
claude_ai,DK-82,subregion,DK,success_rate,291.0,417.0,0.697841726618705,0.6521260911944653,0.7399454150444615
claude_ai,DK-82,subregion,DK,work_share,173.0,416.0,0.41586538461538464,0.3694827955542306,0.4637876569211792
claude_ai,DK-83,subregion,DK,automation_share,112.0,232.0,0.4827586206896552,0.4192628105385998,0.5468161170127737
claude_ai,DK-83,subregion,DK,coursework_share,15.0,248.0,0.06048387096774194,0.03699276753801689,0.09738376120068234
claude_ai,DK-83,subregion,DK,success_rate,178.0,248.0,0.717741935483871,0.6587309713043885,0.7701100144580909
claude_ai,DK-83,subregion,DK,work_share,112.0,248.0,0.45161290322580644,0.3908828104097036,0.51381919275419
claude_ai,DK-84,subregion,DK,automation_share,592.0,1586.0,0.37326607818411095,0.3497948195412354,0.3973498016587634
claude_ai,DK-84,subregion,DK,coursework_share,142.0,1626.0,0.08733087330873308,0.07456266335146201,0.10204443760853313
claude_ai,DK-84,subregion,DK,success_rate,1171.0,1627.0,0.7197295636140135,0.6974074821558751,0.7410164579741781
claude_ai,DK-84,subregion,DK,work_share,687.0,1626.0,0.4225092250922509,0.3987098079989613,0.4466739397222897
claude_ai,DO,country,DO,automation_share,621.0,1217.0,0.5102711585866886,0.48219709247589493,0.5382805845626333
claude_ai,DO,country,DO,coursework_share,343.0,1244.0,0.2757234726688103,0.2516092434637803,0.30121861545677503
claude_ai,DO,country,DO,success_rate,883.0,1244.0,0.7098070739549839,0.6839708981295325,0.7343514273963997
claude_ai,DO,country,DO,work_share,463.0,1244.0,0.3721864951768489,0.34575627987504226,0.39940368273559673
claude_ai,DO-35,subregion,DO,automation_share,107.0,206.0,0.5194174757281553,0.45146015253630867,0.5866638419433369
claude_ai,DO-35,subregion,DO,coursework_share,56.0,220.0,0.2545454545454545,0.20153651311521342,0.31597944459774074
claude_ai,DO-35,subregion,DO,success_rate,150.0,220.0,0.6818181818181818,0.6176001052463365,0.7397954816329568
claude_ai,DO-35,subregion,DO,work_share,73.0,220.0,0.33181818181818185,0.2729515496946978,0.396457532441956
claude_ai,DO-40,subregion,DO,automation_share,437.0,856.0,0.5105140186915887,0.47705360033876926,0.5438804879863363
claude_ai,DO-40,subregion,DO,coursework_share,236.0,877.0,0.2690992018244014,0.2408007248748479,0.299411726489847
claude_ai,DO-40,subregion,DO,success_rate,622.0,877.0,0.7092360319270239,0.6783198635228941,0.7383271249935429
claude_ai,DO-40,subregion,DO,work_share,340.0,877.0,0.38768529076396807,0.3559952418599063,0.4203550122606984
claude_ai,DZ,country,DZ,automation_share,960.0,2046.0,0.46920821114369504,0.4476615099749783,0.49087032585077517
claude_ai,DZ,country,DZ,coursework_share,639.0,2107.0,0.3032747982914096,0.2840195769412595,0.3232460748253154
claude_ai,DZ,country,DZ,success_rate,1469.0,2107.0,0.6971998101566208,0.6772363301216752,0.7164455074922889
claude_ai,DZ,country,DZ,work_share,700.0,2107.0,0.33222591362126247,0.31243523829923503,0.3526272656802203
claude_ai,DZ-09,subregion,DZ,automation_share,141.0,310.0,0.45483870967741935,0.4002962931934122,0.5104867260111803
claude_ai,DZ-09,subregion,DZ,coursework_share,91.0,334.0,0.27245508982035926,0.2274957504781391,0.32258925977518665
claude_ai,DZ-09,subregion,DZ,success_rate,232.0,334.0,0.6946107784431138,0.6432349538944339,0.7415607610204848
claude_ai,DZ-09,subregion,DZ,work_share,103.0,334.0,0.3083832335329341,0.2612671741284986,0.3598570450321968
claude_ai,DZ-16,subregion,DZ,automation_share,354.0,788.0,0.44923857868020306,0.41483764482440016,0.48413204810408456
claude_ai,DZ-16,subregion,DZ,coursework_share,255.0,813.0,0.31365313653136534,0.2826986578956477,0.3463603910068567
claude_ai,DZ-16,subregion,DZ,success_rate,570.0,813.0,0.7011070110701108,0.6687536479066746,0.73156876466389
claude_ai,DZ-16,subregion,DZ,work_share,280.0,813.0,0.34440344403444034,0.31254038521340344,0.3777300417579947
claude_ai,DZ-19,subregion,DZ,automation_share,110.0,221.0,0.497737556561086,0.4324205270589964,0.5631318974033807
claude_ai,DZ-19,subregion,DZ,coursework_share,69.0,232.0,0.2974137931034483,0.2422791322290682,0.35914826649957005
claude_ai,DZ-19,subregion,DZ,success_rate,163.0,232.0,0.7025862068965517,0.6408517335004301,0.7577208677709318
claude_ai,DZ-19,subregion,DZ,work_share,79.0,232.0,0.34051724137931033,0.28257852841082337,0.40365155143938114
claude_ai,DZ-31,subregion,DZ,automation_share,125.0,246.0,0.508130081300813,0.4460128557877354,0.5699972882395202
claude_ai,DZ-31,subregion,DZ,coursework_share,87.0,264.0,0.32954545454545453,0.2756435405932101,0.3883369613153806
claude_ai,DZ-31,subregion,DZ,success_rate,182.0,264.0,0.6893939393939394,0.6311923379539452,0.7421626599253983
claude_ai,DZ-31,subregion,DZ,work_share,84.0,264.0,0.3181818181818182,0.26494732673473725,0.3766318753010928
claude_ai,EC,country,EC,automation_share,584.0,1171.0,0.4987190435525192,0.4701318600730803,0.5273146041992097
claude_ai,EC,country,EC,coursework_share,530.0,1187.0,0.44650379106992416,0.41844011304897466,0.47491262168921383
claude_ai,EC,country,EC,success_rate,870.0,1187.0,0.7329401853411963,0.7070489371548377,0.757328524969428
claude_ai,EC,country,EC,work_share,355.0,1187.0,0.2990732940185341,0.2737085570450425,0.32573439153854744
claude_ai,EC-G,subregion,EC,automation_share,119.0,237.0,0.5021097046413502,0.4389285012637603,0.5652236053490507
claude_ai,EC-G,subregion,EC,coursework_share,99.0,242.0,0.4090909090909091,0.349034208560617,0.47198875907382726
claude_ai,EC-G,subregion,EC,success_rate,168.0,242.0,0.6942148760330579,0.6335052762500978,0.7488547474399532
claude_ai,EC-G,subregion,EC,work_share,75.0,242.0,0.30991735537190085,0.25500153513043455,0.3707737608324944
claude_ai,EC-P,subregion,EC,automation_share,236.0,480.0,0.49166666666666664,0.44718622515384054,0.5362794379888078
claude_ai,EC-P,subregion,EC,coursework_share,227.0,486.0,0.4670781893004115,0.42315266817159247,0.5115200913490362
claude_ai,EC-P,subregion,EC,success_rate,357.0,486.0,0.7345679012345679,0.6935810695356897,0.7718755188798306
claude_ai,EC-P,subregion,EC,work_share,139.0,486.0,0.28600823045267487,0.2476324902305148,0.3277404466535718
claude_ai,EE,country,EE,automation_share,301.0,717.0,0.4198047419804742,0.384201033553527,0.4562632237812328
claude_ai,EE,country,EE,coursework_share,47.0,740.0,0.06351351351351352,0.048096710831065884,0.08343882038955959
claude_ai,EE,country,EE,success_rate,527.0,741.0,0.7112010796221323,0.6775460301009221,0.742677544951814
claude_ai,EE,country,EE,work_share,337.0,740.0,0.4554054054054054,0.41984580766986346,0.49142562431242953
claude_ai,EE-37,subregion,EE,automation_share,283.0,689.0,0.4107402031930334,0.3745984737397762,0.4478717705411676
claude_ai,EE-37,subregion,EE,coursework_share,44.0,709.0,0.06205923836389281,0.04655150159726644,0.08228721937524695
claude_ai,EE-37,subregion,EE,success_rate,506.0,709.0,0.7136812411847673,0.6793251089823499,0.7457342590455543
claude_ai,EE-37,subregion,EE,work_share,327.0,709.0,0.461212976022567,0.42482664988753066,0.4980173592163151
claude_ai,EG,country,EG,automation_share,2254.0,4453.0,0.506175611947002,0.4914918666279382,0.520848711058287
claude_ai,EG,country,EG,coursework_share,623.0,4581.0,0.1359965073128138,0.12637444380417812,0.14622856171732126
claude_ai,EG,country,EG,success_rate,3072.0,4584.0,0.6701570680628273,0.6564089921197811,0.6836201841272803
claude_ai,EG,country,EG,work_share,2383.0,4581.0,0.5201920977952412,0.505713797813539,0.5346365602010105
claude_ai,EG-ALX,subregion,EG,automation_share,164.0,318.0,0.5157232704402516,0.4609355839328785,0.5701356013955564
claude_ai,EG-ALX,subregion,EG,coursework_share,59.0,342.0,0.17251461988304093,0.13616565547141582,0.21613898341528834
claude_ai,EG-ALX,subregion,EG,success_rate,224.0,342.0,0.6549707602339181,0.6031176354710641,0.7033810621986204
claude_ai,EG-ALX,subregion,EG,work_share,161.0,342.0,0.47076023391812866,0.41847702120274755,0.5236930358407081
claude_ai,EG-C,subregion,EG,automation_share,1405.0,2767.0,0.5077701481749187,0.4891441691482736,0.5263745815446567
claude_ai,EG-C,subregion,EG,coursework_share,366.0,2857.0,0.12810640532026601,0.11634871017458825,0.14086287399700653
claude_ai,EG-C,subregion,EG,success_rate,1916.0,2859.0,0.6701643931444561,0.6527120124740808,0.6871600922207789
claude_ai,EG-C,subregion,EG,work_share,1541.0,2857.0,0.5393769688484424,0.5210586580658119,0.5575895271395487
claude_ai,EG-GH,subregion,EG,coursework_share,22.0,214.0,0.102803738317757,0.06887396472557471,0.1507424905336595
claude_ai,EG-GH,subregion,EG,success_rate,140.0,214.0,0.6542056074766355,0.588266300722427,0.7147061342945762
claude_ai,EG-GH,subregion,EG,work_share,114.0,214.0,0.5327102803738317,0.4658750661498315,0.5983918140052905
claude_ai,EG-GZ,subregion,EG,automation_share,138.0,290.0,0.47586206896551725,0.419073263710674,0.5332820188633387
claude_ai,EG-GZ,subregion,EG,coursework_share,36.0,294.0,0.12244897959183673,0.08977290200068559,0.16486446228959487
claude_ai,EG-GZ,subregion,EG,success_rate,203.0,294.0,0.6904761904761905,0.6354588749806488,0.7405799322242547
claude_ai,EG-GZ,subregion,EG,work_share,160.0,294.0,0.54421768707483,0.4870820049493497,0.6002127181517886
claude_ai,ES,country,ES,automation_share,6688.0,15249.0,0.43858613679585545,0.4307266048797295,0.44647660425869096
claude_ai,ES,country,ES,coursework_share,1869.0,15639.0,0.11950892000767313,0.11451802573310925,0.12468669778720053
claude_ai,ES,country,ES,success_rate,10877.0,15640.0,0.6954603580562659,0.6882004198084581,0.7026242993577089
claude_ai,ES,country,ES,work_share,7340.0,15639.0,0.46933947183323743,0.4615262158852745,0.4771677871275797
claude_ai,ES-AN,subregion,ES,automation_share,722.0,1622.0,0.44512946979038226,0.4211010511646678,0.4694171887425901
claude_ai,ES-AN,subregion,ES,coursework_share,189.0,1673.0,0.11297071129707113,0.09867974250880118,0.12903502792628346
claude_ai,ES-AN,subregion,ES,success_rate,1156.0,1673.0,0.6909742976688583,0.6684148383920033,0.7126587227601057
claude_ai,ES-AN,subregion,ES,work_share,761.0,1673.0,0.4548714883442917,0.4311402723990226,0.4788094807559564
claude_ai,ES-AR,subregion,ES,automation_share,149.0,288.0,0.5173611111111112,0.45980099375578315,0.5744641692641564
claude_ai,ES-AR,subregion,ES,coursework_share,36.0,306.0,0.11764705882352941,0.08620033962176087,0.15857505528970356
claude_ai,ES-AR,subregion,ES,success_rate,208.0,306.0,0.6797385620915033,0.6255094199566402,0.7295106935465174
claude_ai,ES-AR,subregion,ES,work_share,149.0,306.0,0.4869281045751634,0.4314344861461157,0.5427458692354729
claude_ai,ES-AS,subregion,ES,coursework_share,18.0,209.0,0.0861244019138756,0.05517062919799101,0.13201834137918939
claude_ai,ES-AS,subregion,ES,success_rate,149.0,209.0,0.7129186602870813,0.6481757522818546,0.7699755865541624
claude_ai,ES-AS,subregion,ES,work_share,91.0,209.0,0.4354066985645933,0.3699517659650524,0.5031933334891896
claude_ai,ES-CL,subregion,ES,automation_share,164.0,368.0,0.44565217391304346,0.3956901955548621,0.49673711758062356
claude_ai,ES-CL,subregion,ES,coursework_share,64.0,389.0,0.16452442159383032,0.1309954382626061,0.20461463969247806
claude_ai,ES-CL,subregion,ES,success_rate,277.0,389.0,0.712082262210797,0.6651841656666305,0.7548324517180862
claude_ai,ES-CL,subregion,ES,work_share,178.0,389.0,0.45758354755784064,0.4087304037617323,0.5072662727613243
claude_ai,ES-CM,subregion,ES,automation_share,150.0,354.0,0.423728813559322,0.3733412924647444,0.4757539496759123
claude_ai,ES-CM,subregion,ES,coursework_share,41.0,368.0,0.11141304347826086,0.08319542989443438,0.14765985902428796
claude_ai,ES-CM,subregion,ES,success_rate,237.0,368.0,0.6440217391304348,0.5938435644900893,0.6912240557008736
claude_ai,ES-CM,subregion,ES,work_share,182.0,368.0,0.4945652173913043,0.443802882694096,0.5454398486194525
claude_ai,ES-CN,subregion,ES,automation_share,137.0,316.0,0.43354430379746833,0.3800255701566438,0.4886594289178981
claude_ai,ES-CN,subregion,ES,coursework_share,35.0,339.0,0.10324483775811209,0.07517594788156831,0.14020514939484155
claude_ai,ES-CN,subregion,ES,success_rate,245.0,339.0,0.7227138643067846,0.6727659368998994,0.767670696227469
claude_ai,ES-CN,subregion,ES,work_share,136.0,339.0,0.40117994100294985,0.3503921822931741,0.4541822917496492
claude_ai,ES-CT,subregion,ES,automation_share,1355.0,3188.0,0.42503136762860727,0.40797120816211924,0.44227198686359886
claude_ai,ES-CT,subregion,ES,coursework_share,361.0,3262.0,0.11066830165542611,0.10035678341436297,0.12189575939114235
claude_ai,ES-CT,subregion,ES,success_rate,2303.0,3262.0,0.7060085836909872,0.6901389887626826,0.7213935240205459
claude_ai,ES-CT,subregion,ES,work_share,1550.0,3262.0,0.4751686082158185,0.4580703590784595,0.49232527554141914
claude_ai,ES-GA,subregion,ES,automation_share,217.0,483.0,0.4492753623188406,0.40548769897525233,0.4938635479190147
claude_ai,ES-GA,subregion,ES,coursework_share,60.0,502.0,0.11952191235059761,0.09399376337458669,0.15082912189226363
claude_ai,ES-GA,subregion,ES,success_rate,343.0,502.0,0.6832669322709163,0.6413105824391013,0.7224396508355047
claude_ai,ES-GA,subregion,ES,work_share,209.0,502.0,0.4163346613545817,0.37400656712312913,0.45993354377324636
claude_ai,ES-IB,subregion,ES,automation_share,101.0,202.0,0.5,0.43169389817410553,0.5683061018258945
claude_ai,ES-IB,subregion,ES,coursework_share,19.0,219.0,0.0867579908675799,0.056243834036667016,0.13152003052004052
claude_ai,ES-IB,subregion,ES,success_rate,146.0,219.0,0.6666666666666666,0.6018323766742754,0.7257545729796493
claude_ai,ES-IB,subregion,ES,work_share,106.0,219.0,0.4840182648401826,0.4186777683274257,0.5499097844454857
claude_ai,ES-MC,subregion,ES,automation_share,142.0,327.0,0.43425076452599387,0.38159805858582524,0.48843037798321565
claude_ai,ES-MC,subregion,ES,coursework_share,53.0,337.0,0.1572700296735905,0.12229057781117257,0.1999752488954266
claude_ai,ES-MC,subregion,ES,success_rate,235.0,337.0,0.6973293768545994,0.6462811128091169,0.7439294718143563
claude_ai,ES-MC,subregion,ES,work_share,162.0,337.0,0.4807121661721068,0.42788631692329826,0.5339727988653848
claude_ai,ES-MD,subregion,ES,automation_share,2437.0,5467.0,0.4457655021035303,0.43263221921557476,0.45897495142522754
claude_ai,ES-MD,subregion,ES,coursework_share,656.0,5592.0,0.11731044349070101,0.1091377490029409,0.12600857822690778
claude_ai,ES-MD,subregion,ES,success_rate,3880.0,5592.0,0.6938483547925608,0.6816385193692067,0.7057920326321223
claude_ai,ES-MD,subregion,ES,work_share,2690.0,5592.0,0.48104434907010013,0.46796610795629157,0.4941486166635047
claude_ai,ES-PV,subregion,ES,automation_share,186.0,406.0,0.458128078817734,0.41028090373263226,0.5067602165440795
claude_ai,ES-PV,subregion,ES,coursework_share,75.0,412.0,0.1820388349514563,0.1477714638984789,0.22218094105571518
claude_ai,ES-PV,subregion,ES,success_rate,286.0,412.0,0.6941747572815534,0.6480589645750453,0.7367029255292635
claude_ai,ES-PV,subregion,ES,work_share,185.0,412.0,0.44902912621359226,0.40169044197089815,0.49730956187672076
claude_ai,ES-VC,subregion,ES,automation_share,637.0,1508.0,0.4224137931034483,0.3977112472758252,0.447510633111644
claude_ai,ES-VC,subregion,ES,coursework_share,193.0,1549.0,0.12459651387992253,0.1090723265275474,0.14197813476869817
claude_ai,ES-VC,subregion,ES,success_rate,1096.0,1550.0,0.7070967741935484,0.6839505533756293,0.7292189743291254
claude_ai,ES-VC,subregion,ES,work_share,728.0,1549.0,0.4699806326662363,0.44523041082793696,0.4948793853032331
claude_ai,FI,country,FI,automation_share,742.0,1975.0,0.3756962025316456,0.35459750342124263,0.39727753296368074
claude_ai,FI,country,FI,coursework_share,245.0,2049.0,0.11957052220595413,0.10622858125917627,0.13433630207132521
claude_ai,FI,country,FI,success_rate,1511.0,2050.0,0.7370731707317073,0.7175855215194148,0.7556739547712592
claude_ai,FI,country,FI,work_share,793.0,2049.0,0.3870180575890678,0.36615826770942106,0.40830070662157447
claude_ai,FI-18,subregion,FI,automation_share,488.0,1320.0,0.3696969696969697,0.3440686083235434,0.3960815727857373
claude_ai,FI-18,subregion,FI,coursework_share,135.0,1365.0,0.0989010989010989,0.084171863352205,0.11588167096469482
claude_ai,FI-18,subregion,FI,success_rate,994.0,1366.0,0.7276720351390923,0.7034508183815208,0.7506162795953548
claude_ai,FI-18,subregion,FI,work_share,558.0,1365.0,0.4087912087912088,0.38300234438249914,0.43509202095531646
claude_ai,FR,country,FR,automation_share,13437.0,31631.0,0.4248047801207676,0.4193666756363313,0.4302611473776458
claude_ai,FR,country,FR,coursework_share,4739.0,32323.0,0.14661386628716394,0.14279965290731958,0.15051206981909734
claude_ai,FR,country,FR,success_rate,23137.0,32332.0,0.7156068291475938,0.7106640276616393,0.7204984010904857
claude_ai,FR,country,FR,work_share,13684.0,32323.0,0.42335179284101104,0.4179747168794421,0.42874708597060807
claude_ai,FR-974,subregion,FR,automation_share,151.0,331.0,0.4561933534743202,0.4033437375749948,0.5100481468264655
claude_ai,FR-974,subregion,FR,coursework_share,57.0,340.0,0.1676470588235294,0.1317014065936685,0.21101919498566335
claude_ai,FR-974,subregion,FR,success_rate,248.0,340.0,0.7294117647058823,0.6798198667891238,0.7738774170764701
claude_ai,FR-974,subregion,FR,work_share,146.0,340.0,0.4294117647058823,0.37787357054527654,0.4825272651883869
claude_ai,FR-ARA,subregion,FR,automation_share,1431.0,3374.0,0.42412566686425607,0.40754511351668665,0.44087880310509925
claude_ai,FR-ARA,subregion,FR,coursework_share,467.0,3443.0,0.13563752541388324,0.12460543100281676,0.14748180387330864
claude_ai,FR-ARA,subregion,FR,success_rate,2526.0,3443.0,0.7336625036305547,0.7186423868220906,0.7481617738332756
claude_ai,FR-ARA,subregion,FR,work_share,1468.0,3443.0,0.4263723496950334,0.40994390585776413,0.44296491362497625
claude_ai,FR-BFC,subregion,FR,automation_share,191.0,481.0,0.3970893970893971,0.3543432991291493,0.4414663013671778
claude_ai,FR-BFC,subregion,FR,coursework_share,71.0,492.0,0.1443089430894309,0.11601149095674568,0.17811792456627618
claude_ai,FR-BFC,subregion,FR,success_rate,362.0,492.0,0.7357723577235772,0.6950925535738034,0.7727988052795077
claude_ai,FR-BFC,subregion,FR,work_share,188.0,492.0,0.3821138211382114,0.3402478076736649,0.4258065128996795
claude_ai,FR-BRE,subregion,FR,automation_share,432.0,981.0,0.44036697247706424,0.40959369923061295,0.47160547026019656
claude_ai,FR-BRE,subregion,FR,coursework_share,185.0,1002.0,0.18463073852295409,0.16182657853637106,0.20984387136349394
claude_ai,FR-BRE,subregion,FR,success_rate,726.0,1002.0,0.7245508982035929,0.6960712277477513,0.7513153190007625
claude_ai,FR-BRE,subregion,FR,work_share,413.0,1002.0,0.4121756487025948,0.38208943502043446,0.44293271558459124
claude_ai,FR-CVL,subregion,FR,automation_share,257.0,615.0,0.41788617886178864,0.3795328905729485,0.4572589475969483
claude_ai,FR-CVL,subregion,FR,coursework_share,89.0,629.0,0.14149443561208266,0.11642864095408065,0.17091277275829225
claude_ai,FR-CVL,subregion,FR,success_rate,449.0,629.0,0.7138314785373608,0.6772953603326071,0.7477715126416096
claude_ai,FR-CVL,subregion,FR,work_share,275.0,629.0,0.43720190779014306,0.3989333377638157,0.47623289656717654
claude_ai,FR-GES,subregion,FR,automation_share,634.0,1450.0,0.43724137931034485,0.41190790210453554,0.4629065205946086
claude_ai,FR-GES,subregion,FR,coursework_share,271.0,1481.0,0.18298446995273465,0.16412055401807882,0.20348875865204033
claude_ai,FR-GES,subregion,FR,success_rate,1054.0,1481.0,0.7116812964213369,0.6880864493977652,0.7341808146659573
claude_ai,FR-GES,subregion,FR,work_share,558.0,1481.0,0.37677245104659013,0.3524413631107904,0.4017411705682229
claude_ai,FR-HDF,subregion,FR,automation_share,642.0,1492.0,0.43029490616621985,0.40538208385280483,0.45556575982262176
claude_ai,FR-HDF,subregion,FR,coursework_share,233.0,1528.0,0.15248691099476439,0.13533459197530912,0.17138223827659166
claude_ai,FR-HDF,subregion,FR,success_rate,1062.0,1528.0,0.6950261780104712,0.6714760553278385,0.717598115265257
claude_ai,FR-HDF,subregion,FR,work_share,590.0,1528.0,0.38612565445026176,0.36202846431464036,0.4107939998357
claude_ai,FR-IDF,subregion,FR,automation_share,6488.0,15507.0,0.4183916940736442,0.41064860043986084,0.4261752118799039
claude_ai,FR-IDF,subregion,FR,coursework_share,2307.0,15843.0,0.14561636053777693,0.14020977892389289,0.15119476190271572
claude_ai,FR-IDF,subregion,FR,success_rate,11341.0,15851.0,0.7154753643303262,0.7083998036395742,0.7224465064238451
claude_ai,FR-IDF,subregion,FR,work_share,6967.0,15843.0,0.4397525721138673,0.4320389548080868,0.44749539984842723
claude_ai,FR-NAQ,subregion,FR,automation_share,687.0,1466.0,0.4686221009549795,0.44319260010382044,0.4942156212990845
claude_ai,FR-NAQ,subregion,FR,coursework_share,213.0,1499.0,0.14209472981987992,0.12533334652193695,0.16068588531194364
claude_ai,FR-NAQ,subregion,FR,success_rate,1046.0,1499.0,0.6977985323549033,0.6740700531532143,0.7205157767838865
claude_ai,FR-NAQ,subregion,FR,work_share,599.0,1499.0,0.39959973315543695,0.3750903814801845,0.4246223760053682
claude_ai,FR-NOR,subregion,FR,automation_share,289.0,660.0,0.43787878787878787,0.4004953599289915,0.4759811971291983
claude_ai,FR-NOR,subregion,FR,coursework_share,108.0,669.0,0.16143497757847533,0.1354994870889401,0.19123655301321768
claude_ai,FR-NOR,subregion,FR,success_rate,464.0,669.0,0.6935724962630793,0.6576152727371029,0.727319309191244
claude_ai,FR-NOR,subregion,FR,work_share,259.0,669.0,0.38714499252615847,0.3509779778155123,0.4246007022185403
claude_ai,FR-OCC,subregion,FR,automation_share,856.0,2007.0,0.4265072247135027,0.4050302278314957,0.44826502923897665
claude_ai,FR-OCC,subregion,FR,coursework_share,305.0,2052.0,0.148635477582846,0.13390072995779892,0.16468336329140856
claude_ai,FR-OCC,subregion,FR,success_rate,1470.0,2053.0,0.7160253287871408,0.6961300203440933,0.7351136884568177
claude_ai,FR-OCC,subregion,FR,work_share,838.0,2052.0,0.4083820662768031,0.3873047140048249,0.4298018179381029
claude_ai,FR-PAC,subregion,FR,automation_share,958.0,2320.0,0.41293103448275864,0.39305574079263383,0.4330941998917914
claude_ai,FR-PAC,subregion,FR,coursework_share,307.0,2384.0,0.1287751677852349,0.11592423060189376,0.1428205705607964
claude_ai,FR-PAC,subregion,FR,success_rate,1711.0,2384.0,0.7177013422818792,0.6992934475954712,0.7354087537565782
claude_ai,FR-PAC,subregion,FR,work_share,1000.0,2384.0,0.41946308724832215,0.39979907354251076,0.43938623925210674
claude_ai,FR-PDL,subregion,FR,automation_share,539.0,1219.0,0.4421657095980312,0.41451021067324223,0.4701845854475309
claude_ai,FR-PDL,subregion,FR,coursework_share,179.0,1242.0,0.14412238325281804,0.12568613122867156,0.16475335963437238
claude_ai,FR-PDL,subregion,FR,success_rate,885.0,1242.0,0.7125603864734299,0.6867654585355184,0.737044438324564
claude_ai,FR-PDL,subregion,FR,work_share,501.0,1242.0,0.4033816425120773,0.37643643913291264,0.43092269865795907
claude_ai,GB,country,GB,automation_share,13791.0,34906.0,0.39508966939781126,0.3899728769282428,0.4002295512603744
claude_ai,GB,country,GB,coursework_share,3477.0,35857.0,0.09696851381878016,0.09394862659259533,0.10007475070594526
claude_ai,GB,country,GB,success_rate,25738.0,35869.0,0.7175555493601717,0.7128734640017196,0.7221910389452675
claude_ai,GB,country,GB,work_share,16113.0,35857.0,0.44936832417659034,0.4442252815357098,0.45452221467475284
claude_ai,GB-ENG,subregion,GB,automation_share,12871.0,32536.0,0.39559257437914924,0.3902919168413984,0.4009178842536382
claude_ai,GB-ENG,subregion,GB,coursework_share,3115.0,33429.0,0.09318256603547818,0.09011296622352521,0.09634565654576999
claude_ai,GB-ENG,subregion,GB,success_rate,23998.0,33438.0,0.7176864645014654,0.7128369831901669,0.7224859327583376
claude_ai,GB-ENG,subregion,GB,work_share,15155.0,33429.0,0.45334888868946127,0.4480179392623303,0.45869055900662925
claude_ai,GB-NIR,subregion,GB,automation_share,151.0,366.0,0.412568306010929,0.3632947059953308,0.4636582381840152
claude_ai,GB-NIR,subregion,GB,coursework_share,37.0,371.0,0.09973045822102426,0.07322235057314602,0.13444296725710547
claude_ai,GB-NIR,subregion,GB,success_rate,257.0,371.0,0.692722371967655,0.6439990016915125,0.7374954749087366
claude_ai,GB-NIR,subregion,GB,work_share,171.0,371.0,0.4609164420485175,0.4108526063971121,0.5117813808657744
claude_ai,GB-SCT,subregion,GB,automation_share,530.0,1423.0,0.3724525650035137,0.34770787864273117,0.3978840637284472
claude_ai,GB-SCT,subregion,GB,coursework_share,264.0,1464.0,0.18032786885245902,0.16147836841738364,0.20085064583047527
claude_ai,GB-SCT,subregion,GB,success_rate,1075.0,1467.0,0.732788002726653,0.7095571555872644,0.7548028407576854
claude_ai,GB-SCT,subregion,GB,work_share,534.0,1464.0,0.36475409836065575,0.3404798783620873,0.3897362430504684
claude_ai,GB-WLS,subregion,GB,automation_share,239.0,581.0,0.4113597246127367,0.3720560964920532,0.45182784062869896
claude_ai,GB-WLS,subregion,GB,coursework_share,61.0,593.0,0.10286677908937605,0.08091718782640411,0.12992870495318767
claude_ai,GB-WLS,subregion,GB,success_rate,408.0,593.0,0.688026981450253,0.6496274481531746,0.7240060251167851
claude_ai,GB-WLS,subregion,GB,work_share,253.0,593.0,0.4266441821247892,0.3874335413647368,0.46679913946716245
claude_ai,GE,country,GE,automation_share,583.0,1281.0,0.45511319281811086,0.4280172907750505,0.48247751263106586
claude_ai,GE,country,GE,coursework_share,159.0,1323.0,0.12018140589569161,0.10374964420213122,0.1388125425728388
claude_ai,GE,country,GE,success_rate,950.0,1324.0,0.7175226586102719,0.6926697136183954,0.7411169669615775
claude_ai,GE,country,GE,work_share,581.0,1323.0,0.43915343915343913,0.4126250031051491,0.466034212885667
claude_ai,GE-TB,subregion,GE,automation_share,445.0,1000.0,0.445,0.414466494970639,0.475954463873864
claude_ai,GE-TB,subregion,GE,coursework_share,129.0,1028.0,0.1254863813229572,0.10661966316109259,0.1471417668878607
claude_ai,GE-TB,subregion,GE,success_rate,745.0,1029.0,0.7240038872691934,0.6958957729193835,0.7504456602684354
claude_ai,GE-TB,subregion,GE,work_share,451.0,1028.0,0.438715953307393,0.40866487856618045,0.4692233554418301
claude_ai,GH,country,GH,automation_share,781.0,1601.0,0.48782011242973145,0.46339349455704926,0.5123050416723206
claude_ai,GH,country,GH,coursework_share,603.0,1639.0,0.3679072605247102,0.344894675605499,0.3915376134234615
claude_ai,GH,country,GH,success_rate,1176.0,1639.0,0.7175106772422208,0.6952253605230041,0.7387787455332342
claude_ai,GH,country,GH,work_share,568.0,1639.0,0.3465527760829774,0.323897125772028,0.36992606448563287
claude_ai,GH-AA,subregion,GH,automation_share,654.0,1334.0,0.49025487256371814,0.46349478338529565,0.5170709278319366
claude_ai,GH-AA,subregion,GH,coursework_share,455.0,1367.0,0.33284564740307243,0.30836390039293443,0.35826424978867666
claude_ai,GH-AA,subregion,GH,success_rate,980.0,1367.0,0.7168983174835406,0.6924341690988728,0.7401468088930411
claude_ai,GH-AA,subregion,GH,work_share,514.0,1367.0,0.3760058522311631,0.35070908725152106,0.40199757119829543
claude_ai,GH-AH,subregion,GH,automation_share,117.0,243.0,0.48148148148148145,0.41943590506788453,0.5441034659295486
claude_ai,GH-AH,subregion,GH,coursework_share,132.0,252.0,0.5238095238095238,0.46225151403377945,0.5846525078297488
claude_ai,GH-AH,subregion,GH,success_rate,182.0,252.0,0.7222222222222222,0.6638989718278978,0.7738718988983642
claude_ai,GH-AH,subregion,GH,work_share,53.0,252.0,0.21031746031746032,0.1645397455693079,0.26479465509110073
claude_ai,GLOBAL,global,,automation_share,441569.0,969510.0,0.4554558488308527,0.45446469416197344,0.45644735650306995
claude_ai,GLOBAL,global,,coursework_share,124448.0,999702.0,0.12448509655877452,0.12383937982714886,0.1251336992954489
claude_ai,GLOBAL,global,,success_rate,699385.0,1000000.0,0.699385,0.6984855254918078,0.7002829425992451
claude_ai,GLOBAL,global,,work_share,452343.0,999702.0,0.45247783839584194,0.45150231389602796,0.4534537281253634
claude_ai,GR,country,GR,automation_share,906.0,2056.0,0.4406614785992218,0.41933164758202435,0.4622126420371385
claude_ai,GR,country,GR,coursework_share,222.0,2108.0,0.10531309297912714,0.0929195030616436,0.11914261371832702
claude_ai,GR,country,GR,success_rate,1479.0,2108.0,0.7016129032258065,0.6817279036705353,0.7207644044646961
claude_ai,GR,country,GR,work_share,1001.0,2108.0,0.47485768500948766,0.45360503717221157,0.4962018044015124
claude_ai,GR-B,subregion,GR,automation_share,133.0,295.0,0.45084745762711864,0.39506047970716374,0.5078981445272133
claude_ai,GR-B,subregion,GR,coursework_share,34.0,305.0,0.11147540983606558,0.08087660172319455,0.15173972975546635
claude_ai,GR-B,subregion,GR,success_rate,206.0,305.0,0.6754098360655738,0.6209620753852788,0.7254938424703469
claude_ai,GR-B,subregion,GR,work_share,127.0,305.0,0.4163934426229508,0.3624441425626796,0.47242266294538665
claude_ai,GR-I,subregion,GR,automation_share,665.0,1509.0,0.44068919814446655,0.41582137968066313,0.4658582356868678
claude_ai,GR-I,subregion,GR,coursework_share,153.0,1548.0,0.09883720930232558,0.0849482221906472,0.1147123617246184
claude_ai,GR-I,subregion,GR,success_rate,1097.0,1548.0,0.708656330749354,0.6855263755984422,0.7307532240720398
claude_ai,GR-I,subregion,GR,work_share,766.0,1548.0,0.49483204134366926,0.46996890967053384,0.5197207596874728
claude_ai,GT,country,GT,automation_share,354.0,712.0,0.49719101123595505,0.4605782893455876,0.5338338822856783
claude_ai,GT,country,GT,coursework_share,210.0,733.0,0.286493860845839,0.2549423601059487,0.3202716343265047
claude_ai,GT,country,GT,success_rate,529.0,734.0,0.720708446866485,0.6871659119839819,0.7519527281143807
claude_ai,GT,country,GT,work_share,326.0,733.0,0.44474761255115963,0.40915298371415887,0.4809183694776262
claude_ai,GT-01,subregion,GT,automation_share,310.0,606.0,0.5115511551155115,0.471804722245666,0.5511520586626879
claude_ai,GT-01,subregion,GT,coursework_share,182.0,623.0,0.29213483146067415,0.25778643083119474,0.3290310362928762
claude_ai,GT-01,subregion,GT,success_rate,451.0,624.0,0.7227564102564102,0.6863516114147957,0.7564352316360631
claude_ai,GT-01,subregion,GT,work_share,280.0,623.0,0.449438202247191,0.4108051116377587,0.4886910290140423
claude_ai,HN,country,HN,automation_share,183.0,345.0,0.5304347826086957,0.47772573661271434,0.5824735056794893
claude_ai,HN,country,HN,coursework_share,115.0,367.0,0.3133514986376022,0.2680342469193247,0.3625357862161163
claude_ai,HN,country,HN,success_rate,269.0,367.0,0.7329700272479565,0.6854637911857154,0.7756495251196827
claude_ai,HN,country,HN,work_share,136.0,367.0,0.37057220708446864,0.3227392865472378,0.421086648838652
claude_ai,HN-FM,subregion,HN,coursework_share,66.0,206.0,0.32038834951456313,0.2604546707875154,0.3868983802757628
claude_ai,HN-FM,subregion,HN,success_rate,151.0,206.0,0.7330097087378641,0.6687354439619559,0.7887524897937914
claude_ai,HN-FM,subregion,HN,work_share,75.0,206.0,0.3640776699029126,0.3014142337043112,0.4317178049381696
claude_ai,HR,country,HR,automation_share,454.0,1056.0,0.42992424242424243,0.40037156490659565,0.4599849261011172
claude_ai,HR,country,HR,coursework_share,102.0,1084.0,0.0940959409594096,0.07812022546491587,0.11293847278674135
claude_ai,HR,country,HR,success_rate,781.0,1084.0,0.7204797047970479,0.6930217188808845,0.7463804882051471
claude_ai,HR,country,HR,work_share,516.0,1084.0,0.47601476014760147,0.4464207703313861,0.5057781527471209
claude_ai,HR-21,subregion,HR,automation_share,367.0,874.0,0.41990846681922195,0.3876078039407391,0.4529101209331789
claude_ai,HR-21,subregion,HR,coursework_share,85.0,899.0,0.09454949944382647,0.07711099941471357,0.11543839130897483
claude_ai,HR-21,subregion,HR,success_rate,648.0,899.0,0.7208008898776418,0.6905835635788198,0.7491391962053993
claude_ai,HR-21,subregion,HR,work_share,425.0,899.0,0.4727474972191324,0.44029651436665546,0.5054303994131261
claude_ai,HT,country,HT,automation_share,88.0,207.0,0.4251207729468599,0.35974095578665616,0.4932292360540432
claude_ai,HT,country,HT,coursework_share,97.0,237.0,0.4092827004219409,0.3486128146526415,0.47284660099648224
claude_ai,HT,country,HT,success_rate,174.0,237.0,0.7341772151898734,0.6745231015908022,0.7863607324312273
claude_ai,HT,country,HT,work_share,61.0,237.0,0.25738396624472576,0.20590263941136522,0.316605100115361
claude_ai,HT-OU,subregion,HT,automation_share,87.0,204.0,0.4264705882352941,0.360578317953099,0.49508099182896576
claude_ai,HT-OU,subregion,HT,coursework_share,97.0,234.0,0.41452991452991456,0.35328538317925384,0.47853545892742555
claude_ai,HT-OU,subregion,HT,success_rate,172.0,234.0,0.7350427350427351,0.6750317568020697,0.7874609274045621
claude_ai,HT-OU,subregion,HT,work_share,59.0,234.0,0.25213675213675213,0.2008076218415897,0.31147282026778056
claude_ai,HU,country,HU,automation_share,720.0,1587.0,0.45368620037807184,0.4293329954875176,0.4782630844741832
claude_ai,HU,country,HU,coursework_share,112.0,1646.0,0.06804374240583232,0.05685656941232824,0.08124250628075648
claude_ai,HU,country,HU,success_rate,1148.0,1647.0,0.6970248937462052,0.6743934367458898,0.7187393750272084
claude_ai,HU,country,HU,work_share,726.0,1646.0,0.44106925880923453,0.4172471584626513,0.4651657956051816
claude_ai,HU-BU,subregion,HU,automation_share,459.0,1035.0,0.4434782608695652,0.4134760026991853,0.4738985498793791
claude_ai,HU-BU,subregion,HU,coursework_share,69.0,1067.0,0.06466729147141519,0.05141592667785929,0.08104213247860233
claude_ai,HU-BU,subregion,HU,success_rate,750.0,1068.0,0.702247191011236,0.6741371154502547,0.7289075135322367
claude_ai,HU-BU,subregion,HU,work_share,484.0,1067.0,0.4536082474226804,0.4239556977246694,0.4835936541122409
claude_ai,ID,country,ID,automation_share,5917.0,12370.0,0.47833468067906226,0.4695397215612082,0.4871430922869988
claude_ai,ID,country,ID,coursework_share,4853.0,12690.0,0.38242710795902285,0.3740083083961475,0.3909170708523221
claude_ai,ID,country,ID,success_rate,8970.0,12692.0,0.7067444059249921,0.6987624306087232,0.7146012647921394
claude_ai,ID,country,ID,work_share,3735.0,12690.0,0.29432624113475175,0.286460015075948,0.3023169553251952
claude_ai,ID-JW,subregion,ID,automation_share,4058.0,8459.0,0.47972573590258893,0.46909079350750993,0.4903790847896332
claude_ai,ID-JW,subregion,ID,coursework_share,3054.0,8670.0,0.3522491349480969,0.3422617393635739,0.3623674067347362
claude_ai,ID-JW,subregion,ID,success_rate,6139.0,8672.0,0.707910516605166,0.6982494343559276,0.7173874763041288
claude_ai,ID-JW,subregion,ID,work_share,2747.0,8670.0,0.3168396770472895,0.30712936311902556,0.32671223251260323
claude_ai,ID-KA,subregion,ID,automation_share,262.0,538.0,0.48698884758364314,0.4449944942439114,0.5291676963298652
claude_ai,ID-KA,subregion,ID,coursework_share,259.0,560.0,0.4625,0.4215997031901181,0.5039112913870823
claude_ai,ID-KA,subregion,ID,success_rate,396.0,560.0,0.7071428571428572,0.6681421445349317,0.7433209330386279
claude_ai,ID-KA,subregion,ID,work_share,93.0,560.0,0.16607142857142856,0.13754468091529015,0.1991484612721611
claude_ai,ID-NU,subregion,ID,automation_share,326.0,776.0,0.42010309278350516,0.3858521802109679,0.4551411702335326
claude_ai,ID-NU,subregion,ID,coursework_share,163.0,810.0,0.20123456790123456,0.17506348969730565,0.23022618829408734
claude_ai,ID-NU,subregion,ID,success_rate,564.0,810.0,0.6962962962962963,0.66376186691843,0.7269775595252417
claude_ai,ID-NU,subregion,ID,work_share,343.0,810.0,0.42345679012345677,0.38986876933157166,0.457767429162091
claude_ai,ID-SL,subregion,ID,automation_share,347.0,696.0,0.4985632183908046,0.4615265474032015,0.5356156630627097
claude_ai,ID-SL,subregion,ID,coursework_share,401.0,711.0,0.5639943741209564,0.5272963118529004,0.600004617471862
claude_ai,ID-SL,subregion,ID,success_rate,483.0,711.0,0.679324894514768,0.6441321500281891,0.7125902343433975
claude_ai,ID-SL,subregion,ID,work_share,137.0,711.0,0.19268635724331926,0.16537744107001257,0.22329831590887625
claude_ai,ID-SM,subregion,ID,automation_share,872.0,1779.0,0.4901630129286116,0.46697898284846695,0.5133894357480029
claude_ai,ID-SM,subregion,ID,coursework_share,914.0,1815.0,0.5035812672176309,0.48059542305153763,0.5265519832976464
claude_ai,ID-SM,subregion,ID,success_rate,1291.0,1815.0,0.7112947658402203,0.6900174711439194,0.7316795034579372
claude_ai,ID-SM,subregion,ID,work_share,379.0,1815.0,0.20881542699724517,0.19074023626503486,0.2281206474974654
claude_ai,IE,country,IE,automation_share,997.0,2505.0,0.3980039920159681,0.37900551262321597,0.41731482900377226
claude_ai,IE,country,IE,coursework_share,342.0,2577.0,0.13271245634458673,0.12015856310524764,0.14635976951927296
claude_ai,IE,country,IE,success_rate,1895.0,2577.0,0.7353511835467598,0.7179773266746762,0.7520243967941334
claude_ai,IE,country,IE,work_share,1052.0,2577.0,0.4082266201008925,0.38939987638559054,0.4273265743969759
claude_ai,IE-L,subregion,IE,automation_share,896.0,2255.0,0.3973392461197339,0.37733265761395907,0.41769502383125595
claude_ai,IE-L,subregion,IE,coursework_share,294.0,2315.0,0.12699784017278617,0.11404899160648964,0.14118258609161613
claude_ai,IE-L,subregion,IE,success_rate,1697.0,2315.0,0.7330453563714903,0.7146496542198534,0.7506688910399866
claude_ai,IE-L,subregion,IE,work_share,941.0,2315.0,0.4064794816414687,0.38664174809077834,0.4266270840709354
claude_ai,IL,country,IL,automation_share,2759.0,6681.0,0.41296213141745247,0.40120887318433573,0.42481542632935804
claude_ai,IL,country,IL,coursework_share,737.0,6871.0,0.10726240721874546,0.1001636403133028,0.11480009063287638
claude_ai,IL,country,IL,success_rate,4782.0,6872.0,0.6958672875436555,0.6848833392571898,0.7066323698888731
claude_ai,IL,country,IL,work_share,3184.0,6871.0,0.4633968854606316,0.45162965381671816,0.4752050240906245
claude_ai,IL-D,subregion,IL,automation_share,137.0,328.0,0.4176829268292683,0.3655640810338825,0.4717076775400878
claude_ai,IL-D,subregion,IL,coursework_share,57.0,359.0,0.15877437325905291,0.12460911112761545,0.20016511542193122
claude_ai,IL-D,subregion,IL,success_rate,253.0,359.0,0.7047353760445683,0.6555806029349713,0.7495548611353006
claude_ai,IL-D,subregion,IL,work_share,154.0,359.0,0.42896935933147634,0.3787897514640532,0.4806530467156484
claude_ai,IL-HA,subregion,IL,automation_share,307.0,767.0,0.4002607561929596,0.3661661867831434,0.4353494553409973
claude_ai,IL-HA,subregion,IL,coursework_share,86.0,784.0,0.1096938775510204,0.0896920707420935,0.1335020332503842
claude_ai,IL-HA,subregion,IL,success_rate,553.0,784.0,0.7053571428571429,0.6725062086374043,0.7362053902423705
claude_ai,IL-HA,subregion,IL,work_share,354.0,784.0,0.45153061224489793,0.4170160221250852,0.4865178862138499
claude_ai,IL-JM,subregion,IL,automation_share,406.0,1012.0,0.40118577075098816,0.37141584554320933,0.4317030659091273
claude_ai,IL-JM,subregion,IL,coursework_share,124.0,1041.0,0.11911623439000961,0.10082523703285215,0.14020804494979477
claude_ai,IL-JM,subregion,IL,success_rate,740.0,1042.0,0.710172744721689,0.6818935698546446,0.7369079006548476
claude_ai,IL-JM,subregion,IL,work_share,515.0,1041.0,0.494716618635927,0.46441970973218816,0.52505237866858
claude_ai,IL-M,subregion,IL,automation_share,784.0,1849.0,0.42401297998918336,0.40166736890662974,0.44667368733908497
claude_ai,IL-M,subregion,IL,coursework_share,203.0,1893.0,0.10723718964606445,0.09408538125805267,0.12197989272159858
claude_ai,IL-M,subregion,IL,success_rate,1319.0,1893.0,0.6967776016904385,0.6756896300397411,0.7170685211943948
claude_ai,IL-M,subregion,IL,work_share,868.0,1893.0,0.45853143159006865,0.43619132947989175,0.4810395030788206
claude_ai,IL-TA,subregion,IL,automation_share,1035.0,2483.0,0.41683447442609745,0.39758448479041747,0.4363414073934676
claude_ai,IL-TA,subregion,IL,coursework_share,212.0,2554.0,0.08300704776820673,0.0729229804097258,0.09434367128598516
claude_ai,IL-TA,subregion,IL,success_rate,1750.0,2554.0,0.6851996867658575,0.6669205110855799,0.7029225628561372
claude_ai,IL-TA,subregion,IL,work_share,1201.0,2554.0,0.4702427564604542,0.450944622987401,0.48963027422280936
claude_ai,IL-Z,subregion,IL,automation_share,90.0,221.0,0.4072398190045249,0.34458336421349006,0.47306603874396974
claude_ai,IL-Z,subregion,IL,coursework_share,55.0,240.0,0.22916666666666666,0.1805069017309164,0.28636011357738206
claude_ai,IL-Z,subregion,IL,success_rate,167.0,240.0,0.6958333333333333,0.6349212201021589,0.7505749380595331
claude_ai,IL-Z,subregion,IL,work_share,92.0,240.0,0.38333333333333336,0.3241175720817571,0.44622514220489456
claude_ai,IN,country,IN,automation_share,29836.0,59659.0,0.5001089525469753,0.49609682382820103,0.5041210672351707
claude_ai,IN,country,IN,coursework_share,9582.0,61585.0,0.15558983518713973,0.15274855987009195,0.15847407562756935
claude_ai,IN,country,IN,success_rate,41347.0,61627.0,0.6709234588735457,0.6672030623137857,0.6746225472848995
claude_ai,IN,country,IN,work_share,30592.0,61585.0,0.4967443370950719,0.4927957336772183,0.5006933466564505
claude_ai,IN-AP,subregion,IN,automation_share,567.0,1107.0,0.5121951219512195,0.4827580984402463,0.5415477971977997
claude_ai,IN-AP,subregion,IN,coursework_share,217.0,1163.0,0.18658641444539983,0.16524094930876013,0.2099955866529334
claude_ai,IN-AP,subregion,IN,success_rate,768.0,1163.0,0.6603611349957008,0.6326542994803144,0.6870120545475159
claude_ai,IN-AP,subregion,IN,work_share,480.0,1163.0,0.412725709372313,0.3847626926093256,0.441263393536386
claude_ai,IN-AS,subregion,IN,automation_share,226.0,441.0,0.5124716553287982,0.46591355760553627,0.5588143455402127
claude_ai,IN-AS,subregion,IN,coursework_share,105.0,457.0,0.22975929978118162,0.19353729770705108,0.27048678345228866
claude_ai,IN-AS,subregion,IN,success_rate,311.0,457.0,0.6805251641137856,0.6364220403370313,0.7216185532204945
claude_ai,IN-AS,subregion,IN,work_share,145.0,457.0,0.3172866520787746,0.27628869583018456,0.36133082462977395
claude_ai,IN-BR,subregion,IN,automation_share,450.0,914.0,0.4923413566739606,0.46002958010122064,0.5247172433158047
claude_ai,IN-BR,subregion,IN,coursework_share,137.0,948.0,0.14451476793248946,0.12356588671370627,0.16833310152131103
claude_ai,IN-BR,subregion,IN,success_rate,663.0,950.0,0.6978947368421052,0.6679466495787928,0.7262487807735843
claude_ai,IN-BR,subregion,IN,work_share,342.0,948.0,0.36075949367088606,0.33080821646909714,0.3918347106734022
claude_ai,IN-CG,subregion,IN,automation_share,141.0,248.0,0.5685483870967742,0.5063233014969427,0.628682194020875
claude_ai,IN-CG,subregion,IN,coursework_share,37.0,264.0,0.14015151515151514,0.1034191188413523,0.1872063851878948
claude_ai,IN-CG,subregion,IN,success_rate,180.0,264.0,0.6818181818181818,0.6233681246989071,0.7350526732652628
claude_ai,IN-CG,subregion,IN,work_share,112.0,264.0,0.42424242424242425,0.36612962821437023,0.48452837263389215
claude_ai,IN-CH,subregion,IN,automation_share,148.0,292.0,0.5068493150684932,0.4497890610834391,0.5637316878578863
claude_ai,IN-CH,subregion,IN,coursework_share,52.0,310.0,0.16774193548387098,0.1302712661621274,0.21334666084308795
claude_ai,IN-CH,subregion,IN,success_rate,208.0,310.0,0.6709677419354839,0.6168487507891236,0.720901247936348
claude_ai,IN-CH,subregion,IN,work_share,167.0,310.0,0.5387096774193548,0.48308129147526563,0.5933904063493695
claude_ai,IN-DL,subregion,IN,automation_share,3042.0,6185.0,0.49183508488278094,0.47938458572208326,0.5042957204599331
claude_ai,IN-DL,subregion,IN,coursework_share,948.0,6373.0,0.14875254981955124,0.1402275850469123,0.15770071851954293
claude_ai,IN-DL,subregion,IN,success_rate,4299.0,6374.0,0.6744587386256667,0.6628531207635481,0.685854191127045
claude_ai,IN-DL,subregion,IN,work_share,3276.0,6373.0,0.5140436215283226,0.5017677763627617,0.5263025460990663
claude_ai,IN-GJ,subregion,IN,automation_share,2077.0,3832.0,0.5420146137787056,0.5262051902458322,0.5577398819385873
claude_ai,IN-GJ,subregion,IN,coursework_share,497.0,3942.0,0.126078132927448,0.11607857888123425,0.13680577410445072
claude_ai,IN-GJ,subregion,IN,success_rate,2656.0,3945.0,0.6732572877059569,0.6584587626520089,0.6877187087360558
claude_ai,IN-GJ,subregion,IN,work_share,2302.0,3942.0,0.5839675291730086,0.5685059919892101,0.5992655678220098
claude_ai,IN-HR,subregion,IN,automation_share,705.0,1416.0,0.4978813559322034,0.47187937074647146,0.5238948057532169
claude_ai,IN-HR,subregion,IN,coursework_share,175.0,1455.0,0.12027491408934708,0.10455275055100187,0.13799695463974676
claude_ai,IN-HR,subregion,IN,success_rate,984.0,1456.0,0.6758241758241759,0.6513460266331639,0.6993769559150798
claude_ai,IN-HR,subregion,IN,work_share,829.0,1455.0,0.5697594501718213,0.5441680838858964,0.5949834182374321
claude_ai,IN-JH,subregion,IN,automation_share,112.0,207.0,0.5410628019323671,0.47304713017857675,0.6075821194571689
claude_ai,IN-JH,subregion,IN,coursework_share,46.0,221.0,0.2081447963800905,0.15983074182015727,0.2664320138264846
claude_ai,IN-JH,subregion,IN,success_rate,153.0,221.0,0.6923076923076923,0.6286036183466078,0.7494403023513414
claude_ai,IN-JH,subregion,IN,work_share,88.0,221.0,0.39819004524886875,0.33591878190758756,0.46394031889938053
claude_ai,IN-JK,subregion,IN,automation_share,135.0,256.0,0.52734375,0.46623358057040093,0.5876453980073173
claude_ai,IN-JK,subregion,IN,coursework_share,48.0,273.0,0.17582417582417584,0.135255061609246,0.22539015934020665
claude_ai,IN-JK,subregion,IN,success_rate,191.0,273.0,0.6996336996336996,0.6427915234450181,0.7509354308855448
claude_ai,IN-JK,subregion,IN,work_share,110.0,273.0,0.40293040293040294,0.34648297588302784,0.46207180779110196
claude_ai,IN-KA,subregion,IN,automation_share,4367.0,9291.0,0.4700247551393822,0.4598904735640742,0.48018381452277176
claude_ai,IN-KA,subregion,IN,coursework_share,1282.0,9597.0,0.13358341148275502,0.12692324447503572,0.14053680819368033
claude_ai,IN-KA,subregion,IN,success_rate,6472.0,9605.0,0.6738157209786569,0.6643720220596863,0.683120437385165
claude_ai,IN-KA,subregion,IN,work_share,5030.0,9597.0,0.5241221214963009,0.5141224663198011,0.5341024726272179
claude_ai,IN-KL,subregion,IN,automation_share,1112.0,2180.0,0.5100917431192661,0.4891074304817816,0.531040550946908
claude_ai,IN-KL,subregion,IN,coursework_share,392.0,2230.0,0.1757847533632287,0.160547608532267,0.19213702228488672
claude_ai,IN-KL,subregion,IN,success_rate,1508.0,2232.0,0.6756272401433692,0.6559182370967862,0.6947327213610939
claude_ai,IN-KL,subregion,IN,work_share,1106.0,2230.0,0.4959641255605381,0.47523693867916456,0.516705193654659
claude_ai,IN-MH,subregion,IN,automation_share,5015.0,9959.0,0.5035646149211769,0.4937452313332054,0.5133812495294432
claude_ai,IN-MH,subregion,IN,coursework_share,1510.0,10253.0,0.14727396859455769,0.14054649812674355,0.1542656592531657
claude_ai,IN-MH,subregion,IN,success_rate,6874.0,10258.0,0.6701111327744199,0.6609501757247247,0.6791447249800378
claude_ai,IN-MH,subregion,IN,work_share,5146.0,10253.0,0.50190188237589,0.49222471884467456,0.5115776212441107
claude_ai,IN-MP,subregion,IN,automation_share,817.0,1638.0,0.4987789987789988,0.47459612815129293,0.5229675832323144
claude_ai,IN-MP,subregion,IN,coursework_share,288.0,1696.0,0.16981132075471697,0.15269254970831428,0.18842252830836678
claude_ai,IN-MP,subregion,IN,success_rate,1126.0,1698.0,0.6631330977620731,0.6403061645944981,0.6852235439283164
claude_ai,IN-MP,subregion,IN,work_share,802.0,1696.0,0.47287735849056606,0.44920397456485456,0.4966733354150871
claude_ai,IN-OD,subregion,IN,automation_share,341.0,643.0,0.5303265940902022,0.49168451186412004,0.5686084563061399
claude_ai,IN-OD,subregion,IN,coursework_share,138.0,664.0,0.20783132530120482,0.17869211849474362,0.24033179376229463
claude_ai,IN-OD,subregion,IN,success_rate,455.0,666.0,0.6831831831831832,0.646884512862662,0.7173807104378914
claude_ai,IN-OD,subregion,IN,work_share,285.0,664.0,0.4292168674698795,0.3920819068980005,0.46716615431891084
claude_ai,IN-PB,subregion,IN,automation_share,565.0,1137.0,0.4969217238346526,0.46791825034056644,0.5259459285252813
claude_ai,IN-PB,subregion,IN,coursework_share,217.0,1176.0,0.18452380952380953,0.16339236426831544,0.2077096548501832
claude_ai,IN-PB,subregion,IN,success_rate,785.0,1177.0,0.6669498725573492,0.6395192483703542,0.6932942297455928
claude_ai,IN-PB,subregion,IN,work_share,528.0,1176.0,0.4489795918367347,0.42076333646687764,0.4775280951964914
claude_ai,IN-RJ,subregion,IN,automation_share,769.0,1543.0,0.4983797796500324,0.4734665093100767,0.5233010976640311
claude_ai,IN-RJ,subregion,IN,coursework_share,262.0,1599.0,0.16385240775484677,0.14651931245970815,0.18279682208533984
claude_ai,IN-RJ,subregion,IN,success_rate,1059.0,1600.0,0.661875,0.6383313056390388,0.6846432324949017
claude_ai,IN-RJ,subregion,IN,work_share,719.0,1599.0,0.44965603502188867,0.4254225219231687,0.47413087125055475
claude_ai,IN-TN,subregion,IN,automation_share,3513.0,6804.0,0.5163139329805997,0.5044336482735524,0.5281758060944811
claude_ai,IN-TN,subregion,IN,coursework_share,1298.0,7017.0,0.18497933589853213,0.17606752881073115,0.1942358832474472
claude_ai,IN-TN,subregion,IN,success_rate,4629.0,7023.0,0.6591200341734301,0.6479496591334138,0.6701164262042718
claude_ai,IN-TN,subregion,IN,work_share,3518.0,7017.0,0.5013538549237566,0.48965731510598626,0.5130489131615764
claude_ai,IN-TS,subregion,IN,automation_share,2524.0,5146.0,0.49047804119704624,0.4768314418722169,0.5041388466119959
claude_ai,IN-TS,subregion,IN,coursework_share,798.0,5352.0,0.1491031390134529,0.13981204215023532,0.15889761349006593
claude_ai,IN-TS,subregion,IN,success_rate,3526.0,5355.0,0.6584500466853408,0.645638715751668,0.671034201021987
claude_ai,IN-TS,subregion,IN,work_share,2613.0,5352.0,0.4882286995515695,0.4748498761968248,0.5016244093757732
claude_ai,IN-UK,subregion,IN,automation_share,178.0,360.0,0.49444444444444446,0.44312910351022083,0.5458771013877347
claude_ai,IN-UK,subregion,IN,coursework_share,65.0,374.0,0.17379679144385027,0.13876071606696208,0.2154660286853362
claude_ai,IN-UK,subregion,IN,success_rate,243.0,374.0,0.6497326203208557,0.600083591482734,0.6963369191227683
claude_ai,IN-UK,subregion,IN,work_share,171.0,374.0,0.4572192513368984,0.4074208862421726,0.5078875392991125
claude_ai,IN-UP,subregion,IN,automation_share,1514.0,3046.0,0.4970453053184504,0.4793038694962451,0.5147941846453208
claude_ai,IN-UP,subregion,IN,coursework_share,500.0,3143.0,0.1590836780146357,0.14671376400512845,0.17228595940007882
claude_ai,IN-UP,subregion,IN,success_rate,2165.0,3145.0,0.6883942766295708,0.6719856524945197,0.7043432171443975
claude_ai,IN-UP,subregion,IN,work_share,1484.0,3143.0,0.47216035634743875,0.4547515819509567,0.4896371028814797
claude_ai,IN-WB,subregion,IN,automation_share,1172.0,2288.0,0.5122377622377622,0.4917526203302343,0.5326818781097975
claude_ai,IN-WB,subregion,IN,coursework_share,439.0,2366.0,0.18554522400676246,0.17039521056047632,0.20171472286292205
claude_ai,IN-WB,subregion,IN,success_rate,1608.0,2368.0,0.6790540540540541,0.6599737729295165,0.6975543183224456
claude_ai,IN-WB,subregion,IN,work_share,1031.0,2366.0,0.4357565511411665,0.4158962331371907,0.4558251511106004
claude_ai,IQ,country,IQ,automation_share,1024.0,2483.0,0.41240434957712446,0.39319133256975314,0.43188799697017416
claude_ai,IQ,country,IQ,coursework_share,797.0,2580.0,0.30891472868217057,0.29138064504792943,0.3270170152420821
claude_ai,IQ,country,IQ,success_rate,1991.0,2580.0,0.7717054263565891,0.7551120162543407,0.78749090491544
claude_ai,IQ,country,IQ,work_share,395.0,2580.0,0.15310077519379844,0.1397225429691929,0.16751053199948934
claude_ai,IQ-BG,subregion,IQ,automation_share,180.0,397.0,0.4534005037783375,0.4051095746518491,0.5025846367274089
claude_ai,IQ-BG,subregion,IQ,coursework_share,128.0,406.0,0.31527093596059114,0.2719860554607627,0.3620188869364952
claude_ai,IQ-BG,subregion,IQ,success_rate,296.0,406.0,0.729064039408867,0.6838341066015005,0.7699997648258996
claude_ai,IQ-BG,subregion,IQ,work_share,101.0,406.0,0.24876847290640394,0.20920358311844117,0.2930431385418295
claude_ai,IQ-KR,subregion,IQ,automation_share,625.0,1611.0,0.38795779019242704,0.3644558548056222,0.4119928074037239
claude_ai,IQ-KR,subregion,IQ,coursework_share,502.0,1681.0,0.29863176680547293,0.2772327550965125,0.32094905617880265
claude_ai,IQ-KR,subregion,IQ,success_rate,1334.0,1681.0,0.793575252825699,0.7735678619140859,0.8122438844245612
claude_ai,IQ-KR,subregion,IQ,work_share,199.0,1681.0,0.11838191552647234,0.10380130292505568,0.134702779595224
claude_ai,IT,country,IT,automation_share,7059.0,16929.0,0.41697678539783806,0.4095689975994968,0.4244222446028752
claude_ai,IT,country,IT,coursework_share,2367.0,17371.0,0.13626158540095562,0.1312401612515405,0.1414438556203025
claude_ai,IT,country,IT,success_rate,12533.0,17373.0,0.72140678063662,0.7146919491242156,0.7280237167652633
claude_ai,IT,country,IT,work_share,7835.0,17371.0,0.45103908813539806,0.4436508984098459,0.4584489285031085
claude_ai,IT-21,subregion,IT,automation_share,480.0,1142.0,0.4203152364273205,0.39200015125603005,0.4491646310315043
claude_ai,IT-21,subregion,IT,coursework_share,135.0,1171.0,0.11528608027327071,0.09823844222023945,0.13484966089085232
claude_ai,IT-21,subregion,IT,success_rate,832.0,1171.0,0.7105038428693424,0.6838722950648571,0.7357587428554889
claude_ai,IT-21,subregion,IT,work_share,541.0,1171.0,0.46199829205807,0.4336135161560102,0.4906315905885927
claude_ai,IT-25,subregion,IT,automation_share,2640.0,6342.0,0.4162724692526017,0.4041945972409227,0.4284517140064302
claude_ai,IT-25,subregion,IT,coursework_share,818.0,6503.0,0.1257880978010149,0.11794852466222847,0.13406953583581716
claude_ai,IT-25,subregion,IT,success_rate,4667.0,6503.0,0.7176687682608027,0.7066021446979611,0.7284783711701369
claude_ai,IT-25,subregion,IT,work_share,2852.0,6503.0,0.438566815316008,0.4265460689609607,0.4506601012338078
claude_ai,IT-34,subregion,IT,automation_share,345.0,847.0,0.40731995277449823,0.37472087788905,0.4407559394174851
claude_ai,IT-34,subregion,IT,coursework_share,117.0,860.0,0.13604651162790699,0.1147451133862626,0.1605849934296166
claude_ai,IT-34,subregion,IT,success_rate,627.0,860.0,0.7290697674418605,0.6983953348505619,0.7577068023931179
claude_ai,IT-34,subregion,IT,work_share,394.0,860.0,0.45813953488372094,0.4250988983183829,0.49155248776906646
claude_ai,IT-36,subregion,IT,coursework_share,27.0,202.0,0.13366336633663367,0.0935124062035092,0.18748813013122584
claude_ai,IT-36,subregion,IT,success_rate,152.0,202.0,0.7524752475247525,0.6886170451861684,0.8069096122047577
claude_ai,IT-36,subregion,IT,work_share,98.0,202.0,0.48514851485148514,0.4171491608633538,0.5537022122312976
claude_ai,IT-42,subregion,IT,automation_share,124.0,321.0,0.3862928348909657,0.3346712993245959,0.4406037885951779
claude_ai,IT-42,subregion,IT,coursework_share,44.0,326.0,0.13496932515337423,0.10210110342479757,0.17634042729782806
claude_ai,IT-42,subregion,IT,success_rate,242.0,326.0,0.7423312883435583,0.6922255621278928,0.7867922452075069
claude_ai,IT-42,subregion,IT,work_share,147.0,326.0,0.450920245398773,0.3977892389921679,0.5051944962310423
claude_ai,IT-45,subregion,IT,automation_share,461.0,1190.0,0.3873949579831933,0.360120531968691,0.41539407566434844
claude_ai,IT-45,subregion,IT,coursework_share,154.0,1224.0,0.12581699346405228,0.10840030550354555,0.1455751258550271
claude_ai,IT-45,subregion,IT,success_rate,918.0,1224.0,0.75,0.7249845520898419,0.7734510767404567
claude_ai,IT-45,subregion,IT,work_share,581.0,1224.0,0.47467320261437906,0.4468206527418457,0.5026842345335162
claude_ai,IT-52,subregion,IT,automation_share,284.0,677.0,0.4194977843426883,0.3828811737819676,0.45702285088397526
claude_ai,IT-52,subregion,IT,coursework_share,105.0,695.0,0.1510791366906475,0.12637567725489468,0.1796186997255255
claude_ai,IT-52,subregion,IT,success_rate,492.0,696.0,0.7068965517241379,0.6720173010472388,0.7395043918615566
claude_ai,IT-52,subregion,IT,work_share,314.0,695.0,0.45179856115107914,0.41516403594215584,0.4889630223211187
claude_ai,IT-62,subregion,IT,automation_share,1426.0,3387.0,0.4210215529967523,0.40449252437496375,0.4377295363665348
claude_ai,IT-62,subregion,IT,coursework_share,493.0,3471.0,0.14203399596658023,0.13081600549991867,0.15404348277143157
claude_ai,IT-62,subregion,IT,success_rate,2519.0,3472.0,0.7255184331797235,0.7104314291076654,0.7401069383484348
claude_ai,IT-62,subregion,IT,work_share,1584.0,3471.0,0.45635263612791704,0.43983940311303465,0.47296237754942777
claude_ai,IT-72,subregion,IT,automation_share,439.0,1023.0,0.4291300097751711,0.39912015438637666,0.4596701400465719
claude_ai,IT-72,subregion,IT,coursework_share,178.0,1059.0,0.1680830972615675,0.14676938754013866,0.19179620868793523
claude_ai,IT-72,subregion,IT,success_rate,774.0,1059.0,0.7308781869688386,0.703367033249242,0.7567203400714861
claude_ai,IT-72,subregion,IT,work_share,447.0,1059.0,0.42209631728045327,0.3926834777317304,0.45207231654655156
claude_ai,IT-75,subregion,IT,automation_share,221.0,487.0,0.4537987679671458,0.41011420791382985,0.4982065212175233
claude_ai,IT-75,subregion,IT,coursework_share,84.0,506.0,0.16600790513833993,0.13612799814770346,0.2009209990310281
claude_ai,IT-75,subregion,IT,success_rate,349.0,506.0,0.6897233201581028,0.6481123369516308,0.7284752149468411
claude_ai,IT-75,subregion,IT,work_share,237.0,506.0,0.4683794466403162,0.4253020572553199,0.5119333507616014
claude_ai,IT-82,subregion,IT,automation_share,146.0,352.0,0.4147727272727273,0.36449338331414116,0.4668922669302372
claude_ai,IT-82,subregion,IT,coursework_share,59.0,364.0,0.1620879120879121,0.12779023648317087,0.20344364244732527
claude_ai,IT-82,subregion,IT,success_rate,259.0,364.0,0.7115384615384616,0.6629778541619866,0.7556806118733936
claude_ai,IT-82,subregion,IT,work_share,161.0,364.0,0.4423076923076923,0.39215088617517363,0.4936695321788135
claude_ai,JM,country,JM,automation_share,173.0,348.0,0.49712643678160917,0.4449127331734902,0.5494028906754236
claude_ai,JM,country,JM,coursework_share,79.0,368.0,0.21467391304347827,0.17578355665664896,0.25945983730465066
claude_ai,JM,country,JM,success_rate,261.0,368.0,0.7092391304347826,0.6608694224120186,0.7532854220163614
claude_ai,JM,country,JM,work_share,152.0,368.0,0.41304347826086957,0.3638868012282121,0.46399689978856495
claude_ai,JM-02,subregion,JM,automation_share,128.0,254.0,0.5039370078740157,0.4428493409607684,0.5649073592768968
claude_ai,JM-02,subregion,JM,coursework_share,56.0,273.0,0.20512820512820512,0.1614777851843087,0.2569622180521991
claude_ai,JM-02,subregion,JM,success_rate,192.0,273.0,0.7032967032967034,0.6465907782032014,0.7543605239132435
claude_ai,JM-02,subregion,JM,work_share,122.0,273.0,0.4468864468864469,0.38905276358383817,0.5061941935208744
claude_ai,JO,country,JO,automation_share,328.0,665.0,0.4932330827067669,0.4553819249016101,0.5311619742816943
claude_ai,JO,country,JO,coursework_share,85.0,682.0,0.12463343108504399,0.10192626498901276,0.15154567372103342
claude_ai,JO,country,JO,success_rate,467.0,682.0,0.6847507331378299,0.6489278716418658,0.7185039085242834
claude_ai,JO,country,JO,work_share,357.0,682.0,0.5234604105571847,0.48594909143510007,0.5607089123955221
claude_ai,JO-AM,subregion,JO,automation_share,290.0,596.0,0.4865771812080537,0.4466638600202691,0.5266624314540135
claude_ai,JO-AM,subregion,JO,coursework_share,78.0,610.0,0.12786885245901639,0.10367722671582565,0.15671828900028092
claude_ai,JO-AM,subregion,JO,success_rate,422.0,610.0,0.6918032786885245,0.654054583809505,0.7271512517024578
claude_ai,JO-AM,subregion,JO,work_share,316.0,610.0,0.5180327868852459,0.47839082080796613,0.5574490440692269
claude_ai,JP,country,JP,automation_share,10231.0,27701.0,0.369336847045233,0.3636717970740457,0.3750381329621542
claude_ai,JP,country,JP,coursework_share,1903.0,29127.0,0.06533456929996223,0.06255352863409669,0.06823025208578476
claude_ai,JP,country,JP,success_rate,21105.0,29128.0,0.7245605602856359,0.7194008013691462,0.7296610938458821
claude_ai,JP,country,JP,work_share,12798.0,29127.0,0.43938613657431247,0.43369465206254804,0.44509360786880936
claude_ai,JP-01,subregion,JP,automation_share,235.0,696.0,0.33764367816091956,0.30348620084854994,0.3735835817994093
claude_ai,JP-01,subregion,JP,coursework_share,37.0,723.0,0.051175656984785614,0.03735322518543265,0.06974246113741954
claude_ai,JP-01,subregion,JP,success_rate,552.0,723.0,0.7634854771784232,0.7311681128262949,0.7930176244787797
claude_ai,JP-01,subregion,JP,work_share,319.0,723.0,0.4412171507607192,0.40542843675000395,0.47762723865437573
claude_ai,JP-04,subregion,JP,automation_share,108.0,274.0,0.39416058394160586,0.33814440073598534,0.453103562132066
claude_ai,JP-04,subregion,JP,coursework_share,27.0,288.0,0.09375,0.0652307433459574,0.13296444198745633
claude_ai,JP-04,subregion,JP,success_rate,226.0,288.0,0.7847222222222222,0.7336692987082801,0.8282793748187289
claude_ai,JP-04,subregion,JP,work_share,114.0,288.0,0.3958333333333333,0.3410807603193327,0.45332826156102973
claude_ai,JP-08,subregion,JP,automation_share,101.0,276.0,0.36594202898550726,0.3113144857958102,0.4242502050864602
claude_ai,JP-08,subregion,JP,coursework_share,23.0,287.0,0.08013937282229965,0.05399204039979702,0.11737821750003573
claude_ai,JP-08,subregion,JP,success_rate,200.0,287.0,0.6968641114982579,0.6413771631858534,0.7471504752262582
claude_ai,JP-08,subregion,JP,work_share,114.0,287.0,0.397212543554007,0.342316929990624,0.4548235065906628
claude_ai,JP-11,subregion,JP,automation_share,484.0,1315.0,0.36806083650190113,0.34241333705047383,0.3944769763882287
claude_ai,JP-11,subregion,JP,coursework_share,75.0,1373.0,0.05462490895848507,0.04379982218125082,0.06793532585611237
claude_ai,JP-11,subregion,JP,success_rate,998.0,1373.0,0.7268754552075747,0.702698371147545,0.749786504382073
claude_ai,JP-11,subregion,JP,work_share,607.0,1373.0,0.4420975965040058,0.4160253949797396,0.46849291126551035
claude_ai,JP-12,subregion,JP,automation_share,509.0,1343.0,0.3790022338049144,0.35343527829760807,0.40525943383483576
claude_ai,JP-12,subregion,JP,coursework_share,107.0,1399.0,0.0764832022873481,0.06368694504749627,0.09159901168489604
claude_ai,JP-12,subregion,JP,success_rate,1012.0,1399.0,0.72337383845604,0.6993453176899184,0.7461789667339254
claude_ai,JP-12,subregion,JP,work_share,612.0,1399.0,0.4374553252323088,0.411666487785212,0.4635867125761118
claude_ai,JP-13,subregion,JP,automation_share,4021.0,10597.0,0.37944701330565256,0.3702531722253781,0.38872822789289174
claude_ai,JP-13,subregion,JP,coursework_share,643.0,11341.0,0.056696940305087734,0.05258879072887178,0.0611053132064357
claude_ai,JP-13,subregion,JP,success_rate,7934.0,11341.0,0.699585574464333,0.6910816986135929,0.7079542826380095
claude_ai,JP-13,subregion,JP,work_share,5319.0,11341.0,0.46900626047085797,0.4598336166187991,0.4781998945762801
claude_ai,JP-14,subregion,JP,automation_share,1002.0,2835.0,0.35343915343915344,0.33605115684695075,0.3712238105200203
claude_ai,JP-14,subregion,JP,coursework_share,191.0,2941.0,0.06494389663379803,0.05659288570022483,0.07442998493566948
claude_ai,JP-14,subregion,JP,success_rate,2180.0,2941.0,0.7412444746684801,0.7251086699454918,0.7567508636878281
claude_ai,JP-14,subregion,JP,work_share,1202.0,2941.0,0.4087045222713363,0.3910677523785665,0.42657948542193186
claude_ai,JP-20,subregion,JP,automation_share,85.0,235.0,0.3617021276595745,0.3029479498082428,0.4249051545085931
claude_ai,JP-20,subregion,JP,coursework_share,0.0,232.0,0.0,9.414988913110804e-19,0.01628889898983046
claude_ai,JP-20,subregion,JP,success_rate,187.0,243.0,0.7695473251028807,0.7126493274066524,0.8180553836307093
claude_ai,JP-20,subregion,JP,work_share,119.0,232.0,0.5129310344827587,0.44892741337081893,0.5765133909656509
claude_ai,JP-22,subregion,JP,automation_share,129.0,369.0,0.34959349593495936,0.3027158943711916,0.3995705457685353
claude_ai,JP-22,subregion,JP,coursework_share,34.0,383.0,0.08877284595300261,0.06422110974182224,0.12149211241422303
claude_ai,JP-22,subregion,JP,success_rate,280.0,383.0,0.7310704960835509,0.6845298937395848,0.7730217242870181
claude_ai,JP-22,subregion,JP,work_share,156.0,383.0,0.4073107049608355,0.3592597558048974,0.4572025895064652
claude_ai,JP-23,subregion,JP,automation_share,509.0,1362.0,0.3737151248164464,0.34841048446859135,0.3997301491158594
claude_ai,JP-23,subregion,JP,coursework_share,111.0,1409.0,0.07877927608232789,0.06583054718778944,0.09401865317550677
claude_ai,JP-23,subregion,JP,success_rate,1042.0,1410.0,0.7390070921985815,0.7154559085903158,0.7612594462273669
claude_ai,JP-23,subregion,JP,work_share,611.0,1409.0,0.43364088005677787,0.40797902547304643,0.4596636033963187
claude_ai,JP-26,subregion,JP,automation_share,197.0,530.0,0.37169811320754714,0.33161615342455253,0.41362663020265084
claude_ai,JP-26,subregion,JP,coursework_share,53.0,547.0,0.09689213893967093,0.07484058131385621,0.12456628991736528
claude_ai,JP-26,subregion,JP,success_rate,408.0,547.0,0.7458866544789763,0.7077740055049495,0.7805696490048043
claude_ai,JP-26,subregion,JP,work_share,228.0,547.0,0.41681901279707495,0.376221501192341,0.4585767420775937
claude_ai,JP-27,subregion,JP,automation_share,1095.0,3030.0,0.3613861386138614,0.3444659371334696,0.3786573795222187
claude_ai,JP-27,subregion,JP,coursework_share,204.0,3158.0,0.06459784673844206,0.0565422489129095,0.07371146145638921
claude_ai,JP-27,subregion,JP,success_rate,2334.0,3158.0,0.7390753641545282,0.7234752106770834,0.7540945701746833
claude_ai,JP-27,subregion,JP,work_share,1322.0,3158.0,0.41861937935402155,0.4015220301484781,0.43591448153509266
claude_ai,JP-28,subregion,JP,automation_share,251.0,648.0,0.3873456790123457,0.3506062462747589,0.4254129583909146
claude_ai,JP-28,subregion,JP,coursework_share,48.0,679.0,0.07069219440353461,0.05373152620575055,0.09248334998222629
claude_ai,JP-28,subregion,JP,success_rate,503.0,679.0,0.7407952871870398,0.7065451929127147,0.7723360000315934
claude_ai,JP-28,subregion,JP,work_share,315.0,679.0,0.4639175257731959,0.4267147456700643,0.5015262988122872
claude_ai,JP-34,subregion,JP,automation_share,113.0,300.0,0.37666666666666665,0.3237194319344521,0.43273261413165603
claude_ai,JP-34,subregion,JP,coursework_share,39.0,310.0,0.12580645161290321,0.09341129570839606,0.16736229198679792
claude_ai,JP-34,subregion,JP,success_rate,227.0,310.0,0.7322580645161291,0.6803445119215422,0.7784856750262684
claude_ai,JP-34,subregion,JP,work_share,112.0,310.0,0.36129032258064514,0.3098138523212297,0.4161625638071611
claude_ai,JP-40,subregion,JP,automation_share,306.0,898.0,0.34075723830734966,0.31049412648058333,0.37237701186566285
claude_ai,JP-40,subregion,JP,coursework_share,53.0,931.0,0.05692803437164339,0.043784310650945776,0.0737132418755999
claude_ai,JP-40,subregion,JP,success_rate,698.0,931.0,0.7497314715359829,0.7209183773535757,0.7764920930405532
claude_ai,JP-40,subregion,JP,work_share,402.0,931.0,0.4317937701396348,0.40032029411466413,0.46382781397124045
claude_ai,KE,country,KE,automation_share,1571.0,3236.0,0.48547589616810877,0.46828310889145774,0.5027031269788391
claude_ai,KE,country,KE,coursework_share,897.0,3337.0,0.26880431525322146,0.25403421212578664,0.28410611754443776
claude_ai,KE,country,KE,success_rate,2279.0,3338.0,0.68274415817855,0.6667530521960798,0.6983151185993282
claude_ai,KE,country,KE,work_share,1455.0,3337.0,0.4360203775846569,0.41927815285543857,0.4529097413566067
claude_ai,KE-30,subregion,KE,automation_share,1337.0,2764.0,0.4837192474674385,0.4651241699676588,0.5023595184052596
claude_ai,KE-30,subregion,KE,coursework_share,726.0,2850.0,0.25473684210526315,0.23907751074893238,0.27105647846756786
claude_ai,KE-30,subregion,KE,success_rate,1944.0,2851.0,0.6818660119256401,0.6645343500152118,0.698708220080446
claude_ai,KE-30,subregion,KE,work_share,1258.0,2850.0,0.4414035087719298,0.4232639038202368,0.45970086899686696
claude_ai,KG,country,KG,automation_share,176.0,433.0,0.4064665127020785,0.36122116027121,0.45335693851791636
claude_ai,KG,country,KG,coursework_share,122.0,450.0,0.27111111111111114,0.23210412368088595,0.31399301681923564
claude_ai,KG,country,KG,success_rate,331.0,450.0,0.7355555555555555,0.6929358048379839,0.7741875262978131
claude_ai,KG,country,KG,work_share,156.0,450.0,0.3466666666666667,0.3041601403095267,0.39176901206434117
claude_ai,KG-C,subregion,KG,automation_share,96.0,222.0,0.43243243243243246,0.3689582319492842,0.49820530213832415
claude_ai,KG-C,subregion,KG,coursework_share,67.0,238.0,0.2815126050420168,0.2281945671744623,0.34177189020921367
claude_ai,KG-C,subregion,KG,success_rate,173.0,238.0,0.726890756302521,0.6670154740901836,0.7795578201652299
claude_ai,KG-C,subregion,KG,work_share,79.0,238.0,0.3319327731092437,0.2751917869090554,0.3940131803091569
claude_ai,KH,country,KH,automation_share,219.0,438.0,0.5,0.45337779880088314,0.5466222011991169
claude_ai,KH,country,KH,coursework_share,83.0,466.0,0.1781115879828326,0.1460469489927277,0.21543998617861515
claude_ai,KH,country,KH,success_rate,333.0,467.0,0.7130620985010707,0.6704288351281081,0.7522186114866344
claude_ai,KH,country,KH,work_share,219.0,466.0,0.4699570815450644,0.42507209443258603,0.5153333528500726
claude_ai,KH-12,subregion,KH,automation_share,211.0,421.0,0.501187648456057,0.45363119850359035,0.5487226199548657
claude_ai,KH-12,subregion,KH,coursework_share,82.0,445.0,0.1842696629213483,0.1510021083962982,0.22294183975824003
claude_ai,KH-12,subregion,KH,success_rate,318.0,446.0,0.7130044843049327,0.669342649517184,0.7530282472607039
claude_ai,KH-12,subregion,KH,work_share,209.0,445.0,0.4696629213483146,0.4237498474440426,0.516095300599276
claude_ai,KR,country,KR,automation_share,11295.0,28060.0,0.40253029223093373,0.3968058939869936,0.4082813753197146
claude_ai,KR,country,KR,coursework_share,1899.0,29075.0,0.06531384350816853,0.06253078926268486,0.06821175035760044
claude_ai,KR,country,KR,success_rate,20490.0,29075.0,0.7047291487532245,0.6994589227877961,0.7099452812641287
claude_ai,KR,country,KR,work_share,14603.0,29075.0,0.5022527944969906,0.4965056038012431,0.507999389960269
claude_ai,KR-11,subregion,KR,automation_share,6179.0,15690.0,0.39381771829190565,0.3861993136972635,0.4014881063159472
claude_ai,KR-11,subregion,KR,coursework_share,1026.0,16309.0,0.06291004966582868,0.05928556886245205,0.06674039585972119
claude_ai,KR-11,subregion,KR,success_rate,11483.0,16309.0,0.7040897663866577,0.6970369081518925,0.7110465001980053
claude_ai,KR-11,subregion,KR,work_share,8385.0,16309.0,0.5141333006315532,0.5064601070031933,0.5217998376038824
claude_ai,KR-26,subregion,KR,automation_share,360.0,876.0,0.410958904109589,0.3788346919163064,0.4438606659753868
claude_ai,KR-26,subregion,KR,coursework_share,56.0,899.0,0.06229143492769744,0.048279097103259616,0.08002868135976203
claude_ai,KR-26,subregion,KR,success_rate,633.0,899.0,0.7041156840934372,0.6734607732174822,0.7330335664319092
claude_ai,KR-26,subregion,KR,work_share,379.0,899.0,0.42157953281423804,0.3896999157242865,0.45412650964202356
claude_ai,KR-27,subregion,KR,automation_share,212.0,545.0,0.3889908256880734,0.3489730228224279,0.4305626391973607
claude_ai,KR-27,subregion,KR,coursework_share,42.0,564.0,0.07446808510638298,0.055562353764795756,0.09913149043400898
claude_ai,KR-27,subregion,KR,success_rate,400.0,564.0,0.7092198581560284,0.6704254989292734,0.7451833610063143
claude_ai,KR-27,subregion,KR,work_share,242.0,564.0,0.42907801418439717,0.3888451915807914,0.47027044911900956
claude_ai,KR-28,subregion,KR,automation_share,1328.0,2990.0,0.44414715719063547,0.4264201151372465,0.46201753634037346
claude_ai,KR-28,subregion,KR,coursework_share,186.0,3070.0,0.06058631921824104,0.05268367508188491,0.06958729685108653
claude_ai,KR-28,subregion,KR,success_rate,2156.0,3070.0,0.7022801302931596,0.6858603972458875,0.7181942554076518
claude_ai,KR-28,subregion,KR,work_share,1670.0,3070.0,0.5439739413680782,0.5263113369847447,0.561526630983416
claude_ai,KR-29,subregion,KR,automation_share,89.0,294.0,0.30272108843537415,0.25302554268144545,0.3575056927134758
claude_ai,KR-29,subregion,KR,coursework_share,29.0,303.0,0.09570957095709572,0.06746654621530238,0.13407587827994205
claude_ai,KR-29,subregion,KR,success_rate,228.0,303.0,0.7524752475247525,0.7009212746544886,0.7977073337219505
claude_ai,KR-29,subregion,KR,work_share,130.0,303.0,0.429042904290429,0.3745443913952329,0.48531815657740196
claude_ai,KR-30,subregion,KR,automation_share,229.0,617.0,0.3711507293354943,0.33393698166124985,0.4099590459245306
claude_ai,KR-30,subregion,KR,coursework_share,71.0,635.0,0.11181102362204724,0.08959674449141268,0.13869396168676984
claude_ai,KR-30,subregion,KR,success_rate,450.0,635.0,0.7086614173228346,0.6721490296937646,0.7426642824011273
claude_ai,KR-30,subregion,KR,work_share,304.0,635.0,0.47874015748031495,0.4401298484993892,0.5176061536645276
claude_ai,KR-41,subregion,KR,automation_share,1766.0,4291.0,0.4115590771381962,0.3969199306861603,0.4263564388078858
claude_ai,KR-41,subregion,KR,coursework_share,249.0,4436.0,0.05613165013525699,0.049734151251048755,0.06329726860861472
claude_ai,KR-41,subregion,KR,success_rate,3135.0,4436.0,0.7067177637511272,0.6931459282830245,0.7199318716096564
claude_ai,KR-41,subregion,KR,work_share,2183.0,4436.0,0.49211000901713253,0.47741104769377296,0.5068226240660484
claude_ai,KR-42,subregion,KR,automation_share,126.0,277.0,0.4548736462093863,0.39724792645382595,0.5137339223890804
claude_ai,KR-42,subregion,KR,coursework_share,22.0,288.0,0.0763888888888889,0.05098417762362487,0.11294584468984926
claude_ai,KR-42,subregion,KR,success_rate,214.0,288.0,0.7430555555555556,0.689622416803111,0.7900898654760432
claude_ai,KR-42,subregion,KR,work_share,134.0,288.0,0.4652777777777778,0.40850577925272213,0.5229638947073988
claude_ai,KR-43,subregion,KR,automation_share,116.0,255.0,0.4549019607843137,0.39490300413325724,0.5162395633674844
claude_ai,KR-43,subregion,KR,coursework_share,25.0,277.0,0.09025270758122744,0.061878937017563196,0.12983625047602745
claude_ai,KR-43,subregion,KR,success_rate,191.0,277.0,0.6895306859205776,0.6327618179817531,0.7411144168780397
claude_ai,KR-43,subregion,KR,work_share,130.0,277.0,0.4693140794223827,0.4113641695866873,0.5281034876264891
claude_ai,KR-44,subregion,KR,automation_share,158.0,362.0,0.43646408839779005,0.3863057208688751,0.4879568014905285
claude_ai,KR-44,subregion,KR,coursework_share,24.0,375.0,0.064,0.04338130495256686,0.09346111150856096
claude_ai,KR-44,subregion,KR,success_rate,256.0,375.0,0.6826666666666666,0.6339083636546142,0.7277203487148826
claude_ai,KR-44,subregion,KR,work_share,178.0,375.0,0.4746666666666667,0.42463782704899716,0.5252092858340653
claude_ai,KR-45,subregion,KR,automation_share,118.0,263.0,0.44866920152091255,0.3897277702639496,0.5090886061930945
claude_ai,KR-45,subregion,KR,coursework_share,19.0,284.0,0.06690140845070422,0.04324429112709013,0.10211899201196968
claude_ai,KR-45,subregion,KR,success_rate,189.0,284.0,0.6654929577464789,0.6087323464441989,0.7178361551205505
claude_ai,KR-45,subregion,KR,work_share,125.0,284.0,0.44014084507042256,0.3835866708070458,0.4982928073503851
claude_ai,KR-46,subregion,KR,coursework_share,44.0,218.0,0.2018348623853211,0.15392872693175,0.26006756591864416
claude_ai,KR-46,subregion,KR,success_rate,163.0,218.0,0.7477064220183486,0.6861013176633403,0.8007325313532555
claude_ai,KR-46,subregion,KR,work_share,80.0,218.0,0.3669724770642202,0.3058089628198693,0.43274322937492193
claude_ai,KR-47,subregion,KR,automation_share,103.0,316.0,0.3259493670886076,0.27662731758415715,0.37945244189678584
claude_ai,KR-47,subregion,KR,coursework_share,33.0,325.0,0.10153846153846154,0.07321734739943944,0.1391694065878906
claude_ai,KR-47,subregion,KR,success_rate,236.0,325.0,0.7261538461538461,0.6752413647835357,0.7717823694398716
claude_ai,KR-47,subregion,KR,work_share,140.0,325.0,0.4307692307692308,0.3780502737351813,0.4851057259923471
claude_ai,KR-48,subregion,KR,automation_share,181.0,483.0,0.3747412008281574,0.33271929144562734,0.41873991006878725
claude_ai,KR-48,subregion,KR,coursework_share,35.0,504.0,0.06944444444444445,0.050353156874623294,0.09504966164201653
claude_ai,KR-48,subregion,KR,success_rate,358.0,504.0,0.7103174603174603,0.669241498404128,0.7482115026891262
claude_ai,KR-48,subregion,KR,work_share,219.0,504.0,0.43452380952380953,0.3919034974326844,0.47813471920809497
claude_ai,KR-50,subregion,KR,automation_share,96.0,214.0,0.4485981308411215,0.38345207153762684,0.5155571167900388
claude_ai,KR-50,subregion,KR,coursework_share,19.0,239.0,0.0794979079497908,0.05148185056150039,0.12081811781294616
claude_ai,KR-50,subregion,KR,success_rate,160.0,239.0,0.6694560669456067,0.6075489607379191,0.7260017982753638
claude_ai,KR-50,subregion,KR,work_share,141.0,239.0,0.5899581589958159,0.5266573860761739,0.6504127699432233
claude_ai,KW,country,KW,automation_share,182.0,437.0,0.41647597254004576,0.37117885820685254,0.46322878390314803
claude_ai,KW,country,KW,coursework_share,39.0,455.0,0.08571428571428572,0.06333419540881036,0.11503149767568763
claude_ai,KW,country,KW,success_rate,296.0,455.0,0.6505494505494506,0.6056435515571564,0.6929344326535165
claude_ai,KW,country,KW,work_share,191.0,455.0,0.4197802197802198,0.3752891446570982,0.46561455718684974
claude_ai,KW-FA,subregion,KW,automation_share,104.0,238.0,0.4369747899159664,0.3754531394827368,0.5004987232240928
claude_ai,KW-FA,subregion,KW,coursework_share,22.0,263.0,0.08365019011406843,0.055888232335732015,0.12340015448251519
claude_ai,KW-FA,subregion,KW,success_rate,169.0,263.0,0.6425855513307985,0.5829944621911997,0.6980711587614554
claude_ai,KW-FA,subregion,KW,work_share,109.0,263.0,0.4144486692015209,0.35655936069487154,0.47480126673353534
claude_ai,KZ,country,KZ,automation_share,850.0,1940.0,0.4381443298969072,0.41620922721990306,0.4603239223947569
claude_ai,KZ,country,KZ,coursework_share,532.0,2026.0,0.26258637709772953,0.24388713054529623,0.2821842633999259
claude_ai,KZ,country,KZ,success_rate,1484.0,2026.0,0.7324777887462981,0.7127751853347701,0.7513004351471435
claude_ai,KZ,country,KZ,work_share,678.0,2026.0,0.33464955577492594,0.31443216751269026,0.35549281579635217
claude_ai,KZ-71,subregion,KZ,automation_share,219.0,516.0,0.42441860465116277,0.3824850015213104,0.46746929224817646
claude_ai,KZ-71,subregion,KZ,coursework_share,146.0,529.0,0.27599243856332706,0.2396173973094721,0.3155975108358379
claude_ai,KZ-71,subregion,KZ,success_rate,379.0,529.0,0.7164461247637051,0.6765831081822851,0.7531881409093775
claude_ai,KZ-71,subregion,KZ,work_share,181.0,529.0,0.34215500945179583,0.3029931622563386,0.38359287006546217
claude_ai,KZ-75,subregion,KZ,automation_share,332.0,768.0,0.4322916666666667,0.39767737164805933,0.4675799557621243
claude_ai,KZ-75,subregion,KZ,coursework_share,187.0,800.0,0.23375,0.20573762485499586,0.2643072198009663
claude_ai,KZ-75,subregion,KZ,success_rate,581.0,800.0,0.72625,0.694325641085035,0.756011838338772
claude_ai,KZ-75,subregion,KZ,work_share,326.0,800.0,0.4075,0.37397049449968656,0.4419136299347791
claude_ai,LB,country,LB,automation_share,302.0,700.0,0.43142857142857144,0.39521065687923634,0.46839501803398276
claude_ai,LB,country,LB,coursework_share,127.0,714.0,0.17787114845938376,0.15156734929795965,0.20762275615148776
claude_ai,LB,country,LB,success_rate,497.0,714.0,0.696078431372549,0.6613653323651036,0.7286928643178414
claude_ai,LB,country,LB,work_share,340.0,714.0,0.47619047619047616,0.43978185731750813,0.5128539330852772
claude_ai,LB-BA,subregion,LB,automation_share,140.0,313.0,0.4472843450479233,0.39317058347682254,0.5026764265117648
claude_ai,LB-BA,subregion,LB,coursework_share,57.0,336.0,0.16964285714285715,0.1332987366113734,0.213455751361847
claude_ai,LB-BA,subregion,LB,success_rate,223.0,336.0,0.6636904761904762,0.6115752249263653,0.7121049837355525
claude_ai,LB-BA,subregion,LB,work_share,159.0,336.0,0.4732142857142857,0.4204322006536758,0.5266019470198285
claude_ai,LB-JL,subregion,LB,automation_share,139.0,306.0,0.4542483660130719,0.39937180142196094,0.5102594424135989
claude_ai,LB-JL,subregion,LB,coursework_share,60.0,322.0,0.18633540372670807,0.14759316441380743,0.23247371470782707
claude_ai,LB-JL,subregion,LB,success_rate,230.0,322.0,0.7142857142857143,0.6626425372223453,0.7608761295163399
claude_ai,LB-JL,subregion,LB,work_share,156.0,322.0,0.484472049689441,0.4303906277863726,0.5389196137543024
claude_ai,LK,country,LK,automation_share,1243.0,2390.0,0.5200836820083682,0.500037709797014,0.5400651942547829
claude_ai,LK,country,LK,coursework_share,718.0,2451.0,0.29294165646674825,0.27525903651151834,0.3112723307261885
claude_ai,LK,country,LK,success_rate,1702.0,2451.0,0.6944104447164423,0.6758805939591446,0.7123318267526438
claude_ai,LK,country,LK,work_share,1064.0,2451.0,0.43410852713178294,0.41460441887117816,0.45381886351087053
claude_ai,LK-1,subregion,LK,automation_share,1103.0,2135.0,0.5166276346604215,0.49541918567456006,0.5377763534434372
claude_ai,LK-1,subregion,LK,coursework_share,641.0,2189.0,0.29282777523983555,0.2741404961570263,0.31224093695697513
claude_ai,LK-1,subregion,LK,success_rate,1522.0,2189.0,0.6952946550936501,0.6756841333131725,0.71422091044375
claude_ai,LK-1,subregion,LK,work_share,950.0,2189.0,0.43398812243033347,0.4133588895523609,0.4548486453648898
claude_ai,LT,country,LT,automation_share,486.0,1106.0,0.4394213381555154,0.41043016621378564,0.4688318834336595
claude_ai,LT,country,LT,coursework_share,85.0,1147.0,0.07410636442894507,0.06032730342130434,0.09072875850763532
claude_ai,LT,country,LT,success_rate,789.0,1147.0,0.6878814298169137,0.6604759031583104,0.7140326304226794
claude_ai,LT,country,LT,work_share,516.0,1147.0,0.44986922406277247,0.42129358616669743,0.4787795429242218
claude_ai,LT-VL,subregion,LT,automation_share,342.0,794.0,0.43073047858942065,0.39670188990981237,0.4654261314919295
claude_ai,LT-VL,subregion,LT,coursework_share,61.0,825.0,0.07393939393939394,0.057990350539842764,0.09383793607125399
claude_ai,LT-VL,subregion,LT,success_rate,576.0,825.0,0.6981818181818182,0.6659978081120701,0.7285287214443615
claude_ai,LT-VL,subregion,LT,work_share,377.0,825.0,0.45696969696969697,0.42325478458857524,0.491083491868591
claude_ai,LU,country,LU,automation_share,223.0,516.0,0.4321705426356589,0.39008380493632655,0.4752597920362898
claude_ai,LU,country,LU,coursework_share,22.0,520.0,0.04230769230769231,0.028102762817459857,0.06322560820156574
claude_ai,LU,country,LU,success_rate,380.0,520.0,0.7307692307692307,0.6910545129562792,0.7670992495551365
claude_ai,LU,country,LU,work_share,291.0,520.0,0.5596153846153846,0.5166634144513552,0.6016929741974272
claude_ai,LU-LU,subregion,LU,automation_share,192.0,441.0,0.43537414965986393,0.38985389972285606,0.482010602158263
claude_ai,LU-LU,subregion,LU,coursework_share,18.0,444.0,0.04054054054054054,0.025795084147823274,0.06316851369569997
claude_ai,LU-LU,subregion,LU,success_rate,324.0,444.0,0.7297297297297297,0.686580471313618,0.7689377297646203
claude_ai,LU-LU,subregion,LU,work_share,255.0,444.0,0.5743243243243243,0.5278879822606954,0.619485553382264
claude_ai,LV,country,LV,automation_share,293.0,698.0,0.4197707736389685,0.3836947043492478,0.4567251282739538
claude_ai,LV,country,LV,coursework_share,63.0,712.0,0.08848314606741572,0.0697700460303289,0.11161309795012712
claude_ai,LV,country,LV,success_rate,512.0,713.0,0.7180925666199158,0.6839657677427723,0.7498818214596401
claude_ai,LV,country,LV,work_share,325.0,712.0,0.45646067415730335,0.4202043457303376,0.493184314554284
claude_ai,LV-RIX,subregion,LV,automation_share,289.0,689.0,0.41944847605224966,0.38314735049898535,0.4566428699496713
claude_ai,LV-RIX,subregion,LV,coursework_share,62.0,703.0,0.08819345661450925,0.0694064209574915,0.11145673140931885
claude_ai,LV-RIX,subregion,LV,success_rate,507.0,704.0,0.7201704545454546,0.6858825739488917,0.7520685156734194
claude_ai,LV-RIX,subregion,LV,work_share,320.0,703.0,0.45519203413940257,0.4187222429242402,0.4921488772814749
claude_ai,MA,country,MA,automation_share,1989.0,4202.0,0.47334602570204665,0.4582806148709982,0.48846012781412823
claude_ai,MA,country,MA,coursework_share,1103.0,4324.0,0.25508788159111934,0.24231618925890247,0.26829436543422686
claude_ai,MA,country,MA,success_rate,3046.0,4325.0,0.7042774566473988,0.690499803099232,0.7176925410142602
claude_ai,MA,country,MA,work_share,1766.0,4324.0,0.408418131359852,0.3938545033336607,0.4231443443136285
claude_ai,MA-01,subregion,MA,automation_share,193.0,399.0,0.48370927318295737,0.435063427546692,0.5326658238513762
claude_ai,MA-01,subregion,MA,coursework_share,86.0,407.0,0.2113022113022113,0.17443413570970887,0.25356926024629944
claude_ai,MA-01,subregion,MA,success_rate,292.0,407.0,0.7174447174447175,0.6718264046566416,0.7589965694530881
claude_ai,MA-01,subregion,MA,work_share,174.0,407.0,0.4275184275184275,0.3803529268012919,0.4760394151621315
claude_ai,MA-03,subregion,MA,automation_share,166.0,344.0,0.48255813953488375,0.43023692216394815,0.5352646164674288
claude_ai,MA-03,subregion,MA,coursework_share,140.0,375.0,0.37333333333333335,0.325893564266515,0.42334200014879747
claude_ai,MA-03,subregion,MA,success_rate,264.0,375.0,0.704,0.6559164351096071,0.7479462874636266
claude_ai,MA-03,subregion,MA,work_share,110.0,375.0,0.29333333333333333,0.24953368445370472,0.3413243416975943
claude_ai,MA-04,subregion,MA,automation_share,305.0,630.0,0.48412698412698413,0.4453170534511355,0.5231293217946672
claude_ai,MA-04,subregion,MA,coursework_share,174.0,650.0,0.2676923076923077,0.2350919125572588,0.30302251760441956
claude_ai,MA-04,subregion,MA,success_rate,442.0,650.0,0.68,0.6431707600289612,0.714714085474904
claude_ai,MA-04,subregion,MA,work_share,253.0,650.0,0.3892307692307692,0.3525025761312337,0.4272605958663878
claude_ai,MA-06,subregion,MA,automation_share,887.0,1896.0,0.46782700421940926,0.44545488065354044,0.49032923945415696
claude_ai,MA-06,subregion,MA,coursework_share,463.0,1949.0,0.2375577219086711,0.21919090698320357,0.2569570816708685
claude_ai,MA-06,subregion,MA,success_rate,1378.0,1950.0,0.7066666666666667,0.6860679502180945,0.7264526962867195
claude_ai,MA-06,subregion,MA,work_share,854.0,1949.0,0.4381734222678297,0.41628842622586176,0.46030166689792257
claude_ai,MA-07,subregion,MA,automation_share,194.0,434.0,0.4470046082949309,0.4008963996892225,0.494042774660588
claude_ai,MA-07,subregion,MA,coursework_share,115.0,449.0,0.2561247216035635,0.21793737158627857,0.2984498154566079
claude_ai,MA-07,subregion,MA,success_rate,321.0,449.0,0.7149220489977728,0.6714779245090524,0.7547196686449332
claude_ai,MA-07,subregion,MA,work_share,183.0,449.0,0.40757238307349664,0.3630908948775694,0.45362205728936933
claude_ai,MA-09,subregion,MA,automation_share,142.0,272.0,0.5220588235294118,0.4628022624974155,0.5807009654420975
claude_ai,MA-09,subregion,MA,coursework_share,52.0,283.0,0.18374558303886926,0.14296302208988806,0.23299918143986492
claude_ai,MA-09,subregion,MA,success_rate,195.0,283.0,0.6890459363957597,0.6328860715960148,0.7401421084169261
claude_ai,MA-09,subregion,MA,work_share,127.0,283.0,0.44876325088339225,0.39188643000078505,0.5070124744816888
claude_ai,MD,country,MD,automation_share,298.0,609.0,0.48932676518883417,0.4498156920230699,0.5289716487840815
claude_ai,MD,country,MD,coursework_share,103.0,631.0,0.16323296354992076,0.1364492437656508,0.19409242206091132
claude_ai,MD,country,MD,success_rate,455.0,631.0,0.7210776545166403,0.6848278201281518,0.7546518863057051
claude_ai,MD,country,MD,work_share,270.0,631.0,0.42789223454833597,0.3898377361105733,0.4668194205722906
claude_ai,MD-CU,subregion,MD,automation_share,232.0,466.0,0.4978540772532189,0.45266038763319644,0.5430828586012791
claude_ai,MD-CU,subregion,MD,coursework_share,66.0,479.0,0.13778705636743216,0.10978979300834207,0.17154802046920417
claude_ai,MD-CU,subregion,MD,success_rate,343.0,479.0,0.7160751565762005,0.6740999666448471,0.7546120581682593
claude_ai,MD-CU,subregion,MD,work_share,225.0,479.0,0.4697286012526096,0.4254517503557894,0.5144871447187029
claude_ai,MG,country,MG,automation_share,243.0,491.0,0.49490835030549896,0.45089537115122247,0.5390003853898606
claude_ai,MG,country,MG,coursework_share,115.0,515.0,0.22330097087378642,0.1894559422558059,0.2612434619554216
claude_ai,MG,country,MG,success_rate,324.0,515.0,0.629126213592233,0.5865948286984815,0.669745449336279
claude_ai,MG,country,MG,work_share,266.0,515.0,0.516504854368932,0.473382130778219,0.5593831679179534
claude_ai,MG-T,subregion,MG,automation_share,229.0,467.0,0.49036402569593146,0.44528735364649547,0.5355979377126368
claude_ai,MG-T,subregion,MG,coursework_share,110.0,490.0,0.22448979591836735,0.1897700891924695,0.26349589731008516
claude_ai,MG-T,subregion,MG,success_rate,314.0,490.0,0.6408163265306123,0.5973924232912441,0.6820494058296722
claude_ai,MG-T,subregion,MG,work_share,252.0,490.0,0.5142857142857142,0.4700930935975995,0.5582560774726384
claude_ai,MK,country,MK,automation_share,200.0,393.0,0.5089058524173028,0.4596327633895514,0.5580065163633777
claude_ai,MK,country,MK,coursework_share,47.0,408.0,0.11519607843137254,0.08774301213763568,0.1498279374701747
claude_ai,MK,country,MK,success_rate,295.0,408.0,0.7230392156862745,0.6776890634389215,0.7642284116291628
claude_ai,MK,country,MK,work_share,223.0,408.0,0.5465686274509803,0.4980517661519825,0.5942167176534418
claude_ai,MK-815,subregion,MK,automation_share,151.0,303.0,0.49834983498349833,0.442424806520462,0.5543161829672737
claude_ai,MK-815,subregion,MK,coursework_share,38.0,316.0,0.12025316455696203,0.08887725710616076,0.16075130903407864
claude_ai,MK-815,subregion,MK,success_rate,228.0,316.0,0.7215189873417721,0.6696604651444252,0.7680562046071017
claude_ai,MK-815,subregion,MK,work_share,169.0,316.0,0.5348101265822784,0.4797261575334398,0.5890578905703716
claude_ai,MN,country,MN,automation_share,124.0,230.0,0.5391304347826087,0.47459461719937107,0.602380566001565
claude_ai,MN,country,MN,coursework_share,46.0,243.0,0.18930041152263374,0.14502604293600327,0.24324562602093106
claude_ai,MN,country,MN,success_rate,164.0,243.0,0.6748971193415638,0.6136764236634462,0.7306739613607962
claude_ai,MN,country,MN,work_share,105.0,243.0,0.43209876543209874,0.3713484228743567,0.49496260411623155
claude_ai,MN-1,subregion,MN,automation_share,124.0,229.0,0.5414847161572053,0.47679427838689714,0.6048062603484491
claude_ai,MN-1,subregion,MN,coursework_share,46.0,242.0,0.19008264462809918,0.1456391567955933,0.24421186923092134
claude_ai,MN-1,subregion,MN,success_rate,163.0,242.0,0.6735537190082644,0.612162442975145,0.7295209824500068
claude_ai,MN-1,subregion,MN,work_share,105.0,242.0,0.43388429752066116,0.3729550286676937,0.49687985688462943
claude_ai,MT,country,MT,automation_share,136.0,331.0,0.4108761329305136,0.35919060068756103,0.46460668137058225
claude_ai,MT,country,MT,coursework_share,26.0,340.0,0.07647058823529412,0.052716882532852685,0.10968813186912775
claude_ai,MT,country,MT,success_rate,235.0,340.0,0.6911764705882353,0.6401593709347091,0.7379216989532859
claude_ai,MT,country,MT,work_share,162.0,340.0,0.4764705882352941,0.4239411416933564,0.5295258035511982
claude_ai,MU,country,MU,automation_share,154.0,300.0,0.5133333333333333,0.4569629909718754,0.5693665175615182
claude_ai,MU,country,MU,coursework_share,61.0,319.0,0.19122257053291536,0.15184092926330414,0.2379527032797138
claude_ai,MU,country,MU,success_rate,233.0,319.0,0.7304075235109718,0.6791823975315616,0.7761492573728869
claude_ai,MU,country,MU,work_share,147.0,319.0,0.4608150470219436,0.406905040881478,0.5156576028422553
claude_ai,MX,country,MX,automation_share,4308.0,9446.0,0.45606605970781283,0.4460416602332465,0.4661261797017637
claude_ai,MX,country,MX,coursework_share,2256.0,9757.0,0.23121861227836424,0.22295951187769678,0.2396892826688718
claude_ai,MX,country,MX,success_rate,7110.0,9757.0,0.7287075945475043,0.7197963236644828,0.7374388393362159
claude_ai,MX,country,MX,work_share,3965.0,9757.0,0.4063749103207953,0.3966678071358464,0.41615571004939306
claude_ai,MX-BCN,subregion,MX,automation_share,137.0,298.0,0.4597315436241611,0.4040174872366437,0.5164706098314874
claude_ai,MX-BCN,subregion,MX,coursework_share,65.0,304.0,0.2138157894736842,0.17144714963911972,0.2633270978959762
claude_ai,MX-BCN,subregion,MX,success_rate,226.0,304.0,0.743421052631579,0.6915000667960409,0.7892666651856015
claude_ai,MX-BCN,subregion,MX,work_share,112.0,304.0,0.3684210526315789,0.3161517224942742,0.4239743683264595
claude_ai,MX-CHH,subregion,MX,automation_share,113.0,221.0,0.5113122171945701,0.44577903911828615,0.5764588385698285
claude_ai,MX-CHH,subregion,MX,coursework_share,72.0,241.0,0.2987551867219917,0.24449268392651127,0.35933280978044047
claude_ai,MX-CHH,subregion,MX,success_rate,186.0,241.0,0.7717842323651453,0.7147776773733837,0.8202621197852692
claude_ai,MX-CHH,subregion,MX,work_share,90.0,241.0,0.37344398340248963,0.314806411339059,0.43605291975500343
claude_ai,MX-CMX,subregion,MX,automation_share,1343.0,2999.0,0.4478159386462154,0.43009643929010816,0.4656689583918741
claude_ai,MX-CMX,subregion,MX,coursework_share,583.0,3106.0,0.18770122343850612,0.17435765955578883,0.2018163552236134
claude_ai,MX-CMX,subregion,MX,success_rate,2231.0,3106.0,0.7182871860914359,0.7022049653153677,0.7338301047666581
claude_ai,MX-CMX,subregion,MX,work_share,1382.0,3106.0,0.4449452672247263,0.4275465536815626,0.46247999943934237
claude_ai,MX-GUA,subregion,MX,automation_share,133.0,268.0,0.4962686567164179,0.43688448115179673,0.5557582931697199
claude_ai,MX-GUA,subregion,MX,coursework_share,81.0,288.0,0.28125,0.23246485347612605,0.33579409247263514
claude_ai,MX-GUA,subregion,MX,success_rate,207.0,288.0,0.71875,0.6642059075273649,0.7675351465238739
claude_ai,MX-GUA,subregion,MX,work_share,119.0,288.0,0.4131944444444444,0.3578309537928322,0.4708432311074698
claude_ai,MX-JAL,subregion,MX,automation_share,353.0,780.0,0.45256410256410257,0.4179501571393365,0.4876430137257975
claude_ai,MX-JAL,subregion,MX,coursework_share,188.0,810.0,0.23209876543209876,0.20433063608523047,0.26239605864258886
claude_ai,MX-JAL,subregion,MX,success_rate,590.0,810.0,0.7283950617283951,0.696738998528514,0.7578949253210411
claude_ai,MX-JAL,subregion,MX,work_share,329.0,810.0,0.40617283950617283,0.37287076770413785,0.4403607014171261
claude_ai,MX-MEX,subregion,MX,automation_share,255.0,553.0,0.46112115732368897,0.41998441235441925,0.5027943455544727
claude_ai,MX-MEX,subregion,MX,coursework_share,146.0,567.0,0.25749559082892415,0.22322036204404544,0.29503478964777247
claude_ai,MX-MEX,subregion,MX,success_rate,413.0,567.0,0.7283950617283951,0.6903376249904746,0.7633784321434134
claude_ai,MX-MEX,subregion,MX,work_share,225.0,567.0,0.3968253968253968,0.35737907323001744,0.4376603913079561
claude_ai,MX-NLE,subregion,MX,automation_share,299.0,719.0,0.41585535465924894,0.380369051086269,0.45223604524465605
claude_ai,MX-NLE,subregion,MX,coursework_share,160.0,743.0,0.21534320323014805,0.18728973718539393,0.2463251016237994
claude_ai,MX-NLE,subregion,MX,success_rate,558.0,743.0,0.7510094212651414,0.7186775454983797,0.7807590150788565
claude_ai,MX-NLE,subregion,MX,work_share,289.0,743.0,0.38896366083445494,0.35456544052389505,0.4245041774513222
claude_ai,MX-PUE,subregion,MX,automation_share,223.0,479.0,0.46555323590814196,0.4213335666423918,0.5103210380975477
claude_ai,MX-PUE,subregion,MX,coursework_share,189.0,492.0,0.38414634146341464,0.3422219151345899,0.4278659516357658
claude_ai,MX-PUE,subregion,MX,success_rate,367.0,492.0,0.7459349593495935,0.7056637858693551,0.7823953039690126
claude_ai,MX-PUE,subregion,MX,work_share,157.0,492.0,0.31910569105691056,0.2794541901232158,0.3615601983427782
claude_ai,MX-QUE,subregion,MX,automation_share,133.0,273.0,0.48717948717948717,0.42847715161918665,0.5462376311302267
claude_ai,MX-QUE,subregion,MX,coursework_share,72.0,295.0,0.2440677966101695,0.1985464303022991,0.29616916484911215
claude_ai,MX-QUE,subregion,MX,success_rate,218.0,295.0,0.7389830508474576,0.6860210925844152,0.7858007688967171
claude_ai,MX-QUE,subregion,MX,work_share,114.0,295.0,0.3864406779661017,0.3326727730057892,0.4431281864322542
claude_ai,MX-ROO,subregion,MX,automation_share,123.0,278.0,0.44244604316546765,0.38523868600001593,0.5012223616238975
claude_ai,MX-ROO,subregion,MX,coursework_share,52.0,294.0,0.17687074829931973,0.13750488405197145,0.22457213943970997
claude_ai,MX-ROO,subregion,MX,success_rate,214.0,294.0,0.7278911564625851,0.67432258305149,0.7755809898543767
claude_ai,MX-ROO,subregion,MX,work_share,135.0,294.0,0.45918367346938777,0.4031122303641155,0.5163080252348338
claude_ai,MX-VER,subregion,MX,automation_share,120.0,235.0,0.5106382978723404,0.44706936483569176,0.5738650117553209
claude_ai,MX-VER,subregion,MX,coursework_share,66.0,256.0,0.2578125,0.2080850910625006,0.31470109867771034
claude_ai,MX-VER,subregion,MX,success_rate,182.0,256.0,0.7109375,0.652610245364155,0.7630275893782419
claude_ai,MX-VER,subregion,MX,work_share,109.0,256.0,0.42578125,0.366746480458491,0.48701057768770256
claude_ai,MX-YUC,subregion,MX,automation_share,135.0,290.0,0.46551724137931033,0.4089322332455284,0.5230038847173469
claude_ai,MX-YUC,subregion,MX,coursework_share,55.0,317.0,0.17350157728706625,0.13579036683991477,0.21903145177712238
claude_ai,MX-YUC,subregion,MX,success_rate,229.0,317.0,0.722397476340694,0.6706606648323999,0.7688085311820819
claude_ai,MX-YUC,subregion,MX,work_share,138.0,317.0,0.4353312302839117,0.3818477949283174,0.49036328991853545
claude_ai,MY,country,MY,automation_share,1674.0,3794.0,0.441222983658408,0.4254903680471421,0.45707450774967895
claude_ai,MY,country,MY,coursework_share,707.0,3920.0,0.18035714285714285,0.1686356367428286,0.1927045356025586
claude_ai,MY,country,MY,success_rate,2795.0,3921.0,0.7128283601122163,0.6984635653225282,0.7267765258954204
claude_ai,MY,country,MY,work_share,1769.0,3920.0,0.45127551020408163,0.43575278975769854,0.46689363715209314
claude_ai,MY-01,subregion,MY,automation_share,109.0,233.0,0.4678111587982833,0.40478409229753226,0.531882439257735
claude_ai,MY-01,subregion,MY,coursework_share,54.0,256.0,0.2109375,0.16542135147729925,0.26500087498682345
claude_ai,MY-01,subregion,MY,success_rate,181.0,256.0,0.70703125,0.6485467873976802,0.7593940504050426
claude_ai,MY-01,subregion,MY,work_share,100.0,256.0,0.390625,0.3328968771032124,0.45158720858591506
claude_ai,MY-07,subregion,MY,automation_share,97.0,207.0,0.46859903381642515,0.4018106463368995,0.5365316921769422
claude_ai,MY-07,subregion,MY,coursework_share,34.0,239.0,0.14225941422594143,0.10362042312541617,0.19221686340209804
claude_ai,MY-07,subregion,MY,success_rate,176.0,239.0,0.7364016736401674,0.6771214255615017,0.7882024728150533
claude_ai,MY-07,subregion,MY,work_share,111.0,239.0,0.46443514644351463,0.40226699694602663,0.527728522767235
claude_ai,MY-10,subregion,MY,automation_share,738.0,1673.0,0.4411237298266587,0.41749266859782846,0.4650245590282037
claude_ai,MY-10,subregion,MY,coursework_share,331.0,1713.0,0.1932282545242265,0.17522531287824844,0.21260405938300153
claude_ai,MY-10,subregion,MY,success_rate,1231.0,1713.0,0.7186223000583771,0.6968565735407973,0.7394096492720703
claude_ai,MY-10,subregion,MY,work_share,771.0,1713.0,0.4500875656742557,0.4266655001522901,0.47373299904530625
claude_ai,MY-14,subregion,MY,automation_share,419.0,988.0,0.4240890688259109,0.39362488429917253,0.45514128965441036
claude_ai,MY-14,subregion,MY,coursework_share,147.0,1017.0,0.14454277286135694,0.12426778788999253,0.1674930494426554
claude_ai,MY-14,subregion,MY,success_rate,723.0,1018.0,0.7102161100196464,0.6815984536364883,0.7372531570241072
claude_ai,MY-14,subregion,MY,work_share,497.0,1017.0,0.4886922320550639,0.45807026142682694,0.5193993087787759
claude_ai,MZ,country,MZ,automation_share,112.0,207.0,0.5410628019323671,0.47304713017857675,0.6075821194571689
claude_ai,MZ,country,MZ,coursework_share,37.0,225.0,0.16444444444444445,0.1217212086464685,0.2184337282181575
claude_ai,MZ,country,MZ,success_rate,156.0,225.0,0.6933333333333334,0.63025591726052,0.7499197151419803
claude_ai,MZ,country,MZ,work_share,96.0,225.0,0.4266666666666667,0.36380383051305476,0.4919916192653072
claude_ai,NG,country,NG,automation_share,3638.0,7497.0,0.4852607709750567,0.4739578043227007,0.4965788351925238
claude_ai,NG,country,NG,coursework_share,1528.0,7702.0,0.19839002856400934,0.18963507264763543,0.2074457082498074
claude_ai,NG,country,NG,success_rate,5575.0,7704.0,0.72365005192108,0.7135544425751557,0.7335227262135751
claude_ai,NG,country,NG,work_share,3413.0,7702.0,0.44313165411581407,0.43206850931949997,0.45425150016525245
claude_ai,NG-ED,subregion,NG,automation_share,124.0,247.0,0.5020242914979757,0.4401172101476941,0.5638693694308128
claude_ai,NG-ED,subregion,NG,coursework_share,59.0,258.0,0.22868217054263565,0.18163637763752125,0.28368922379479505
claude_ai,NG-ED,subregion,NG,success_rate,198.0,258.0,0.7674418604651163,0.7121967212936339,0.8148394715802257
claude_ai,NG-ED,subregion,NG,work_share,94.0,258.0,0.3643410852713178,0.30800624503311874,0.42465655568303934
claude_ai,NG-FC,subregion,NG,automation_share,477.0,968.0,0.4927685950413223,0.46136437885971376,0.5242299813734765
claude_ai,NG-FC,subregion,NG,coursework_share,213.0,1001.0,0.2127872127872128,0.18855529088213474,0.23921521543448276
claude_ai,NG-FC,subregion,NG,success_rate,710.0,1001.0,0.7092907092907093,0.680402292285514,0.7365788518072466
claude_ai,NG-FC,subregion,NG,work_share,442.0,1001.0,0.44155844155844154,0.41107739025227846,0.472486347554755
claude_ai,NG-LA,subregion,NG,automation_share,2172.0,4492.0,0.4835262689225289,0.46893254155806297,0.49814814918513406
claude_ai,NG-LA,subregion,NG,coursework_share,827.0,4616.0,0.17915944540727902,0.16836463346299965,0.19048784321065948
claude_ai,NG-LA,subregion,NG,success_rate,3344.0,4617.0,0.7242798353909465,0.7112070706724992,0.7369796838788795
claude_ai,NG-LA,subregion,NG,work_share,2175.0,4616.0,0.4711871750433276,0.4568168241975269,0.4856054441330583
claude_ai,NG-OY,subregion,NG,automation_share,283.0,589.0,0.48047538200339557,0.44038324808509294,0.5208205540772385
claude_ai,NG-OY,subregion,NG,coursework_share,147.0,595.0,0.24705882352941178,0.2140987160613177,0.2832641925943269
claude_ai,NG-OY,subregion,NG,success_rate,440.0,595.0,0.7394957983193278,0.7027718176671507,0.7731470229745149
claude_ai,NG-OY,subregion,NG,work_share,245.0,595.0,0.4117647058823529,0.3729081674581751,0.45175331230542193
claude_ai,NG-RI,subregion,NG,automation_share,459.0,943.0,0.4867444326617179,0.45496097820338827,0.5186354501749171
claude_ai,NG-RI,subregion,NG,coursework_share,213.0,970.0,0.21958762886597938,0.19467000303601625,0.24671759018242917
claude_ai,NG-RI,subregion,NG,success_rate,695.0,970.0,0.7164948453608248,0.6873206076978067,0.7439610298908935
claude_ai,NG-RI,subregion,NG,work_share,363.0,970.0,0.37422680412371134,0.3443249053855251,0.4051210003962776
claude_ai,NL,country,NL,automation_share,3873.0,10022.0,0.38644981041708243,0.37696158851840383,0.39602505032895235
claude_ai,NL,country,NL,coursework_share,793.0,10294.0,0.07703516611618419,0.07204038412098966,0.08234552136817615
claude_ai,NL,country,NL,success_rate,7445.0,10296.0,0.7230963480963482,0.7143709574184639,0.7316553193351514
claude_ai,NL,country,NL,work_share,4716.0,10294.0,0.45813095006800075,0.44852323594718835,0.4677699026072054
claude_ai,NL-FL,subregion,NL,automation_share,150.0,386.0,0.38860103626943004,0.34129960586893743,0.4380979750972807
claude_ai,NL-FL,subregion,NL,coursework_share,28.0,400.0,0.07,0.048871304519740505,0.09930956639598486
claude_ai,NL-FL,subregion,NL,success_rate,287.0,400.0,0.7175,0.6714715471495262,0.7593904541896126
claude_ai,NL-FL,subregion,NL,work_share,191.0,400.0,0.4775,0.4289965818287493,0.5264314869982364
claude_ai,NL-GE,subregion,NL,automation_share,274.0,712.0,0.3848314606741573,0.34980069270270975,0.4210983441791926
claude_ai,NL-GE,subregion,NL,coursework_share,62.0,729.0,0.0850480109739369,0.0669096316497376,0.10753679715561407
claude_ai,NL-GE,subregion,NL,success_rate,519.0,729.0,0.7119341563786008,0.6780162260227929,0.7436301433972837
claude_ai,NL-GE,subregion,NL,work_share,356.0,729.0,0.4883401920438957,0.45221006872822883,0.5245925581968802
claude_ai,NL-GR,subregion,NL,automation_share,110.0,243.0,0.45267489711934156,0.39131117094121526,0.5155116660522251
claude_ai,NL-GR,subregion,NL,coursework_share,25.0,251.0,0.099601593625498,0.06837714610821179,0.14289762221846644
claude_ai,NL-GR,subregion,NL,success_rate,178.0,251.0,0.7091633466135459,0.6501617782201246,0.7618588651913123
claude_ai,NL-GR,subregion,NL,work_share,111.0,251.0,0.44223107569721115,0.3821177606478465,0.5040860616480424
claude_ai,NL-LI,subregion,NL,automation_share,133.0,318.0,0.41823899371069184,0.36531467228811754,0.47311516400402126
claude_ai,NL-LI,subregion,NL,coursework_share,46.0,325.0,0.14153846153846153,0.10781846110355296,0.18363371526342734
claude_ai,NL-LI,subregion,NL,success_rate,235.0,325.0,0.7230769230769231,0.6720353601646528,0.768906418491089
claude_ai,NL-LI,subregion,NL,work_share,154.0,325.0,0.47384615384615386,0.4201826467848937,0.5281207308899504
claude_ai,NL-NB,subregion,NL,automation_share,384.0,938.0,0.4093816631130064,0.3783451164076441,0.44115744113494054
claude_ai,NL-NB,subregion,NL,coursework_share,74.0,960.0,0.07708333333333334,0.06184586275436799,0.09569205633939182
claude_ai,NL-NB,subregion,NL,success_rate,695.0,960.0,0.7239583333333334,0.6948289649844835,0.7513024325397569
claude_ai,NL-NB,subregion,NL,work_share,434.0,960.0,0.45208333333333334,0.4208527540872354,0.4836958771401364
claude_ai,NL-NH,subregion,NL,automation_share,1186.0,3172.0,0.3738965952080706,0.35722071617250606,0.3908775517008035
claude_ai,NL-NH,subregion,NL,coursework_share,230.0,3253.0,0.07070396557024285,0.06239226289020703,0.08002841854545135
claude_ai,NL-NH,subregion,NL,success_rate,2332.0,3254.0,0.7166564228641672,0.7009248115964438,0.7318770778508514
claude_ai,NL-NH,subregion,NL,work_share,1504.0,3253.0,0.46234245312019673,0.44526331538688657,0.47951042859869747
claude_ai,NL-OV,subregion,NL,automation_share,160.0,370.0,0.43243243243243246,0.3829015573524753,0.4833519575051543
claude_ai,NL-OV,subregion,NL,coursework_share,39.0,399.0,0.09774436090225563,0.07232766219640983,0.13083308386357997
claude_ai,NL-OV,subregion,NL,success_rate,276.0,399.0,0.6917293233082706,0.6447694403054267,0.7350324470865406
claude_ai,NL-OV,subregion,NL,work_share,170.0,399.0,0.42606516290726815,0.3784749644912673,0.47506548416150346
claude_ai,NL-UT,subregion,NL,automation_share,329.0,825.0,0.3987878787878788,0.3659183272754313,0.43259564692663577
claude_ai,NL-UT,subregion,NL,coursework_share,74.0,850.0,0.08705882352941176,0.06991551685434941,0.10791793609523749
claude_ai,NL-UT,subregion,NL,success_rate,629.0,850.0,0.74,0.7094785367371307,0.7683618495827675
claude_ai,NL-UT,subregion,NL,work_share,402.0,850.0,0.47294117647058825,0.439573825761237,0.5065520130360294
claude_ai,NL-ZH,subregion,NL,automation_share,1033.0,2743.0,0.3765949690120306,0.3586465902964764,0.394888524360299
claude_ai,NL-ZH,subregion,NL,coursework_share,197.0,2830.0,0.0696113074204947,0.06080658479316618,0.07958291333545187
claude_ai,NL-ZH,subregion,NL,success_rate,2077.0,2831.0,0.7336630166019075,0.7170707364895501,0.749622005708109
claude_ai,NL-ZH,subregion,NL,work_share,1252.0,2830.0,0.44240282685512367,0.42419394826139867,0.46076786470655273
claude_ai,NO,country,NO,automation_share,1026.0,2535.0,0.40473372781065087,0.3857841391471554,0.42397161717887927
claude_ai,NO,country,NO,coursework_share,271.0,2618.0,0.10351413292589763,0.09241991939029189,0.11577023214288995
claude_ai,NO,country,NO,success_rate,1881.0,2619.0,0.718213058419244,0.7006734960200454,0.735113400146311
claude_ai,NO,country,NO,work_share,1110.0,2618.0,0.4239877769289534,0.4051821249504832,0.4430161796305411
claude_ai,NO-03,subregion,NO,automation_share,518.0,1304.0,0.39723926380368096,0.3710191751182496,0.42406304278948476
claude_ai,NO-03,subregion,NO,coursework_share,120.0,1353.0,0.08869179600886919,0.07468411326912469,0.10502853705055891
claude_ai,NO-03,subregion,NO,success_rate,948.0,1354.0,0.7001477104874446,0.6752035006243435,0.72395940615359
claude_ai,NO-03,subregion,NO,work_share,594.0,1353.0,0.43902439024390244,0.412790149372597,0.4656039093001324
claude_ai,NO-11,subregion,NO,coursework_share,25.0,204.0,0.12254901960784313,0.08440133225416799,0.17464979129376465
claude_ai,NO-11,subregion,NO,success_rate,143.0,204.0,0.7009803921568627,0.6349115575344515,0.7596196623945715
claude_ai,NO-11,subregion,NO,work_share,74.0,204.0,0.3627450980392157,0.2998675187050014,0.43069652622151955
claude_ai,NO-30,subregion,NO,automation_share,95.0,211.0,0.45023696682464454,0.3845927173274638,0.5176608499518713
claude_ai,NO-30,subregion,NO,coursework_share,21.0,233.0,0.09012875536480687,0.05970484699427369,0.13384898814279683
claude_ai,NO-30,subregion,NO,success_rate,164.0,233.0,0.703862660944206,0.6423163327574881,0.7587956340591523
claude_ai,NO-30,subregion,NO,work_share,99.0,233.0,0.4248927038626609,0.3631425838800273,0.4890793230822631
claude_ai,NO-46,subregion,NO,automation_share,79.0,217.0,0.3640552995391705,0.3029147468290127,0.42992544270049626
claude_ai,NO-46,subregion,NO,coursework_share,17.0,223.0,0.07623318385650224,0.04813785931015697,0.11868163058940291
claude_ai,NO-46,subregion,NO,success_rate,168.0,223.0,0.7533632286995515,0.6928134008784431,0.8053315601868994
claude_ai,NO-46,subregion,NO,work_share,90.0,223.0,0.40358744394618834,0.34135285623361467,0.46908755681231695
claude_ai,NO-50,subregion,NO,automation_share,96.0,232.0,0.41379310344827586,0.35232328994670414,0.4780713478101632
claude_ai,NO-50,subregion,NO,coursework_share,61.0,248.0,0.24596774193548387,0.19651223452365502,0.30317328208678584
claude_ai,NO-50,subregion,NO,success_rate,194.0,248.0,0.782258064516129,0.7267981827715545,0.8291067987724002
claude_ai,NO-50,subregion,NO,work_share,93.0,248.0,0.375,0.3170836847597071,0.43672982341368444
claude_ai,NP,country,NP,automation_share,770.0,1550.0,0.4967741935483871,0.4719214496434095,0.5216428879312828
claude_ai,NP,country,NP,coursework_share,419.0,1583.0,0.26468730259001894,0.24354289607300666,0.28697105062463474
claude_ai,NP,country,NP,success_rate,1105.0,1584.0,0.69760101010101,0.6745263203736032,0.7197195540259592
claude_ai,NP,country,NP,work_share,673.0,1583.0,0.425142135186355,0.40099859452867453,0.449648124085206
claude_ai,NP-P3,subregion,NP,automation_share,711.0,1428.0,0.49789915966386555,0.4720062870359752,0.5238033053099937
claude_ai,NP-P3,subregion,NP,coursework_share,389.0,1456.0,0.26717032967032966,0.24507616974184435,0.2904898807118487
claude_ai,NP-P3,subregion,NP,success_rate,1019.0,1457.0,0.699382292381606,0.6753385295698519,0.7223774171830335
claude_ai,NP-P3,subregion,NP,work_share,624.0,1456.0,0.42857142857142855,0.40337260998010527,0.45414617835967075
claude_ai,NZ,country,NZ,automation_share,1087.0,2673.0,0.4066591844369622,0.3881841248369241,0.42540215535238557
claude_ai,NZ,country,NZ,coursework_share,161.0,2738.0,0.05880204528853177,0.05059268176560434,0.0682477355655792
claude_ai,NZ,country,NZ,success_rate,1990.0,2739.0,0.7265425337714494,0.7095408757292798,0.7429096048234434
claude_ai,NZ,country,NZ,work_share,1197.0,2738.0,0.4371804236669102,0.4187008852238771,0.45583599538950337
claude_ai,NZ-AUK,subregion,NZ,automation_share,743.0,1781.0,0.4171813587871982,0.3944826392477966,0.44023658737713195
claude_ai,NZ-AUK,subregion,NZ,coursework_share,110.0,1822.0,0.06037321624588365,0.05033403710683574,0.07226235898798432
claude_ai,NZ-AUK,subregion,NZ,success_rate,1306.0,1823.0,0.7164015359297861,0.6952716859653365,0.736621259761321
claude_ai,NZ-AUK,subregion,NZ,work_share,822.0,1822.0,0.45115257958287597,0.4284300570811596,0.4740806535960426
claude_ai,NZ-CAN,subregion,NZ,automation_share,85.0,217.0,0.391705069124424,0.3291811335582157,0.4579966445415626
claude_ai,NZ-CAN,subregion,NZ,coursework_share,0.0,224.0,0.0,9.745569067502656e-19,0.01686083665142801
claude_ai,NZ-CAN,subregion,NZ,success_rate,179.0,235.0,0.7617021276595745,0.7032967841223546,0.8116888800165559
claude_ai,NZ-CAN,subregion,NZ,work_share,86.0,224.0,0.38392857142857145,0.3227043037796648,0.44906696187155953
claude_ai,NZ-WGN,subregion,NZ,automation_share,108.0,292.0,0.3698630136986301,0.3165140558533558,0.4265917142614623
claude_ai,NZ-WGN,subregion,NZ,coursework_share,15.0,303.0,0.04950495049504951,0.030226780802314612,0.08006334934952919
claude_ai,NZ-WGN,subregion,NZ,success_rate,228.0,303.0,0.7524752475247525,0.7009212746544886,0.7977073337219505
claude_ai,NZ-WGN,subregion,NZ,work_share,128.0,303.0,0.42244224422442245,0.36813588602523806,0.4786906198983395
claude_ai,OM,country,OM,automation_share,180.0,346.0,0.5202312138728323,0.46765643152763675,0.5723616795260515
claude_ai,OM,country,OM,coursework_share,53.0,359.0,0.14763231197771587,0.11467211286952331,0.18805392515919225
claude_ai,OM,country,OM,success_rate,243.0,359.0,0.6768802228412256,0.6268500061748736,0.7231649865933205
claude_ai,OM,country,OM,work_share,174.0,359.0,0.48467966573816157,0.43341788461913044,0.5362658561647268
claude_ai,OM-MA,subregion,OM,automation_share,172.0,331.0,0.5196374622356495,0.4658972281657192,0.5729270995163848
claude_ai,OM-MA,subregion,OM,coursework_share,47.0,344.0,0.13662790697674418,0.10432469468832488,0.17695736013203012
claude_ai,OM-MA,subregion,OM,success_rate,232.0,344.0,0.6744186046511628,0.6232099032326466,0.721774710453583
claude_ai,OM-MA,subregion,OM,work_share,167.0,344.0,0.48546511627906974,0.4331021281058922,0.538149154086922
claude_ai,PA,country,PA,automation_share,266.0,539.0,0.4935064935064935,0.4514940083150008,0.535610885635647
claude_ai,PA,country,PA,coursework_share,79.0,558.0,0.14157706093189965,0.11509700956299504,0.17295855627620235
claude_ai,PA,country,PA,success_rate,382.0,559.0,0.6833631484794276,0.6436613342641926,0.7205619214439855
claude_ai,PA,country,PA,work_share,262.0,558.0,0.46953405017921146,0.4284740253043475,0.5110106977919844
claude_ai,PA-8,subregion,PA,automation_share,203.0,426.0,0.4765258215962441,0.4295187685709577,0.5239524636224828
claude_ai,PA-8,subregion,PA,coursework_share,54.0,443.0,0.12189616252821671,0.09463791441069214,0.15565570194015793
claude_ai,PA-8,subregion,PA,success_rate,302.0,444.0,0.6801801801801802,0.6354094555632949,0.7218597217529703
claude_ai,PA-8,subregion,PA,work_share,208.0,443.0,0.46952595936794583,0.42351277293587136,0.5160631304715105
claude_ai,PE,country,PE,automation_share,1530.0,3284.0,0.4658952496954933,0.44888373260478803,0.4829864645482622
claude_ai,PE,country,PE,coursework_share,702.0,3354.0,0.20930232558139536,0.19587089153335385,0.22339891559513006
claude_ai,PE,country,PE,success_rate,2414.0,3354.0,0.7197376267143709,0.704292833365158,0.7346796303746442
claude_ai,PE,country,PE,work_share,1535.0,3354.0,0.4576624925462135,0.44085955839564034,0.4745623006938414
claude_ai,PE-LMA,subregion,PE,automation_share,1071.0,2287.0,0.46829908176650636,0.447918149099361,0.4887863354010078
claude_ai,PE-LMA,subregion,PE,coursework_share,418.0,2336.0,0.17893835616438356,0.1639254307899265,0.1950055327419638
claude_ai,PE-LMA,subregion,PE,success_rate,1682.0,2336.0,0.7200342465753424,0.7014769247144522,0.7378690549450255
claude_ai,PE-LMA,subregion,PE,work_share,1101.0,2336.0,0.4713184931506849,0.45113919572757555,0.49159197034794
claude_ai,PH,country,PH,automation_share,4246.0,9013.0,0.4710973038943748,0.4608064123281385,0.48141282328536056
claude_ai,PH,country,PH,coursework_share,2693.0,9277.0,0.2902878085588013,0.2811396098561474,0.29960961874829295
claude_ai,PH,country,PH,success_rate,6806.0,9281.0,0.733326150199332,0.7242339598532885,0.7422252633175193
claude_ai,PH,country,PH,work_share,3657.0,9277.0,0.3942007114368869,0.38430214011674574,0.40418686932825976
claude_ai,PH-00,subregion,PH,automation_share,2334.0,5126.0,0.4553257900897386,0.44173115727004963,0.4689873335309139
claude_ai,PH-00,subregion,PH,coursework_share,1425.0,5268.0,0.270501138952164,0.2586757576202007,0.28266099271008244
claude_ai,PH-00,subregion,PH,success_rate,3900.0,5271.0,0.7398975526465567,0.7278827030956129,0.7515629735290653
claude_ai,PH-00,subregion,PH,work_share,2148.0,5268.0,0.40774487471526194,0.39454643266513884,0.4210777697008807
claude_ai,PH-03,subregion,PH,automation_share,224.0,404.0,0.5544554455445545,0.5057017935397632,0.6021832284883968
claude_ai,PH-03,subregion,PH,coursework_share,119.0,432.0,0.27546296296296297,0.2354529776364479,0.3194311821133327
claude_ai,PH-03,subregion,PH,success_rate,311.0,433.0,0.7182448036951501,0.6740961154864796,0.7585549873388922
claude_ai,PH-03,subregion,PH,work_share,181.0,432.0,0.41898148148148145,0.37336842968605227,0.46602276197623976
claude_ai,PH-07,subregion,PH,automation_share,375.0,810.0,0.46296296296296297,0.4288793937893811,0.4973961861269072
claude_ai,PH-07,subregion,PH,coursework_share,264.0,831.0,0.3176895306859206,0.286934809342626,0.35012208863658345
claude_ai,PH-07,subregion,PH,success_rate,621.0,831.0,0.7472924187725631,0.7166538162690491,0.7756551438977658
claude_ai,PH-07,subregion,PH,work_share,309.0,831.0,0.37184115523465705,0.3396411666844283,0.40522061308313484
claude_ai,PH-11,subregion,PH,automation_share,282.0,534.0,0.5280898876404494,0.48569849158303763,0.570080012720088
claude_ai,PH-11,subregion,PH,coursework_share,189.0,564.0,0.3351063829787234,0.29738104896958273,0.3750628156574542
claude_ai,PH-11,subregion,PH,success_rate,392.0,564.0,0.6950354609929078,0.6558251655883307,0.7316068224872171
claude_ai,PH-11,subregion,PH,work_share,196.0,564.0,0.3475177304964539,0.309369181779799,0.3877294457247728
claude_ai,PH-40,subregion,PH,automation_share,507.0,1047.0,0.48424068767908307,0.45408192119891666,0.5145146779459974
claude_ai,PH-40,subregion,PH,coursework_share,325.0,1088.0,0.29871323529411764,0.2722633768174086,0.3265795322639087
claude_ai,PH-40,subregion,PH,success_rate,788.0,1088.0,0.7242647058823529,0.6969562562159828,0.7499950231637368
claude_ai,PH-40,subregion,PH,work_share,422.0,1088.0,0.38786764705882354,0.35935663563627,0.4171677246738702
claude_ai,PK,country,PK,automation_share,4436.0,8458.0,0.5244738708914637,0.5138219917514185,0.5351035281968632
claude_ai,PK,country,PK,coursework_share,1363.0,8695.0,0.15675675675675677,0.14926645749784753,0.1645502235646057
claude_ai,PK,country,PK,success_rate,5931.0,8699.0,0.6818025060351764,0.6719359710878825,0.6915085388064491
claude_ai,PK,country,PK,work_share,4441.0,8695.0,0.5107533064979873,0.5002435844342598,0.521253530767838
claude_ai,PK-IS,subregion,PK,automation_share,442.0,838.0,0.5274463007159904,0.4935955397217942,0.5610465687223596
claude_ai,PK-IS,subregion,PK,coursework_share,156.0,867.0,0.17993079584775087,0.15579052418131215,0.20689495156996116
claude_ai,PK-IS,subregion,PK,success_rate,600.0,867.0,0.6920415224913494,0.6605207856461552,0.7218679289030808
claude_ai,PK-IS,subregion,PK,work_share,439.0,867.0,0.5063437139561707,0.47310933761331536,0.5395221214258487
claude_ai,PK-KP,subregion,PK,automation_share,234.0,480.0,0.4875,0.44306031609678864,0.5321381786171838
claude_ai,PK-KP,subregion,PK,coursework_share,105.0,496.0,0.21169354838709678,0.17802784062454294,0.2497908923500634
claude_ai,PK-KP,subregion,PK,success_rate,340.0,496.0,0.6854838709677419,0.6433272122168637,0.7247894071281447
claude_ai,PK-KP,subregion,PK,work_share,206.0,496.0,0.4153225806451613,0.3727677765451621,0.4591789841886384
claude_ai,PK-PB,subregion,PK,automation_share,2501.0,4620.0,0.5413419913419913,0.5269449401473886,0.5556703466738555
claude_ai,PK-PB,subregion,PK,coursework_share,689.0,4745.0,0.14520547945205478,0.13546799336751317,0.15551699126537077
claude_ai,PK-PB,subregion,PK,success_rate,3209.0,4749.0,0.6757212044640977,0.6622701196802204,0.6888882273600008
claude_ai,PK-PB,subregion,PK,work_share,2476.0,4745.0,0.5218124341412013,0.5075872479317411,0.5360023297875914
claude_ai,PK-SD,subregion,PK,automation_share,1233.0,2461.0,0.5010158472165787,0.48127501278994306,0.5207535151284433
claude_ai,PK-SD,subregion,PK,coursework_share,404.0,2541.0,0.15899252262888627,0.1452905931149481,0.17372399702692945
claude_ai,PK-SD,subregion,PK,success_rate,1752.0,2541.0,0.6894923258559622,0.671226611966848,0.7071859383466961
claude_ai,PK-SD,subregion,PK,work_share,1295.0,2541.0,0.509641873278237,0.4902043743538467,0.5290502621626265
claude_ai,PL,country,PL,automation_share,3782.0,9069.0,0.41702503032307864,0.40691420616930934,0.42720612058697394
claude_ai,PL,country,PL,coursework_share,769.0,9308.0,0.08261710356682424,0.07719488351105488,0.08838370622784274
claude_ai,PL,country,PL,success_rate,6814.0,9310.0,0.7319011815252416,0.722808693933493,0.7408023685522594
claude_ai,PL,country,PL,work_share,4200.0,9308.0,0.45122475290073055,0.4411376286406246,0.46135212161457734
claude_ai,PL-02,subregion,PL,automation_share,223.0,498.0,0.44779116465863456,0.40468168345168354,0.4916999636656539
claude_ai,PL-02,subregion,PL,coursework_share,31.0,507.0,0.0611439842209073,0.04340646012631686,0.08548202507144306
claude_ai,PL-02,subregion,PL,success_rate,381.0,507.0,0.7514792899408284,0.7120644858926103,0.7871117753985609
claude_ai,PL-02,subregion,PL,work_share,252.0,507.0,0.4970414201183432,0.45370505400681127,0.5404222840956455
claude_ai,PL-06,subregion,PL,automation_share,78.0,319.0,0.2445141065830721,0.2005715617373808,0.2945368753413599
claude_ai,PL-06,subregion,PL,coursework_share,45.0,339.0,0.13274336283185842,0.10070742308187579,0.17300965209219873
claude_ai,PL-06,subregion,PL,success_rate,246.0,339.0,0.7256637168141593,0.6758373998349014,0.7704328310822336
claude_ai,PL-06,subregion,PL,work_share,229.0,339.0,0.6755162241887905,0.6239513938067066,0.7231476746843982
claude_ai,PL-10,subregion,PL,automation_share,132.0,295.0,0.44745762711864406,0.39175300685902514,0.5045131087018606
claude_ai,PL-10,subregion,PL,coursework_share,19.0,318.0,0.059748427672955975,0.03858032416299854,0.09142648664082544
claude_ai,PL-10,subregion,PL,success_rate,221.0,318.0,0.6949685534591195,0.6422850104139642,0.742997687658628
claude_ai,PL-10,subregion,PL,work_share,141.0,318.0,0.44339622641509435,0.38979213395632256,0.498351598861312
claude_ai,PL-12,subregion,PL,automation_share,209.0,488.0,0.42827868852459017,0.3851033382468284,0.4725744181690583
claude_ai,PL-12,subregion,PL,coursework_share,35.0,493.0,0.07099391480730223,0.051486449108387865,0.09713556643942454
claude_ai,PL-12,subregion,PL,success_rate,349.0,493.0,0.7079107505070994,0.6662861458552786,0.7463202059477909
claude_ai,PL-12,subregion,PL,work_share,235.0,493.0,0.4766734279918864,0.43293527748957106,0.5207723025520358
claude_ai,PL-14,subregion,PL,automation_share,2077.0,5024.0,0.4134156050955414,0.3998695370732325,0.42709398540528
claude_ai,PL-14,subregion,PL,coursework_share,419.0,5166.0,0.081107239643825,0.07397017420804135,0.08886684578885759
claude_ai,PL-14,subregion,PL,success_rate,3826.0,5167.0,0.7404683568802013,0.7283395807568884,0.75223982821205
claude_ai,PL-14,subregion,PL,work_share,2263.0,5166.0,0.43805652342237705,0.42457773644480046,0.45162736817581306
claude_ai,PL-18,subregion,PL,coursework_share,23.0,214.0,0.10747663551401869,0.07269088175986824,0.15610655637866913
claude_ai,PL-18,subregion,PL,success_rate,153.0,214.0,0.7149532710280374,0.6510938013474522,0.7712314111004918
claude_ai,PL-18,subregion,PL,work_share,92.0,214.0,0.42990654205607476,0.36538858425907084,0.49689667255138226
claude_ai,PL-22,subregion,PL,automation_share,227.0,516.0,0.43992248062015504,0.39769315194813354,0.48303974822761236
claude_ai,PL-22,subregion,PL,coursework_share,32.0,539.0,0.059369202226345084,0.04236470307637505,0.08261024357472907
claude_ai,PL-22,subregion,PL,success_rate,383.0,539.0,0.7105751391465677,0.6709060251754316,0.7472638424249881
claude_ai,PL-22,subregion,PL,work_share,246.0,539.0,0.45640074211502785,0.4148064059186869,0.49861216774994876
claude_ai,PL-24,subregion,PL,automation_share,223.0,534.0,0.41760299625468167,0.3765080884917841,0.45987496555238067
claude_ai,PL-24,subregion,PL,coursework_share,45.0,544.0,0.08272058823529412,0.062395067024430616,0.10889824111427227
claude_ai,PL-24,subregion,PL,success_rate,394.0,544.0,0.7242647058823529,0.6852373869337601,0.7601468263132807
claude_ai,PL-24,subregion,PL,work_share,228.0,544.0,0.41911764705882354,0.37836279384443783,0.4610068341648263
claude_ai,PL-30,subregion,PL,automation_share,288.0,668.0,0.4311377245508982,0.394080929101186,0.46898203097749924
claude_ai,PL-30,subregion,PL,coursework_share,63.0,683.0,0.09224011713030747,0.07276013655755051,0.11628141246918287
claude_ai,PL-30,subregion,PL,success_rate,492.0,684.0,0.7192982456140351,0.6844704992507115,0.751676427599889
claude_ai,PL-30,subregion,PL,work_share,297.0,683.0,0.43484626647144947,0.3981340781317268,0.472287282484753
claude_ai,PR,country,PR,automation_share,250.0,567.0,0.4409171075837742,0.40058273739607425,0.48204669956156876
claude_ai,PR,country,PR,coursework_share,81.0,587.0,0.13798977853492334,0.11243415715139707,0.16825291701535083
claude_ai,PR,country,PR,success_rate,427.0,587.0,0.727427597955707,0.6900133283777843,0.7618844391456941
claude_ai,PR,country,PR,work_share,254.0,587.0,0.43270868824531517,0.3931933889113017,0.47309903193381153
claude_ai,PS,country,PS,automation_share,117.0,241.0,0.4854771784232365,0.4231009006171255,0.548309186557603
claude_ai,PS,country,PS,coursework_share,56.0,259.0,0.21621621621621623,0.17042323845647203,0.27030456110037127
claude_ai,PS,country,PS,success_rate,179.0,259.0,0.6911196911196911,0.6323991454504507,0.7442535609704507
claude_ai,PS,country,PS,work_share,125.0,259.0,0.4826254826254826,0.42246780009873647,0.5432910447720906
claude_ai,PT,country,PT,automation_share,1820.0,4297.0,0.42355131487084013,0.4088517483178949,0.4383874524934069
claude_ai,PT,country,PT,coursework_share,417.0,4403.0,0.09470815353168294,0.0864089390988404,0.10371398249652623
claude_ai,PT,country,PT,success_rate,3120.0,4406.0,0.7081252837040399,0.6945244407496773,0.7213635131396415
claude_ai,PT,country,PT,work_share,2037.0,4403.0,0.4626391096979332,0.44795032935848916,0.4773930276616498
claude_ai,PT-03,subregion,PT,automation_share,97.0,202.0,0.4801980198019802,0.4123140689056256,0.5488210952205763
claude_ai,PT-03,subregion,PT,coursework_share,23.0,212.0,0.10849056603773585,0.07338728711847223,0.15753020052061126
claude_ai,PT-03,subregion,PT,success_rate,156.0,212.0,0.7358490566037735,0.6726839360638275,0.7906187822258814
claude_ai,PT-03,subregion,PT,work_share,130.0,212.0,0.6132075471698113,0.5461886693458037,0.6761966354332566
claude_ai,PT-11,subregion,PT,automation_share,897.0,2231.0,0.4020618556701031,0.3819009198517698,0.4225594947028902
claude_ai,PT-11,subregion,PT,coursework_share,196.0,2292.0,0.08551483420593368,0.07474821987413822,0.0976685531297136
claude_ai,PT-11,subregion,PT,success_rate,1641.0,2295.0,0.7150326797385621,0.6962170503038184,0.7331296258656053
claude_ai,PT-11,subregion,PT,work_share,1062.0,2292.0,0.46335078534031415,0.44301412466830925,0.48381009526045243
claude_ai,PT-13,subregion,PT,automation_share,433.0,961.0,0.4505723204994797,0.419373135889687,0.48216510624249304
claude_ai,PT-13,subregion,PT,coursework_share,102.0,985.0,0.10355329949238579,0.08604059897802478,0.12414635108556478
claude_ai,PT-13,subregion,PT,success_rate,686.0,985.0,0.6964467005076143,0.6670148103887302,0.7243522194773272
claude_ai,PT-13,subregion,PT,work_share,433.0,985.0,0.43959390862944164,0.4088912797153965,0.47076588681157805
claude_ai,PT-15,subregion,PT,coursework_share,20.0,201.0,0.09950248756218906,0.06533842125021783,0.1486884170482528
claude_ai,PT-15,subregion,PT,success_rate,126.0,201.0,0.6268656716417911,0.5582118688949078,0.6907609959919121
claude_ai,PT-15,subregion,PT,work_share,98.0,201.0,0.48756218905472637,0.4193436110474526,0.5562472845518788
claude_ai,PY,country,PY,automation_share,239.0,505.0,0.47326732673267324,0.4300863225275767,0.5168519781145091
claude_ai,PY,country,PY,coursework_share,30.0,515.0,0.05825242718446602,0.04110544949069437,0.08194096775880916
claude_ai,PY,country,PY,success_rate,379.0,515.0,0.7359223300970874,0.6962020288409737,0.7721490054631376
claude_ai,PY,country,PY,work_share,265.0,515.0,0.5145631067961165,0.47144960530315544,0.5574609523699379
claude_ai,PY-ASU,subregion,PY,automation_share,169.0,354.0,0.4774011299435028,0.4258900419334254,0.5293974372193618
claude_ai,PY-ASU,subregion,PY,coursework_share,18.0,375.0,0.048,0.030574748715893343,0.07459216009243182
claude_ai,PY-ASU,subregion,PY,success_rate,273.0,375.0,0.728,0.6808181354928172,0.7705578485596204
claude_ai,PY-ASU,subregion,PY,work_share,194.0,375.0,0.5173333333333333,0.4668377819297627,0.5674773513607735
claude_ai,QA,country,QA,automation_share,280.0,620.0,0.45161290322580644,0.41285751629474327,0.49096422306986465
claude_ai,QA,country,QA,coursework_share,95.0,634.0,0.1498422712933754,0.12417187867291381,0.17973053220778135
claude_ai,QA,country,QA,success_rate,425.0,634.0,0.6703470031545742,0.6328246651569348,0.7058174052254297
claude_ai,QA,country,QA,work_share,283.0,634.0,0.44637223974763407,0.40811432661269503,0.48527613271137543
claude_ai,QA-DA,subregion,QA,automation_share,241.0,531.0,0.4538606403013183,0.41199618167330937,0.4963879081207531
claude_ai,QA-DA,subregion,QA,coursework_share,82.0,545.0,0.15045871559633028,0.12289424977007912,0.1829163884905775
claude_ai,QA-DA,subregion,QA,success_rate,361.0,545.0,0.6623853211009174,0.6216685346083454,0.7008288854122945
claude_ai,QA-DA,subregion,QA,work_share,239.0,545.0,0.43853211009174314,0.39744601423820836,0.4804786911777077
claude_ai,RE,country,RE,automation_share,151.0,331.0,0.4561933534743202,0.4033437375749948,0.5100481468264655
claude_ai,RE,country,RE,coursework_share,57.0,340.0,0.1676470588235294,0.1317014065936685,0.21101919498566335
claude_ai,RE,country,RE,success_rate,248.0,340.0,0.7294117647058823,0.6798198667891238,0.7738774170764701
claude_ai,RE,country,RE,work_share,146.0,340.0,0.4294117647058823,0.37787357054527654,0.4825272651883869
claude_ai,RO,country,RO,automation_share,1682.0,3714.0,0.45288099084544964,0.43692873494901496,0.46893062172718125
claude_ai,RO,country,RO,coursework_share,418.0,3831.0,0.10910989297833464,0.09962576597022868,0.1193771779844838
claude_ai,RO,country,RO,success_rate,2637.0,3833.0,0.6879728672058439,0.6731228793043135,0.7024464431300553
claude_ai,RO,country,RO,work_share,1651.0,3831.0,0.4309579744192117,0.4153532689978428,0.44670100724657885
claude_ai,RO-B,subregion,RO,automation_share,701.0,1532.0,0.4575718015665796,0.43276139762130583,0.4825944567845131
claude_ai,RO-B,subregion,RO,coursework_share,147.0,1574.0,0.09339263024142312,0.07999063659857245,0.10877457278619726
claude_ai,RO-B,subregion,RO,success_rate,1091.0,1575.0,0.6926984126984127,0.6694663370810673,0.7149927498849719
claude_ai,RO-B,subregion,RO,work_share,707.0,1574.0,0.4491740787801779,0.4247538778259738,0.4738417733471224
claude_ai,RO-CJ,subregion,RO,automation_share,161.0,340.0,0.47352941176470587,0.42104821538706116,0.5266020980130627
claude_ai,RO-CJ,subregion,RO,coursework_share,38.0,346.0,0.10982658959537572,0.08106703919442837,0.14715510477015445
claude_ai,RO-CJ,subregion,RO,success_rate,244.0,347.0,0.7031700288184438,0.6530874111426269,0.7488033566568586
claude_ai,RO-CJ,subregion,RO,work_share,168.0,346.0,0.48554913294797686,0.4333344037103201,0.5380812312513311
claude_ai,RO-IS,subregion,RO,coursework_share,27.0,202.0,0.13366336633663367,0.0935124062035092,0.18748813013122584
claude_ai,RO-IS,subregion,RO,success_rate,140.0,202.0,0.693069306930693,0.6263547976515438,0.7525773521179879
claude_ai,RO-IS,subregion,RO,work_share,85.0,202.0,0.4207920792079208,0.3548105644397384,0.4897300920650692
claude_ai,RO-TM,subregion,RO,coursework_share,29.0,200.0,0.145,0.1028928513530641,0.20048781284894374
claude_ai,RO-TM,subregion,RO,success_rate,132.0,200.0,0.66,0.5918836703220929,0.7220856077840445
claude_ai,RO-TM,subregion,RO,work_share,90.0,200.0,0.45,0.3826394863375431,0.519245114254289
claude_ai,RS,country,RS,automation_share,674.0,1585.0,0.4252365930599369,0.4011072101805339,0.44972751116613774
claude_ai,RS,country,RS,coursework_share,169.0,1643.0,0.10286062081558126,0.08908596871344411,0.11848809305424504
claude_ai,RS,country,RS,success_rate,1194.0,1643.0,0.7267194157029824,0.7046602995899137,0.7477207915848538
claude_ai,RS,country,RS,work_share,780.0,1643.0,0.47474132684114423,0.4506819537314924,0.49891854215105025
claude_ai,RS-00,subregion,RS,automation_share,330.0,808.0,0.4084158415841584,0.37503372694244386,0.44266470092821464
claude_ai,RS-00,subregion,RS,coursework_share,68.0,837.0,0.08124253285543608,0.06459011333064633,0.1017213536567149
claude_ai,RS-00,subregion,RS,success_rate,612.0,837.0,0.7311827956989247,0.7001411616375783,0.7601119942481438
claude_ai,RS-00,subregion,RS,work_share,403.0,837.0,0.48148148148148145,0.44779288362899583,0.5153392925145251
claude_ai,RS-VO,subregion,RS,automation_share,211.0,513.0,0.41130604288499023,0.36953684667061387,0.45439373476865114
claude_ai,RS-VO,subregion,RS,coursework_share,73.0,534.0,0.13670411985018727,0.11014976856484086,0.16844824244806703
claude_ai,RS-VO,subregion,RS,success_rate,388.0,534.0,0.7265917602996255,0.6872699102513091,0.762676691127238
claude_ai,RS-VO,subregion,RS,work_share,244.0,534.0,0.45692883895131087,0.415135410742656,0.49933754932588476
claude_ai,RW,country,RW,automation_share,269.0,490.0,0.5489795918367347,0.504709668625506,0.5924874893295952
claude_ai,RW,country,RW,coursework_share,150.0,504.0,0.2976190476190476,0.2593548104122541,0.3389451319319729
claude_ai,RW,country,RW,success_rate,337.0,504.0,0.6686507936507936,0.6264163999300211,0.7083336481164563
claude_ai,RW,country,RW,work_share,231.0,504.0,0.4583333333333333,0.41531138833987863,0.5019856586133445
claude_ai,RW-01,subregion,RW,automation_share,265.0,481.0,0.5509355509355509,0.5062548937372391,0.5948090413706393
claude_ai,RW-01,subregion,RW,coursework_share,145.0,495.0,0.29292929292929293,0.25455401468470895,0.3344938915043499
claude_ai,RW-01,subregion,RW,success_rate,329.0,495.0,0.6646464646464646,0.6219284879754344,0.704828542713265
claude_ai,RW-01,subregion,RW,work_share,228.0,495.0,0.46060606060606063,0.41716699142872143,0.5046518785291971
claude_ai,SA,country,SA,automation_share,1673.0,3570.0,0.46862745098039216,0.45230044076428894,0.48502190726590916
claude_ai,SA,country,SA,coursework_share,461.0,3697.0,0.1246956992155802,0.11443399836760303,0.13573655743246146
claude_ai,SA,country,SA,success_rate,2379.0,3698.0,0.643320713899405,0.627740059592866,0.658603904989519
claude_ai,SA,country,SA,work_share,1814.0,3697.0,0.4906681092777928,0.47457133039831734,0.5067842617999546
claude_ai,SA-01,subregion,SA,automation_share,889.0,1932.0,0.4601449275362319,0.4380211118191334,0.4824269248384113
claude_ai,SA-01,subregion,SA,coursework_share,211.0,2004.0,0.10528942115768464,0.0925980653550155,0.11949117515080927
claude_ai,SA-01,subregion,SA,success_rate,1272.0,2004.0,0.6347305389221557,0.6134095155042001,0.6555360029072126
claude_ai,SA-01,subregion,SA,work_share,1103.0,2004.0,0.5503992015968064,0.5285433162420106,0.5720622295341105
claude_ai,SA-02,subregion,SA,automation_share,450.0,917.0,0.49073064340239914,0.4584799653936217,0.5230586618795163
claude_ai,SA-02,subregion,SA,coursework_share,138.0,950.0,0.14526315789473684,0.12428420402161641,0.16909951922970753
claude_ai,SA-02,subregion,SA,success_rate,604.0,951.0,0.6351209253417456,0.6040377959349986,0.6651167947321864
claude_ai,SA-02,subregion,SA,work_share,403.0,950.0,0.4242105263157895,0.3931496278135679,0.45588190949828766
claude_ai,SA-04,subregion,SA,automation_share,233.0,498.0,0.4678714859437751,0.4244607013463976,0.5117741584181178
claude_ai,SA-04,subregion,SA,coursework_share,69.0,511.0,0.1350293542074364,0.10810611305372442,0.1673992074176594
claude_ai,SA-04,subregion,SA,success_rate,342.0,511.0,0.6692759295499021,0.627353118325622,0.708672564136712
claude_ai,SA-04,subregion,SA,work_share,231.0,511.0,0.4520547945205479,0.409419483837117,0.495405611881644
claude_ai,SC-27,subregion,SC,automation_share,10510.0,10628.0,0.9888972525404591,0.9867209952109345,0.9907202036872884
claude_ai,SC-27,subregion,SC,coursework_share,429.0,10675.0,0.04018735362997658,0.03662404699419981,0.04408148571077073
claude_ai,SC-27,subregion,SC,success_rate,6243.0,10675.0,0.584824355971897,0.5754478585936422,0.5941398240254164
claude_ai,SC-27,subregion,SC,work_share,10171.0,10675.0,0.9527868852459016,0.9485979520733138,0.9566500478595629
claude_ai,SE,country,SE,automation_share,1852.0,4753.0,0.3896486429623396,0.3758787508932026,0.4035967733706283
claude_ai,SE,country,SE,coursework_share,476.0,4882.0,0.09750102417042196,0.08949356739247602,0.1061414282242464
claude_ai,SE,country,SE,success_rate,3499.0,4885.0,0.716274309109519,0.7034662750225886,0.7287424510690892
claude_ai,SE,country,SE,work_share,2041.0,4882.0,0.41806636624334287,0.40429988855284277,0.4319616881630296
claude_ai,SE-AB,subregion,SE,automation_share,878.0,2306.0,0.38074588031222895,0.36114086029019854,0.40074757396434074
claude_ai,SE-AB,subregion,SE,coursework_share,211.0,2370.0,0.0890295358649789,0.07821889038289138,0.1011703325543088
claude_ai,SE-AB,subregion,SE,success_rate,1703.0,2373.0,0.7176569742941424,0.699204916523306,0.7354054504443539
claude_ai,SE-AB,subregion,SE,work_share,995.0,2370.0,0.41983122362869196,0.4001066868104541,0.43981523552842466
claude_ai,SE-M,subregion,SE,automation_share,226.0,560.0,0.4035714285714286,0.3637266438844313,0.44473019931408414
claude_ai,SE-M,subregion,SE,coursework_share,56.0,586.0,0.09556313993174062,0.07432553977413969,0.1220688820502959
claude_ai,SE-M,subregion,SE,success_rate,430.0,586.0,0.7337883959044369,0.6965645620236065,0.7679669325335764
claude_ai,SE-M,subregion,SE,work_share,260.0,586.0,0.44368600682593856,0.40395646688257,0.4841490855233641
claude_ai,SE-O,subregion,SE,automation_share,306.0,760.0,0.4026315789473684,0.3683378371590034,0.4379047136525785
claude_ai,SE-O,subregion,SE,coursework_share,75.0,775.0,0.0967741935483871,0.07790412465107312,0.11962204755133621
claude_ai,SE-O,subregion,SE,success_rate,539.0,775.0,0.6954838709677419,0.6621846192654071,0.726854692450865
claude_ai,SE-O,subregion,SE,work_share,316.0,775.0,0.40774193548387094,0.3736812348886967,0.44271275331121457
claude_ai,SG,country,SG,automation_share,2131.0,5347.0,0.3985412380774266,0.3854953652342455,0.4117327941640817
claude_ai,SG,country,SG,coursework_share,1076.0,5491.0,0.19595702057912948,0.18567204460556558,0.2066671267365165
claude_ai,SG,country,SG,success_rate,3922.0,5499.0,0.7132205855610111,0.7011213409268121,0.7250221264773742
claude_ai,SG,country,SG,work_share,2216.0,5491.0,0.4035694773265343,0.39066440197829166,0.4166093873152887
claude_ai,SG-01,subregion,SG,automation_share,1650.0,4192.0,0.39360687022900764,0.37892121788132027,0.4084873439671538
claude_ai,SG-01,subregion,SG,coursework_share,786.0,4306.0,0.18253599628425451,0.17128271874049333,0.1943552202501183
claude_ai,SG-01,subregion,SG,success_rate,3110.0,4312.0,0.7212430426716141,0.7076670984147755,0.7344251229494192
claude_ai,SG-01,subregion,SG,work_share,1777.0,4306.0,0.41267998142127266,0.3980592268467463,0.4274564023123394
claude_ai,SG-02,subregion,SG,automation_share,157.0,348.0,0.4511494252873563,0.39968408998827715,0.503681515443258
claude_ai,SG-02,subregion,SG,coursework_share,84.0,357.0,0.23529411764705882,0.19425422478980356,0.281970246002921
claude_ai,SG-02,subregion,SG,success_rate,251.0,358.0,0.7011173184357542,0.6517663249317381,0.7461978671346245
claude_ai,SG-02,subregion,SG,work_share,138.0,357.0,0.3865546218487395,0.33750306886468234,0.4380217043321996
claude_ai,SG-04,subregion,SG,automation_share,126.0,345.0,0.3652173913043478,0.3161521068925592,0.4172512486705387
claude_ai,SG-04,subregion,SG,coursework_share,70.0,353.0,0.19830028328611898,0.16005091394781604,0.24304558601182985
claude_ai,SG-04,subregion,SG,success_rate,251.0,353.0,0.7110481586402266,0.6616906514419433,0.7558615622013092
claude_ai,SG-04,subregion,SG,work_share,148.0,353.0,0.4192634560906516,0.36892743927520405,0.4713378212773773
claude_ai,SG-05,subregion,SG,automation_share,137.0,316.0,0.43354430379746833,0.3800255701566438,0.4886594289178981
claude_ai,SG-05,subregion,SG,coursework_share,106.0,322.0,0.32919254658385094,0.2801423415201781,0.3822703154272466
claude_ai,SG-05,subregion,SG,success_rate,216.0,323.0,0.6687306501547987,0.6156814903860324,0.7178133890907539
claude_ai,SG-05,subregion,SG,work_share,102.0,322.0,0.3167701863354037,0.2683706496806921,0.3694902004992726
claude_ai,SI,country,SI,automation_share,322.0,741.0,0.43454790823211875,0.3992846338402778,0.4704863349133471
claude_ai,SI,country,SI,coursework_share,57.0,763.0,0.07470511140235911,0.05810531014530598,0.0955660608392624
claude_ai,SI,country,SI,success_rate,532.0,764.0,0.6963350785340314,0.6628122584062889,0.7278933246202103
claude_ai,SI,country,SI,work_share,355.0,763.0,0.46526867627785057,0.4301383166009977,0.5007470187798684
claude_ai,SI-061,subregion,SI,automation_share,228.0,491.0,0.46435845213849286,0.42069157294677195,0.5085787228408094
claude_ai,SI-061,subregion,SI,coursework_share,35.0,506.0,0.0691699604743083,0.05015244335312492,0.09467999087742823
claude_ai,SI-061,subregion,SI,success_rate,355.0,507.0,0.7001972386587771,0.6589311663892806,0.7384522886778085
claude_ai,SI-061,subregion,SI,work_share,239.0,506.0,0.4723320158102767,0.4292046202956945,0.5158763617191117
claude_ai,SK,country,SK,automation_share,458.0,1056.0,0.4337121212121212,0.40411443735358693,0.4637903514374928
claude_ai,SK,country,SK,coursework_share,99.0,1088.0,0.09099264705882353,0.07531175793945327,0.109551687454091
claude_ai,SK,country,SK,success_rate,782.0,1089.0,0.7180899908172635,0.690636250078654,0.7440104544391828
claude_ai,SK,country,SK,work_share,499.0,1088.0,0.4586397058823529,0.42922821745908063,0.48834224331105297
claude_ai,SK-BL,subregion,SK,automation_share,244.0,589.0,0.4142614601018676,0.3751601654083927,0.4544739223479322
claude_ai,SK-BL,subregion,SK,coursework_share,43.0,607.0,0.07084019769357495,0.05301506009433572,0.09406333142320336
claude_ai,SK-BL,subregion,SK,success_rate,444.0,607.0,0.7314662273476112,0.6948333887021575,0.7651876707672697
claude_ai,SK-BL,subregion,SK,work_share,293.0,607.0,0.4827018121911038,0.44318249206304855,0.522438709898311
claude_ai,SN,country,SN,automation_share,441.0,863.0,0.5110081112398609,0.47768177288806324,0.5442368798392632
claude_ai,SN,country,SN,coursework_share,310.0,892.0,0.3475336322869955,0.3169975904046617,0.37937730444282025
claude_ai,SN,country,SN,success_rate,629.0,892.0,0.7051569506726457,0.6744049833752177,0.73414938605795
claude_ai,SN,country,SN,work_share,338.0,892.0,0.3789237668161435,0.34767080624692936,0.41121513966136514
claude_ai,SN-DK,subregion,SN,automation_share,407.0,787.0,0.5171537484116899,0.482242558838505,0.5518982855480321
claude_ai,SN-DK,subregion,SN,coursework_share,273.0,814.0,0.3353808353808354,0.3037871996794298,0.3685209832254261
claude_ai,SN-DK,subregion,SN,success_rate,574.0,814.0,0.7051597051597052,0.6729305453944967,0.7354614953136307
claude_ai,SN-DK,subregion,SN,work_share,321.0,814.0,0.39434889434889436,0.36134702203406815,0.4283433043078543
claude_ai,SV,country,SV,automation_share,225.0,459.0,0.49019607843137253,0.4447338809525545,0.5358210216318285
claude_ai,SV,country,SV,coursework_share,107.0,474.0,0.22573839662447256,0.19039325404608243,0.2654933828645591
claude_ai,SV,country,SV,success_rate,332.0,475.0,0.6989473684210527,0.6562333646232932,0.7384691841945203
claude_ai,SV,country,SV,work_share,210.0,474.0,0.4430379746835443,0.39895385811898443,0.48803798185476416
claude_ai,SV-SS,subregion,SV,automation_share,194.0,390.0,0.49743589743589745,0.4480799369465286,0.5468418793369721
claude_ai,SV-SS,subregion,SV,coursework_share,81.0,404.0,0.2004950495049505,0.16435660449063455,0.24227577435448566
claude_ai,SV-SS,subregion,SV,success_rate,281.0,404.0,0.6955445544554455,0.6490030487549443,0.7384022576189027
claude_ai,SV-SS,subregion,SV,work_share,181.0,404.0,0.44801980198019803,0.4002432321384597,0.496775610471024
claude_ai,TG,country,TG,automation_share,156.0,276.0,0.5652173913043478,0.5062329068180309,0.6224112976176213
claude_ai,TG,country,TG,coursework_share,87.0,296.0,0.2939189189189189,0.24492715136058454,0.3481913485406966
claude_ai,TG,country,TG,success_rate,207.0,296.0,0.6993243243243243,0.6448040416290739,0.7487370814172278
claude_ai,TG,country,TG,work_share,118.0,296.0,0.39864864864864863,0.34451159159936373,0.45538275261438105
claude_ai,TG-M,subregion,TG,automation_share,156.0,276.0,0.5652173913043478,0.5062329068180309,0.6224112976176213
claude_ai,TG-M,subregion,TG,coursework_share,87.0,296.0,0.2939189189189189,0.24492715136058454,0.3481913485406966
claude_ai,TG-M,subregion,TG,success_rate,207.0,296.0,0.6993243243243243,0.6448040416290739,0.7487370814172278
claude_ai,TG-M,subregion,TG,work_share,118.0,296.0,0.39864864864864863,0.34451159159936373,0.45538275261438105
claude_ai,TH,country,TH,automation_share,2822.0,6039.0,0.4672959099188607,0.45473686232790383,0.4798965392823585
claude_ai,TH,country,TH,coursework_share,885.0,6216.0,0.14237451737451737,0.13390835999669576,0.1512824397175606
claude_ai,TH,country,TH,success_rate,4426.0,6217.0,0.7119189319607527,0.7005333753497699,0.723042752999166
claude_ai,TH,country,TH,work_share,2985.0,6216.0,0.4802123552123552,0.4678081606211209,0.49264099293931707
claude_ai,TH-10,subregion,TH,automation_share,1655.0,3644.0,0.45417124039517015,0.43806185901395556,0.4703771477674793
claude_ai,TH-10,subregion,TH,coursework_share,472.0,3738.0,0.12627073301230604,0.11600477882954356,0.13730407315392892
claude_ai,TH-10,subregion,TH,success_rate,2701.0,3739.0,0.7223856646162076,0.707808603676304,0.7365062185165452
claude_ai,TH-10,subregion,TH,work_share,1847.0,3738.0,0.4941144997324773,0.4781008812763497,0.5101402030068546
claude_ai,TH-50,subregion,TH,automation_share,151.0,345.0,0.43768115942028984,0.38630195828249847,0.4904329265477511
claude_ai,TH-50,subregion,TH,coursework_share,47.0,355.0,0.1323943661971831,0.10104249242495508,0.1716170877352047
claude_ai,TH-50,subregion,TH,success_rate,255.0,355.0,0.7183098591549296,0.6693719398246524,0.7625735202334901
claude_ai,TH-50,subregion,TH,work_share,150.0,355.0,0.4225352112676056,0.37224861057882463,0.47448041972312477
claude_ai,TN,country,TN,automation_share,957.0,1809.0,0.5290215588723052,0.505981917801932,0.5519382005360408
claude_ai,TN,country,TN,coursework_share,570.0,1850.0,0.3081081081081081,0.2874840380935523,0.32952746925421683
claude_ai,TN,country,TN,success_rate,1246.0,1851.0,0.6731496488384657,0.6514412148918337,0.6941408552968014
claude_ai,TN,country,TN,work_share,813.0,1850.0,0.43945945945945947,0.4169911087782874,0.4621787188919947
claude_ai,TN-11,subregion,TN,automation_share,841.0,1580.0,0.5322784810126582,0.50762677371241,0.5567736057194725
claude_ai,TN-11,subregion,TN,coursework_share,502.0,1611.0,0.3116076970825574,0.2894615821612859,0.33465015734307163
claude_ai,TN-11,subregion,TN,success_rate,1089.0,1612.0,0.6755583126550868,0.6523097154153673,0.6979721438955949
claude_ai,TN-11,subregion,TN,work_share,705.0,1611.0,0.4376163873370577,0.4135677454160056,0.46196184212991837
claude_ai,TR,country,TR,automation_share,4142.0,8848.0,0.46812839059674505,0.45774719762505783,0.4785372474106509
claude_ai,TR,country,TR,coursework_share,789.0,9164.0,0.08609777389786119,0.08052652435814084,0.09201589827708444
claude_ai,TR,country,TR,success_rate,6124.0,9170.0,0.6678298800436205,0.6581211945846371,0.6773980060084928
claude_ai,TR,country,TR,work_share,4165.0,9164.0,0.4544958533391532,0.4443222671825121,0.46470757469433704
claude_ai,TR-06,subregion,TR,automation_share,570.0,1271.0,0.44846577498033047,0.42131960805495133,0.4759225277523521
claude_ai,TR-06,subregion,TR,coursework_share,143.0,1317.0,0.10858010630220197,0.09290169073480234,0.126535371211157
claude_ai,TR-06,subregion,TR,success_rate,891.0,1317.0,0.6765375854214123,0.6507905761629058,0.7012576936674811
claude_ai,TR-06,subregion,TR,work_share,622.0,1317.0,0.47228549734244496,0.4454424205773064,0.4992897865245899
claude_ai,TR-07,subregion,TR,automation_share,149.0,313.0,0.476038338658147,0.42133531614836783,0.5313224156646265
claude_ai,TR-07,subregion,TR,coursework_share,17.0,328.0,0.051829268292682924,0.03260798498835696,0.08142714502548097
claude_ai,TR-07,subregion,TR,success_rate,197.0,328.0,0.600609756097561,0.546735205099674,0.6521548677543624
claude_ai,TR-07,subregion,TR,work_share,155.0,328.0,0.4725609756097561,0.419161433817246,0.526595819040744
claude_ai,TR-16,subregion,TR,automation_share,176.0,329.0,0.5349544072948328,0.48096442779340554,0.5881375113872738
claude_ai,TR-16,subregion,TR,coursework_share,21.0,352.0,0.05965909090909091,0.039348154954934884,0.08947770464102016
claude_ai,TR-16,subregion,TR,success_rate,224.0,353.0,0.6345609065155807,0.5831266785313098,0.683097887214388
claude_ai,TR-16,subregion,TR,work_share,154.0,352.0,0.4375,0.38662633580694394,0.48972314103893355
claude_ai,TR-34,subregion,TR,automation_share,1927.0,4163.0,0.46288734085995675,0.44778162099718394,0.4780614924055431
claude_ai,TR-34,subregion,TR,coursework_share,308.0,4314.0,0.07139545665275845,0.06408711127368354,0.0794664641979132
claude_ai,TR-34,subregion,TR,success_rate,2921.0,4317.0,0.6766272874681492,0.6625218034066954,0.6904186978141779
claude_ai,TR-34,subregion,TR,work_share,2046.0,4314.0,0.47426981919332406,0.45939850289328416,0.48918691997169556
claude_ai,TR-35,subregion,TR,automation_share,317.0,654.0,0.4847094801223242,0.44660756164585586,0.5229899828086146
claude_ai,TR-35,subregion,TR,coursework_share,57.0,674.0,0.08456973293768547,0.06584570971948267,0.1080025757796664
claude_ai,TR-35,subregion,TR,success_rate,446.0,675.0,0.6607407407407407,0.6242028219595562,0.6954593790605345
claude_ai,TR-35,subregion,TR,work_share,284.0,674.0,0.42136498516320475,0.3846353185455991,0.4589859640667398
claude_ai,TW,country,TW,automation_share,2302.0,5649.0,0.4075057532306603,0.3947589738509155,0.4203782484621951
claude_ai,TW,country,TW,coursework_share,545.0,5928.0,0.09193657219973009,0.0848431134340826,0.09955857389350889
claude_ai,TW,country,TW,success_rate,4255.0,5930.0,0.7175379426644182,0.7059413604771851,0.7288528544543358
claude_ai,TW,country,TW,work_share,2770.0,5928.0,0.4672739541160594,0.4545981910587149,0.47999210548595345
claude_ai,TW-CHA,subregion,TW,automation_share,152.0,360.0,0.4222222222222222,0.3722850601601,0.47380180841127834
claude_ai,TW-CHA,subregion,TW,coursework_share,56.0,378.0,0.14814814814814814,0.11588026644850803,0.18749579315316972
claude_ai,TW-CHA,subregion,TW,success_rate,271.0,378.0,0.716931216931217,0.6695105470084798,0.7599869200040196
claude_ai,TW-CHA,subregion,TW,work_share,171.0,378.0,0.4523809523809524,0.4029341372939387,0.5027859309228297
claude_ai,TW-KHH,subregion,TW,automation_share,150.0,392.0,0.3826530612244898,0.3358974264364947,0.4316863747607519
claude_ai,TW-KHH,subregion,TW,coursework_share,48.0,410.0,0.11707317073170732,0.08944817499712147,0.15180741651422003
claude_ai,TW-KHH,subregion,TW,success_rate,307.0,410.0,0.748780487804878,0.7046201799553846,0.7883220472155907
claude_ai,TW-KHH,subregion,TW,work_share,168.0,410.0,0.4097560975609756,0.3632039620893709,0.45798366138782426
claude_ai,TW-NWT,subregion,TW,automation_share,334.0,758.0,0.44063324538258575,0.4056771468192479,0.4761880598063814
claude_ai,TW-NWT,subregion,TW,coursework_share,65.0,833.0,0.07803121248499399,0.061692348709430224,0.09824425100071804
claude_ai,TW-NWT,subregion,TW,success_rate,583.0,833.0,0.6998799519807923,0.6678965343147737,0.7300282342435771
claude_ai,TW-NWT,subregion,TW,work_share,347.0,833.0,0.41656662665066024,0.38354545187857003,0.4503538189033796
claude_ai,TW-TAO,subregion,TW,automation_share,175.0,473.0,0.3699788583509514,0.3276790724944026,0.4143736343164126
claude_ai,TW-TAO,subregion,TW,coursework_share,44.0,500.0,0.088,0.06620563711739778,0.11607704855206659
claude_ai,TW-TAO,subregion,TW,success_rate,343.0,500.0,0.686,0.6440308091059583,0.7251328328005455
claude_ai,TW-TAO,subregion,TW,work_share,236.0,500.0,0.472,0.4286219475993197,0.5158050310384109
claude_ai,TW-TNN,subregion,TW,automation_share,104.0,234.0,0.4444444444444444,0.38218375632878027,0.5084997910405613
claude_ai,TW-TNN,subregion,TW,coursework_share,39.0,246.0,0.15853658536585366,0.11819326908465817,0.20938068177060373
claude_ai,TW-TNN,subregion,TW,success_rate,170.0,246.0,0.6910569105691057,0.6307485169128157,0.7454898677276925
claude_ai,TW-TNN,subregion,TW,work_share,99.0,246.0,0.4024390243902439,0.3431120565125466,0.46476621516038535
claude_ai,TW-TPE,subregion,TW,automation_share,916.0,2305.0,0.39739696312364425,0.37760573753903115,0.41752962384738873
claude_ai,TW-TPE,subregion,TW,coursework_share,182.0,2388.0,0.076214405360134,0.06623936265157762,0.08755075455350819
claude_ai,TW-TPE,subregion,TW,success_rate,1743.0,2388.0,0.7298994974874372,0.7117319887004537,0.7473285109580521
claude_ai,TW-TPE,subregion,TW,work_share,1217.0,2388.0,0.5096314907872697,0.48958147991230805,0.5296505628784854
claude_ai,TW-TXG,subregion,TW,automation_share,317.0,741.0,0.42780026990553305,0.3926387940818567,0.46370650134739966
claude_ai,TW-TXG,subregion,TW,coursework_share,71.0,773.0,0.09184993531694696,0.07345834179485011,0.11427825727502464
claude_ai,TW-TXG,subregion,TW,success_rate,557.0,774.0,0.7196382428940569,0.6869683213607557,0.7501386680314291
claude_ai,TW-TXG,subregion,TW,work_share,344.0,773.0,0.445019404915912,0.4103425662035915,0.4802400184571682
claude_ai,TZ,country,TZ,automation_share,243.0,465.0,0.5225806451612903,0.47718158412896433,0.5676096630641175
claude_ai,TZ,country,TZ,coursework_share,158.0,492.0,0.32113821138211385,0.2814025566594387,0.3636453780035666
claude_ai,TZ,country,TZ,success_rate,327.0,492.0,0.6646341463414634,0.6217828970578734,0.704934344900042
claude_ai,TZ,country,TZ,work_share,201.0,492.0,0.40853658536585363,0.36597168802902663,0.45251873310546475
claude_ai,TZ-02,subregion,TZ,automation_share,197.0,366.0,0.5382513661202186,0.48704314785569236,0.5886649390658437
claude_ai,TZ-02,subregion,TZ,coursework_share,132.0,389.0,0.3393316195372751,0.2940543021645054,0.3877512907258606
claude_ai,TZ-02,subregion,TZ,success_rate,263.0,389.0,0.6760925449871465,0.6280619669627563,0.7206791032294025
claude_ai,TZ-02,subregion,TZ,work_share,149.0,389.0,0.38303341902313626,0.3360911541825488,0.43226331744163765
claude_ai,UA,country,UA,automation_share,2396.0,5341.0,0.4486051301254447,0.43530827442952685,0.4619758658525724
claude_ai,UA,country,UA,coursework_share,957.0,5499.0,0.1740316421167485,0.16423914257958758,0.18427926652744542
claude_ai,UA,country,UA,success_rate,4076.0,5501.0,0.7409561897836757,0.7292132665688069,0.7523628063921297
claude_ai,UA,country,UA,work_share,2221.0,5499.0,0.4038916166575741,0.39099398290638393,0.41692343924874403
claude_ai,UA-05,subregion,UA,automation_share,114.0,238.0,0.4789915966386555,0.41636266327780136,0.5422879576244752
claude_ai,UA-05,subregion,UA,coursework_share,62.0,252.0,0.24603174603174602,0.196930877641181,0.3027595558145197
claude_ai,UA-05,subregion,UA,success_rate,189.0,252.0,0.75,0.6930530178011436,0.7994392117659012
claude_ai,UA-05,subregion,UA,work_share,74.0,252.0,0.29365079365079366,0.2408553755729651,0.3526431016097917
claude_ai,UA-12,subregion,UA,automation_share,196.0,462.0,0.42424242424242425,0.379981683831003,0.4697526464649603
claude_ai,UA-12,subregion,UA,coursework_share,108.0,475.0,0.22736842105263158,0.19195051464529403,0.26716080734510944
claude_ai,UA-12,subregion,UA,success_rate,367.0,475.0,0.7726315789473684,0.7328391926548905,0.8080494853547059
claude_ai,UA-12,subregion,UA,work_share,139.0,475.0,0.2926315789473684,0.2535097911408534,0.33508067384798634
claude_ai,UA-30,subregion,UA,automation_share,658.0,1486.0,0.4427994616419919,0.4177236056147506,0.46817030418076055
claude_ai,UA-30,subregion,UA,coursework_share,227.0,1527.0,0.14865749836280287,0.13169620252594663,0.16738216064369812
claude_ai,UA-30,subregion,UA,success_rate,1171.0,1527.0,0.7668631303208906,0.7450014278361512,0.7873854631393752
claude_ai,UA-30,subregion,UA,work_share,653.0,1527.0,0.42763588736083824,0.40303322772484357,0.4526017380351671
claude_ai,UA-32,subregion,UA,automation_share,223.0,481.0,0.46361746361746364,0.4195160078350619,0.5082954670878821
claude_ai,UA-32,subregion,UA,coursework_share,86.0,501.0,0.17165668662674652,0.14116666500774463,0.20714377533631573
claude_ai,UA-32,subregion,UA,success_rate,363.0,501.0,0.7245508982035929,0.6838344419184968,0.7618499073902762
claude_ai,UA-32,subregion,UA,work_share,215.0,501.0,0.4291417165668663,0.3865014854589796,0.47286034209247413
claude_ai,UA-46,subregion,UA,automation_share,369.0,880.0,0.4193181818181818,0.38713504489875833,0.4522026825854425
claude_ai,UA-46,subregion,UA,coursework_share,149.0,911.0,0.16355653128430298,0.14095952482148494,0.18897912248095522
claude_ai,UA-46,subregion,UA,success_rate,676.0,913.0,0.7404162102957283,0.7110127307715632,0.7678049843059377
claude_ai,UA-46,subregion,UA,work_share,386.0,911.0,0.42371020856201974,0.39200772930504385,0.4560533995286253
claude_ai,UA-51,subregion,UA,automation_share,159.0,334.0,0.47604790419161674,0.423063311645909,0.5295772157491779
claude_ai,UA-51,subregion,UA,coursework_share,49.0,347.0,0.14121037463976946,0.10848793549676489,0.18179007030414354
claude_ai,UA-51,subregion,UA,success_rate,244.0,347.0,0.7031700288184438,0.6530874111426269,0.7488033566568586
claude_ai,UA-51,subregion,UA,work_share,143.0,347.0,0.41210374639769454,0.36155162493850973,0.46458073792837945
claude_ai,UA-63,subregion,UA,automation_share,97.0,201.0,0.48258706467661694,0.4144817556243234,0.5513454982147405
claude_ai,UA-63,subregion,UA,coursework_share,35.0,215.0,0.16279069767441862,0.11944042070241287,0.2179798869539011
claude_ai,UA-63,subregion,UA,success_rate,160.0,215.0,0.7441860465116279,0.6819320333012919,0.7978670542579291
claude_ai,UA-63,subregion,UA,work_share,90.0,215.0,0.4186046511627907,0.354655328301763,0.48541164251183005
claude_ai,UG,country,UG,automation_share,232.0,455.0,0.5098901098901099,0.46406580444919354,0.5555488076522376
claude_ai,UG,country,UG,coursework_share,80.0,480.0,0.16666666666666666,0.13600030918128359,0.2026262165246499
claude_ai,UG,country,UG,success_rate,313.0,480.0,0.6520833333333333,0.6084168654325609,0.6933347822141068
claude_ai,UG,country,UG,work_share,235.0,480.0,0.4895833333333333,0.4451228867037917,0.5342091922245188
claude_ai,UG-C,subregion,UG,automation_share,231.0,452.0,0.5110619469026548,0.4650791848939647,0.5568582600430485
claude_ai,UG-C,subregion,UG,coursework_share,78.0,477.0,0.16352201257861634,0.13304358972820826,0.199376899680362
claude_ai,UG-C,subregion,UG,success_rate,312.0,477.0,0.6540880503144654,0.6103228246622973,0.6953911568234975
claude_ai,UG-C,subregion,UG,work_share,234.0,477.0,0.49056603773584906,0.44595778780043915,0.5353250296596143
claude_ai,US,country,US,automation_share,89322.0,215650.0,0.4141989334569905,0.4121214491267976,0.4162794746618005
claude_ai,US,country,US,coursework_share,27844.0,222304.0,0.1252519072981143,0.12388238716521971,0.12663437913134082
claude_ai,US,country,US,success_rate,160445.0,222372.0,0.7215161980824925,0.7196492711970863,0.7233754714690251
claude_ai,US,country,US,work_share,89872.0,222304.0,0.4042752267165683,0.40223683368134505,0.4063169281037273
claude_ai,US-AK,subregion,US,automation_share,114.0,236.0,0.4830508474576271,0.42007849728507746,0.5465661548519997
claude_ai,US-AK,subregion,US,coursework_share,21.0,241.0,0.08713692946058091,0.057697946774360916,0.12953167433577722
claude_ai,US-AK,subregion,US,success_rate,170.0,241.0,0.7053941908713693,0.6449788254234694,0.7593642273910851
claude_ai,US-AK,subregion,US,work_share,87.0,241.0,0.36099585062240663,0.3029761364261179,0.42337755510342606
claude_ai,US-AL,subregion,US,automation_share,733.0,1581.0,0.46363061353573687,0.4391669351359236,0.4882706081491593
claude_ai,US-AL,subregion,US,coursework_share,231.0,1632.0,0.14154411764705882,0.12547259074392972,0.15929923557470652
claude_ai,US-AL,subregion,US,success_rate,1157.0,1633.0,0.7085119412124924,0.6860012203201743,0.7300439241825071
claude_ai,US-AL,subregion,US,work_share,594.0,1632.0,0.3639705882352941,0.34097168170655984,0.3876083959733329
claude_ai,US-AR,subregion,US,automation_share,360.0,781.0,0.46094750320102434,0.4262637647761294,0.49601354570282585
claude_ai,US-AR,subregion,US,coursework_share,92.0,809.0,0.11372064276885044,0.09364483907465082,0.1374476640649523
claude_ai,US-AR,subregion,US,success_rate,544.0,809.0,0.6724351050679852,0.6393452114946125,0.7038950951038686
claude_ai,US-AR,subregion,US,work_share,316.0,809.0,0.39060568603213847,0.3575780550623587,0.42466734182677696
claude_ai,US-AZ,subregion,US,automation_share,1739.0,4056.0,0.4287475345167653,0.41359124163769884,0.4440386718052296
claude_ai,US-AZ,subregion,US,coursework_share,546.0,4201.0,0.1299690549869079,0.1201374077850426,0.14047683271333908
claude_ai,US-AZ,subregion,US,success_rate,3008.0,4205.0,0.7153388822829965,0.7015078112363156,0.7287768542640445
claude_ai,US-AZ,subregion,US,work_share,1642.0,4201.0,0.39085931920971195,0.376210111799263,0.4057079514162456
claude_ai,US-CA,subregion,US,automation_share,15474.0,39687.0,0.38990097513039534,0.3851133102217348,0.39470995258355684
claude_ai,US-CA,subregion,US,coursework_share,4714.0,41028.0,0.11489714341425368,0.11184733519722623,0.11801906202536394
claude_ai,US-CA,subregion,US,success_rate,29642.0,41038.0,0.7223061552707247,0.7179523194763613,0.726618374446886
claude_ai,US-CA,subregion,US,work_share,16609.0,41028.0,0.40482109778687725,0.4000804676446782,0.40957955014989234
claude_ai,US-CO,subregion,US,automation_share,2378.0,5843.0,0.40698271435906214,0.3944510339395764,0.41963662665311
claude_ai,US-CO,subregion,US,coursework_share,515.0,6007.0,0.08573331113700683,0.07891530091842461,0.09308084684231492
claude_ai,US-CO,subregion,US,success_rate,4312.0,6009.0,0.7175902812447995,0.7060716709349772,0.7288308550188081
claude_ai,US-CO,subregion,US,work_share,2585.0,6007.0,0.4303312801731313,0.4178587033966042,0.44289290915628693
claude_ai,US-CT,subregion,US,automation_share,1017.0,2441.0,0.4166325276526014,0.39722066205633494,0.4363063852583049
claude_ai,US-CT,subregion,US,coursework_share,390.0,2498.0,0.15612489991993594,0.142419793731773,0.17088605264954862
claude_ai,US-CT,subregion,US,success_rate,1761.0,2501.0,0.7041183526589364,0.6859274901086422,0.7216831148892946
claude_ai,US-CT,subregion,US,work_share,942.0,2498.0,0.37710168134507605,0.35829774918815144,0.3962830364219367
claude_ai,US-DC,subregion,US,automation_share,807.0,2133.0,0.37834036568213786,0.35799486910546846,0.3991233000653301
claude_ai,US-DC,subregion,US,coursework_share,356.0,2183.0,0.163078332569858,0.14817472094803621,0.17916567718596668
claude_ai,US-DC,subregion,US,success_rate,1642.0,2184.0,0.7518315018315018,0.7332837829054408,0.7694948460410057
claude_ai,US-DC,subregion,US,work_share,992.0,2183.0,0.45442052221713236,0.4336312573741156,0.47536992497032116
claude_ai,US-DE,subregion,US,automation_share,230.0,523.0,0.4397705544933078,0.3978224680494235,0.48259699768752673
claude_ai,US-DE,subregion,US,coursework_share,57.0,535.0,0.10654205607476636,0.08314565137714212,0.13554867363414136
claude_ai,US-DE,subregion,US,success_rate,384.0,535.0,0.7177570093457943,0.6781691487932505,0.7542399302385094
claude_ai,US-DE,subregion,US,work_share,202.0,535.0,0.3775700934579439,0.33750101712334213,0.4193848654811191
claude_ai,US-FL,subregion,US,automation_share,5732.0,13090.0,0.43789152024446143,0.429411739547177,0.4464077449347492
claude_ai,US-FL,subregion,US,coursework_share,1341.0,13503.0,0.09931126416351922,0.09438004816738572,0.10447040699749903
claude_ai,US-FL,subregion,US,success_rate,9483.0,13505.0,0.7021843761569789,0.6944150325831042,0.7098387266733519
claude_ai,US-FL,subregion,US,work_share,5850.0,13503.0,0.43323705843145965,0.42489917389667753,0.4416129202408594
claude_ai,US-GA,subregion,US,automation_share,2986.0,6974.0,0.4281617436191569,0.41659112384911773,0.43981146344951055
claude_ai,US-GA,subregion,US,coursework_share,992.0,7182.0,0.13812308549150654,0.13033658806448895,0.14629650665889046
claude_ai,US-GA,subregion,US,success_rate,5169.0,7183.0,0.7196157594319922,0.7091125208883212,0.729884214478714
claude_ai,US-GA,subregion,US,work_share,2990.0,7182.0,0.41631857421331103,0.4049655005032548,0.42776112124693794
claude_ai,US-HI,subregion,US,automation_share,332.0,849.0,0.3910482921083628,0.3587840878346358,0.42429403593418596
claude_ai,US-HI,subregion,US,coursework_share,85.0,912.0,0.09320175438596491,0.0760025585040415,0.11381367172616426
claude_ai,US-HI,subregion,US,success_rate,637.0,913.0,0.6976998904709748,0.6671322072137658,0.7266108341142019
claude_ai,US-HI,subregion,US,work_share,338.0,912.0,0.3706140350877193,0.3398721517658503,0.4024413662049429
claude_ai,US-IA,subregion,US,automation_share,428.0,957.0,0.44723092998955066,0.4160022569825835,0.4788815615365148
claude_ai,US-IA,subregion,US,coursework_share,146.0,977.0,0.14943705220061412,0.1284558472897811,0.1731643123771825
claude_ai,US-IA,subregion,US,success_rate,710.0,977.0,0.7267144319344934,0.6979224474297314,0.7537305004060864
claude_ai,US-IA,subregion,US,work_share,370.0,977.0,0.37871033776867963,0.34882477858177724,0.4095459919891284
claude_ai,US-ID,subregion,US,automation_share,338.0,853.0,0.3962485345838218,0.36395983485517436,0.4294675617604895
claude_ai,US-ID,subregion,US,coursework_share,106.0,877.0,0.12086659064994298,0.10092948201882233,0.1441107159009853
claude_ai,US-ID,subregion,US,success_rate,627.0,877.0,0.7149372862029647,0.6841717615031803,0.7438280059919062
claude_ai,US-ID,subregion,US,work_share,357.0,877.0,0.4070695553021665,0.3750276508526105,0.4399220517954025
claude_ai,US-IL,subregion,US,automation_share,3216.0,7964.0,0.4038171772978403,0.3930896771938583,0.4146374242083583
claude_ai,US-IL,subregion,US,coursework_share,1166.0,8192.0,0.142333984375,0.13493540517629757,0.150067857941916
claude_ai,US-IL,subregion,US,success_rate,6023.0,8193.0,0.7351397534480654,0.7254762151502648,0.7445828866384046
claude_ai,US-IL,subregion,US,work_share,3260.0,8192.0,0.39794921875,0.3873997799112812,0.4085943251968507
claude_ai,US-IN,subregion,US,automation_share,1255.0,2886.0,0.43485793485793484,0.4168696041701773,0.4530194582614799
claude_ai,US-IN,subregion,US,coursework_share,591.0,2961.0,0.19959473150962512,0.18559122464206518,0.21437671968251523
claude_ai,US-IN,subregion,US,success_rate,2141.0,2961.0,0.7230665315771698,0.7066672575205334,0.7388877427870714
claude_ai,US-IN,subregion,US,work_share,1070.0,2961.0,0.3613644039175954,0.3442507316446765,0.3788373415933677
claude_ai,US-KS,subregion,US,automation_share,510.0,1185.0,0.43037974683544306,0.40245807554696716,0.4587513572319666
claude_ai,US-KS,subregion,US,coursework_share,140.0,1219.0,0.11484823625922888,0.0981465713808051,0.13396983682774785
claude_ai,US-KS,subregion,US,success_rate,877.0,1219.0,0.7194421657095981,0.6935619316147645,0.7439436292035786
claude_ai,US-KS,subregion,US,work_share,482.0,1219.0,0.39540607054963084,0.36832801942003424,0.4231412927132788
claude_ai,US-KY,subregion,US,automation_share,569.0,1218.0,0.4671592775041051,0.43928671583632806,0.495238348623746
claude_ai,US-KY,subregion,US,coursework_share,147.0,1258.0,0.11685214626391097,0.10025517545682089,0.13578205774265523
claude_ai,US-KY,subregion,US,success_rate,857.0,1258.0,0.6812400635930048,0.6549703843808685,0.7064061941056864
claude_ai,US-KY,subregion,US,work_share,484.0,1258.0,0.3847376788553259,0.35824112384285434,0.4119360521196436
claude_ai,US-LA,subregion,US,automation_share,589.0,1344.0,0.4382440476190476,0.41193029983797846,0.4649098273698477
claude_ai,US-LA,subregion,US,coursework_share,169.0,1388.0,0.12175792507204611,0.10559046141982324,0.14001334866891102
claude_ai,US-LA,subregion,US,success_rate,1000.0,1388.0,0.7204610951008645,0.6962678063317213,0.7434374015022737
claude_ai,US-LA,subregion,US,work_share,566.0,1388.0,0.40778097982708933,0.3822166600708654,0.4338543641031498
claude_ai,US-MA,subregion,US,automation_share,2914.0,7483.0,0.38941600962180944,0.3784270811879175,0.4005184223472447
claude_ai,US-MA,subregion,US,coursework_share,1377.0,7675.0,0.17941368078175896,0.17099037630489067,0.18815775353802733
claude_ai,US-MA,subregion,US,success_rate,5578.0,7681.0,0.7262075250618409,0.7161241581916257,0.7360647327283901
claude_ai,US-MA,subregion,US,work_share,3000.0,7675.0,0.39087947882736157,0.38002000091842314,0.4018481391927103
claude_ai,US-MD,subregion,US,automation_share,1764.0,4252.0,0.41486359360301034,0.4001374201077776,0.42974346643649614
claude_ai,US-MD,subregion,US,coursework_share,523.0,4358.0,0.12000917852225791,0.11069381530918322,0.12999387953970812
claude_ai,US-MD,subregion,US,success_rate,3161.0,4358.0,0.7253327214318495,0.7118865193966164,0.7383820093826038
claude_ai,US-MD,subregion,US,work_share,1777.0,4358.0,0.4077558513079394,0.39325303632739517,0.4224211504656329
claude_ai,US-ME,subregion,US,automation_share,212.0,564.0,0.375886524822695,0.33687887020627416,0.4165735010183773
claude_ai,US-ME,subregion,US,coursework_share,66.0,580.0,0.11379310344827587,0.09044994921734228,0.14221863760483688
claude_ai,US-ME,subregion,US,success_rate,420.0,581.0,0.7228915662650602,0.6851236965990084,0.7577312576313338
claude_ai,US-ME,subregion,US,work_share,256.0,580.0,0.4413793103448276,0.40148470224332233,0.48204535111361557
claude_ai,US-MI,subregion,US,automation_share,1867.0,4340.0,0.43018433179723503,0.4155223607757872,0.44496978976671886
claude_ai,US-MI,subregion,US,coursework_share,682.0,4463.0,0.15281200985883936,0.1425546281099429,0.1636665730179413
claude_ai,US-MI,subregion,US,success_rate,3204.0,4463.0,0.7179027559937262,0.7045166341907103,0.7309140737170875
claude_ai,US-MI,subregion,US,work_share,1677.0,4463.0,0.3757562177907237,0.36165947550687927,0.3900666658454356
claude_ai,US-MN,subregion,US,automation_share,1258.0,2925.0,0.4300854700854701,0.4122465220594622,0.4481078241776303
claude_ai,US-MN,subregion,US,coursework_share,316.0,3030.0,0.1042904290429043,0.09390405351730835,0.11567893855452557
claude_ai,US-MN,subregion,US,success_rate,2178.0,3031.0,0.7185747278126031,0.7022961875983347,0.7342999102012999
claude_ai,US-MN,subregion,US,work_share,1197.0,3030.0,0.39504950495049507,0.377786055050934,0.4125787418455157
claude_ai,US-MO,subregion,US,automation_share,1009.0,2481.0,0.40669085046352277,0.387520248198693,0.4261499672387819
claude_ai,US-MO,subregion,US,coursework_share,331.0,2558.0,0.12939796716184518,0.11694451584313725,0.14296288826803025
claude_ai,US-MO,subregion,US,success_rate,1828.0,2560.0,0.7140625,0.6962478329718654,0.7312356745896001
claude_ai,US-MO,subregion,US,work_share,1020.0,2558.0,0.39874902267396406,0.37993940205530874,0.4178623043421515
claude_ai,US-MS,subregion,US,automation_share,261.0,513.0,0.5087719298245614,0.4656063597204922,0.5518070992580419
claude_ai,US-MS,subregion,US,coursework_share,71.0,528.0,0.13446969696969696,0.10799535324472771,0.16622464007659205
claude_ai,US-MS,subregion,US,success_rate,388.0,528.0,0.7348484848484849,0.6955982815795357,0.7707059714160931
claude_ai,US-MS,subregion,US,work_share,214.0,528.0,0.4053030303030303,0.36425582831056114,0.4477182632234596
claude_ai,US-MT,subregion,US,automation_share,154.0,359.0,0.42896935933147634,0.3787897514640532,0.4806530467156484
claude_ai,US-MT,subregion,US,coursework_share,28.0,373.0,0.07506702412868632,0.052443941835945876,0.10635381297668627
claude_ai,US-MT,subregion,US,success_rate,274.0,373.0,0.7345844504021448,0.6875468388016531,0.7768392586992596
claude_ai,US-MT,subregion,US,work_share,161.0,373.0,0.4316353887399464,0.3823183959396432,0.4823462270743765
claude_ai,US-NC,subregion,US,automation_share,2804.0,6530.0,0.4294027565084227,0.4174417671789284,0.4414467617379649
claude_ai,US-NC,subregion,US,coursework_share,908.0,6736.0,0.1347980997624703,0.12685033174172072,0.1431621860598846
claude_ai,US-NC,subregion,US,success_rate,4849.0,6739.0,0.7195429588959786,0.7086946472764889,0.7301411100398332
claude_ai,US-NC,subregion,US,work_share,2713.0,6736.0,0.40276128266033256,0.391107326444877,0.41452608784782685
claude_ai,US-NE,subregion,US,automation_share,362.0,827.0,0.437726723095526,0.40427909092192915,0.471750226820466
claude_ai,US-NE,subregion,US,coursework_share,111.0,847.0,0.13105076741440377,0.10998041385995995,0.15545277605459054
claude_ai,US-NE,subregion,US,success_rate,622.0,847.0,0.7343565525383707,0.7036015531509263,0.7629952846153513
claude_ai,US-NE,subregion,US,work_share,316.0,847.0,0.3730814639905549,0.34115276821864404,0.4061562491119613
claude_ai,US-NH,subregion,US,automation_share,377.0,904.0,0.4170353982300885,0.3853101447485907,0.44946279361422503
claude_ai,US-NH,subregion,US,coursework_share,111.0,925.0,0.12,0.10061403019697614,0.14252925709764977
claude_ai,US-NH,subregion,US,success_rate,663.0,925.0,0.7167567567567568,0.686869574023187,0.7448509690704901
claude_ai,US-NH,subregion,US,work_share,375.0,925.0,0.40540540540540543,0.3742194245859985,0.43737385461252143
claude_ai,US-NJ,subregion,US,automation_share,2431.0,5841.0,0.416195856873823,0.40361358032987255,0.4288882961966017
claude_ai,US-NJ,subregion,US,coursework_share,745.0,5997.0,0.12422878105719526,0.11612029646884839,0.13281838573199492
claude_ai,US-NJ,subregion,US,success_rate,4330.0,5999.0,0.7217869644940823,0.710307852048113,0.7329822057804994
claude_ai,US-NJ,subregion,US,work_share,2461.0,5997.0,0.41037185259296316,0.3979831532426824,0.4228753076771992
claude_ai,US-NM,subregion,US,automation_share,240.0,597.0,0.4020100502512563,0.36342656143979296,0.44184657544021017
claude_ai,US-NM,subregion,US,coursework_share,52.0,621.0,0.08373590982286634,0.0644260124154493,0.10816428887050861
claude_ai,US-NM,subregion,US,success_rate,452.0,621.0,0.7278582930756844,0.6915319664181507,0.7613828203053965
claude_ai,US-NM,subregion,US,work_share,241.0,621.0,0.38808373590982287,0.3505553705023518,0.4269882501528672
claude_ai,US-NV,subregion,US,automation_share,766.0,1737.0,0.4409902130109384,0.41779619860388567,0.4644446669636651
claude_ai,US-NV,subregion,US,coursework_share,144.0,1792.0,0.08035714285714286,0.0686496781831379,0.09385997745686957
claude_ai,US-NV,subregion,US,success_rate,1291.0,1792.0,0.7204241071428571,0.6991901595055596,0.7407150080771494
claude_ai,US-NV,subregion,US,work_share,718.0,1792.0,0.40066964285714285,0.3782165121929873,0.4235477414026527
claude_ai,US-NY,subregion,US,automation_share,7840.0,19966.0,0.3926675348091756,0.3859149414085688,0.3994614233193317
claude_ai,US-NY,subregion,US,coursework_share,2369.0,20505.0,0.11553279687881005,0.11122921075457187,0.11998041543904014
claude_ai,US-NY,subregion,US,success_rate,14949.0,20510.0,0.7288639687957094,0.722737515945914,0.7349047035396845
claude_ai,US-NY,subregion,US,work_share,8667.0,20505.0,0.4226773957571324,0.41593104504301176,0.429452713735446
claude_ai,US-OH,subregion,US,automation_share,2321.0,4905.0,0.473190621814475,0.45924432167816776,0.4871788833403034
claude_ai,US-OH,subregion,US,coursework_share,608.0,5039.0,0.12065886088509625,0.11195284465381451,0.129942835749869
claude_ai,US-OH,subregion,US,success_rate,3635.0,5044.0,0.7206582077716098,0.7081115565967439,0.73286900032089
claude_ai,US-OH,subregion,US,work_share,2130.0,5039.0,0.4227029172454852,0.4091272844618736,0.43639631873835383
claude_ai,US-OK,subregion,US,automation_share,586.0,1283.0,0.4567420109119252,0.4296543554287138,0.4840879419915748
claude_ai,US-OK,subregion,US,coursework_share,159.0,1338.0,0.11883408071748879,0.10257668354029502,0.13727398139660962
claude_ai,US-OK,subregion,US,success_rate,959.0,1338.0,0.7167414050822123,0.6920039583822306,0.7402378203791374
claude_ai,US-OK,subregion,US,work_share,524.0,1338.0,0.39162929745889385,0.3658204786653566,0.4180586319539594
claude_ai,US-OR,subregion,US,automation_share,1158.0,2869.0,0.40362495643081214,0.38581227161966875,0.4216953890881127
claude_ai,US-OR,subregion,US,coursework_share,325.0,2946.0,0.11031907671418872,0.09950943228837476,0.12214368969620906
claude_ai,US-OR,subregion,US,success_rate,2157.0,2947.0,0.7319307770614184,0.7156435967461942,0.7476140718457084
claude_ai,US-OR,subregion,US,work_share,1152.0,2946.0,0.3910386965376782,0.3735699414275691,0.40879125383118653
claude_ai,US-PA,subregion,US,automation_share,3222.0,7524.0,0.42822966507177035,0.41708807860638264,0.439444503056866
claude_ai,US-PA,subregion,US,coursework_share,1367.0,7721.0,0.17704960497344904,0.1686964208467046,0.18572399859594135
claude_ai,US-PA,subregion,US,success_rate,5582.0,7724.0,0.7226825479026411,0.7125898844888281,0.7325538151439387
claude_ai,US-PA,subregion,US,work_share,2872.0,7721.0,0.3719725424167854,0.3612575798305717,0.382814842314628
claude_ai,US-PR,subregion,US,automation_share,250.0,567.0,0.4409171075837742,0.40058273739607425,0.48204669956156876
claude_ai,US-PR,subregion,US,coursework_share,81.0,587.0,0.13798977853492334,0.11243415715139707,0.16825291701535083
claude_ai,US-PR,subregion,US,success_rate,427.0,587.0,0.727427597955707,0.6900133283777843,0.7618844391456941
claude_ai,US-PR,subregion,US,work_share,254.0,587.0,0.43270868824531517,0.3931933889113017,0.47309903193381153
claude_ai,US-RI,subregion,US,automation_share,284.0,722.0,0.39335180055401664,0.3583736688945353,0.4294588278926425
claude_ai,US-RI,subregion,US,coursework_share,142.0,740.0,0.1918918918918919,0.16513891965792576,0.2218273376742805
claude_ai,US-RI,subregion,US,success_rate,560.0,741.0,0.7557354925775979,0.7235323615472866,0.785300657446282
claude_ai,US-RI,subregion,US,work_share,290.0,740.0,0.3918918918918919,0.3573633715647708,0.42753706960442434
claude_ai,US-SC,subregion,US,automation_share,708.0,1623.0,0.43622920517560076,0.41228070658956023,0.46047887860914627
claude_ai,US-SC,subregion,US,coursework_share,213.0,1665.0,0.12792792792792793,0.1127362047600705,0.14483263820261694
claude_ai,US-SC,subregion,US,success_rate,1220.0,1665.0,0.7327327327327328,0.710958073394449,0.7534359110316344
claude_ai,US-SC,subregion,US,work_share,739.0,1665.0,0.44384384384384384,0.4201351920055186,0.46781103368780064
claude_ai,US-SD,subregion,US,automation_share,88.0,206.0,0.42718446601941745,0.36157353220721244,0.49546148849411653
claude_ai,US-SD,subregion,US,coursework_share,27.0,223.0,0.1210762331838565,0.08455893855792164,0.17042780108771657
claude_ai,US-SD,subregion,US,success_rate,168.0,223.0,0.7533632286995515,0.6928134008784431,0.8053315601868994
claude_ai,US-SD,subregion,US,work_share,104.0,223.0,0.4663677130044843,0.40201455916721696,0.5318600035232243
claude_ai,US-TN,subregion,US,automation_share,1337.0,3139.0,0.42593182542210895,0.4087340506252834,0.44331067221407316
claude_ai,US-TN,subregion,US,coursework_share,360.0,3222.0,0.11173184357541899,0.10131275672591337,0.12307569433752381
claude_ai,US-TN,subregion,US,success_rate,2287.0,3223.0,0.7095873409866584,0.6936727287961776,0.7250029198628701
claude_ai,US-TN,subregion,US,work_share,1329.0,3222.0,0.41247672253258844,0.39559245435018026,0.42956945068570246
claude_ai,US-TX,subregion,US,automation_share,7560.0,17698.0,0.42716691151542546,0.41989551704188327,0.43446991802109913
claude_ai,US-TX,subregion,US,coursework_share,2278.0,18231.0,0.12495200482694312,0.12023090445311987,0.12983113063469792
claude_ai,US-TX,subregion,US,success_rate,13191.0,18236.0,0.7233494187321781,0.7168101043688475,0.7297946512338547
claude_ai,US-TX,subregion,US,work_share,7551.0,18231.0,0.41418463057429655,0.40705307523823886,0.4213523439785642
claude_ai,US-UT,subregion,US,automation_share,1222.0,2832.0,0.4314971751412429,0.4133604207254011,0.44981952557343313
claude_ai,US-UT,subregion,US,coursework_share,332.0,2976.0,0.11155913978494623,0.10074498074523422,0.12337485166464957
claude_ai,US-UT,subregion,US,success_rate,2080.0,2978.0,0.6984553391537945,0.6817252010798001,0.7146741247596406
claude_ai,US-UT,subregion,US,work_share,1185.0,2976.0,0.39818548387096775,0.3807397071215763,0.41589377836302127
claude_ai,US-VA,subregion,US,automation_share,3102.0,7224.0,0.42940199335548174,0.4180277922264757,0.4408512402083248
claude_ai,US-VA,subregion,US,coursework_share,1055.0,7432.0,0.14195371367061357,0.13420385922116557,0.1500735250630828
claude_ai,US-VA,subregion,US,success_rate,5323.0,7433.0,0.7161307681958832,0.7057710335138597,0.7262672123995667
claude_ai,US-VA,subregion,US,work_share,3033.0,7432.0,0.4081001076426265,0.39697631960435864,0.41931885268656266
claude_ai,US-VT,subregion,US,automation_share,176.0,415.0,0.42409638554216866,0.37745724932131774,0.4721278921737009
claude_ai,US-VT,subregion,US,coursework_share,52.0,425.0,0.1223529411764706,0.09453676743327011,0.156935104698538
claude_ai,US-VT,subregion,US,success_rate,305.0,425.0,0.7176470588235294,0.6730479009537624,0.758346814484292
claude_ai,US-VT,subregion,US,work_share,167.0,425.0,0.39294117647058824,0.34766422210749587,0.44013621516351514
claude_ai,US-WA,subregion,US,automation_share,3146.0,8111.0,0.3878683269633831,0.3773194526520565,0.3985233684819999
claude_ai,US-WA,subregion,US,coursework_share,817.0,8335.0,0.09802039592081584,0.09182085268765122,0.10459031310305045
claude_ai,US-WA,subregion,US,success_rate,6122.0,8338.0,0.7342288318541617,0.724640647236203,0.7436012815004923
claude_ai,US-WA,subregion,US,work_share,3101.0,8335.0,0.37204559088182365,0.36172991407271465,0.38247916168188417
claude_ai,US-WI,subregion,US,automation_share,991.0,2418.0,0.4098428453267163,0.3903979816360571,0.42957372914800074
claude_ai,US-WI,subregion,US,coursework_share,383.0,2483.0,0.15424889246878776,0.14057700909940724,0.16898898818807578
claude_ai,US-WI,subregion,US,success_rate,1831.0,2483.0,0.7374144180426903,0.7197486718155595,0.75434666260381
claude_ai,US-WI,subregion,US,work_share,886.0,2483.0,0.3568264196536448,0.3382174058153924,0.3758777741912473
claude_ai,US-WV,subregion,US,automation_share,136.0,305.0,0.4459016393442623,0.39113328938830433,0.5020158200580914
claude_ai,US-WV,subregion,US,coursework_share,36.0,316.0,0.11392405063291139,0.08343353107687784,0.15368884449903222
claude_ai,US-WV,subregion,US,success_rate,224.0,316.0,0.7088607594936709,0.6565015853136785,0.7562027033091897
claude_ai,US-WV,subregion,US,work_share,117.0,316.0,0.370253164556962,0.31886846637503014,0.4247546270562183
claude_ai,US-WY,subregion,US,automation_share,135.0,255.0,0.5294117647058824,0.4681662933042735,0.5897842061517645
claude_ai,US-WY,subregion,US,coursework_share,22.0,434.0,0.05069124423963134,0.03371079210895233,0.07555612085683255
claude_ai,US-WY,subregion,US,success_rate,350.0,434.0,0.8064516129032258,0.766658474411388,0.8408671695657944
claude_ai,US-WY,subregion,US,work_share,89.0,434.0,0.20506912442396313,0.16974920297075316,0.24556446297601844
claude_ai,UY,country,UY,automation_share,243.0,577.0,0.42114384748700173,0.3815080998591838,0.46182268085624706
claude_ai,UY,country,UY,coursework_share,43.0,593.0,0.07251264755480608,0.05427709323093027,0.09625128816875769
claude_ai,UY,country,UY,success_rate,410.0,593.0,0.6913996627318718,0.6530886124347935,0.7272468065440444
claude_ai,UY,country,UY,work_share,251.0,593.0,0.42327150084317033,0.3841233769838996,0.4634073581391214
claude_ai,UY-MO,subregion,UY,automation_share,213.0,505.0,0.42178217821782177,0.3794590211118559,0.4652863770631361
claude_ai,UY-MO,subregion,UY,coursework_share,38.0,520.0,0.07307692307692308,0.05370110008259377,0.09871443927128726
claude_ai,UY-MO,subregion,UY,success_rate,357.0,520.0,0.6865384615384615,0.6454204015245157,0.7249205565055453
claude_ai,UY-MO,subregion,UY,work_share,225.0,520.0,0.4326923076923077,0.39075479988006717,0.47561701938743667
claude_ai,UZ,country,UZ,automation_share,403.0,827.0,0.4873035066505441,0.4533740605918081,0.5213503634139229
claude_ai,UZ,country,UZ,coursework_share,250.0,861.0,0.29036004645760743,0.2610234591225971,0.3215590623472305
claude_ai,UZ,country,UZ,success_rate,629.0,861.0,0.7305458768873403,0.6999338927489435,0.75910970552385
claude_ai,UZ,country,UZ,work_share,271.0,861.0,0.3147502903600465,0.28460975962472107,0.3465365682114977
claude_ai,UZ-TK,subregion,UZ,automation_share,380.0,777.0,0.48906048906048905,0.45405194948097416,0.5241766694860481
claude_ai,UZ-TK,subregion,UZ,coursework_share,230.0,808.0,0.28465346534653463,0.25461466928468784,0.3167302827355092
claude_ai,UZ-TK,subregion,UZ,success_rate,587.0,808.0,0.7264851485148515,0.6947310293391243,0.7560958314672203
claude_ai,UZ-TK,subregion,UZ,work_share,260.0,808.0,0.3217821782178218,0.29047886346218427,0.3547721313131512
claude_ai,VN,country,VN,automation_share,2901.0,6125.0,0.4736326530612245,0.46114853189148775,0.48614982869919876
claude_ai,VN,country,VN,coursework_share,707.0,6303.0,0.11216880850388704,0.10461300512762803,0.12019708047845411
claude_ai,VN,country,VN,success_rate,4492.0,6306.0,0.712337456390739,0.7010379917744519,0.7233783675839193
claude_ai,VN,country,VN,work_share,3278.0,6303.0,0.5200698080279232,0.5077273815070169,0.532387784854542
claude_ai,VN-DN,subregion,VN,automation_share,160.0,353.0,0.45325779036827196,0.4021071244764524,0.505414868475042
claude_ai,VN-DN,subregion,VN,coursework_share,38.0,370.0,0.10270270270270271,0.07574258720802406,0.13782808015483763
claude_ai,VN-DN,subregion,VN,success_rate,274.0,370.0,0.7405405405405405,0.6935654303782006,0.782572056728638
claude_ai,VN-DN,subregion,VN,work_share,184.0,370.0,0.4972972972972973,0.44664047504581017,0.5480096655484951
claude_ai,VN-HN,subregion,VN,automation_share,823.0,1835.0,0.4485013623978202,0.42587667640926513,0.4713412242516727
claude_ai,VN-HN,subregion,VN,coursework_share,207.0,1884.0,0.10987261146496816,0.09653686194553034,0.1247961142956967
claude_ai,VN-HN,subregion,VN,success_rate,1332.0,1886.0,0.7062566277836692,0.6852974168506858,0.7263772970512625
claude_ai,VN-HN,subregion,VN,work_share,1097.0,1884.0,0.582271762208068,0.5598561207784122,0.6043525713067713
claude_ai,VN-SG,subregion,VN,automation_share,1060.0,2225.0,0.4764044943820225,0.45571020410782437,0.49718012241874443
claude_ai,VN-SG,subregion,VN,coursework_share,243.0,2281.0,0.10653222270933801,0.09452598257566983,0.11986157059212964
claude_ai,VN-SG,subregion,VN,success_rate,1651.0,2281.0,0.7238053485313459,0.7050916447213548,0.7417664657052061
claude_ai,VN-SG,subregion,VN,work_share,1187.0,2281.0,0.5203857957036387,0.4998664542916845,0.5408365861291481
claude_ai,ZA,country,ZA,automation_share,1940.0,3989.0,0.4863374279267987,0.4708473142705173,0.5018538317003122
claude_ai,ZA,country,ZA,coursework_share,422.0,4106.0,0.10277642474427667,0.09385618330737257,0.11243926126645237
claude_ai,ZA,country,ZA,success_rate,2871.0,4107.0,0.6990504017531045,0.6848417399248791,0.7128870365864806
claude_ai,ZA,country,ZA,work_share,2052.0,4106.0,0.4997564539698003,0.4844699907838557,0.5150433724562263
claude_ai,ZA-GP,subregion,ZA,automation_share,1020.0,2097.0,0.4864091559370529,0.46506082449795355,0.5078071918246477
claude_ai,ZA-GP,subregion,ZA,coursework_share,253.0,2150.0,0.11767441860465117,0.10473093661209003,0.131981735294702
claude_ai,ZA-GP,subregion,ZA,success_rate,1475.0,2150.0,0.686046511627907,0.6661117542072413,0.7053176025291129
claude_ai,ZA-GP,subregion,ZA,work_share,1037.0,2150.0,0.4823255813953488,0.4612539123051761,0.5034602988048703
claude_ai,ZA-KZN,subregion,ZA,automation_share,132.0,247.0,0.5344129554655871,0.47215382650447335,0.5956180263301443
claude_ai,ZA-KZN,subregion,ZA,coursework_share,21.0,268.0,0.07835820895522388,0.05181945072575953,0.11681404760562167
claude_ai,ZA-KZN,subregion,ZA,success_rate,183.0,268.0,0.6828358208955224,0.6248696667594399,0.7356343914862443
claude_ai,ZA-KZN,subregion,ZA,work_share,131.0,268.0,0.48880597014925375,0.42954031107857277,0.5483880118859772
claude_ai,ZA-WC,subregion,ZA,automation_share,672.0,1419.0,0.47357293868921774,0.4476999891535983,0.49958859166945324
claude_ai,ZA-WC,subregion,ZA,coursework_share,116.0,1472.0,0.07880434782608696,0.06611071881370728,0.09369071245100297
claude_ai,ZA-WC,subregion,ZA,success_rate,1056.0,1473.0,0.7169042769857433,0.6933565021536241,0.7393236173663028
claude_ai,ZA-WC,subregion,ZA,work_share,779.0,1472.0,0.5292119565217391,0.5036696287424566,0.5546022074762813
claude_ai,ZM,country,ZM,automation_share,159.0,305.0,0.521311475409836,0.46533188705533957,0.5767608880112318
claude_ai,ZM,country,ZM,coursework_share,90.0,320.0,0.28125,0.23480681675828693,0.3328830661968368
claude_ai,ZM,country,ZM,success_rate,214.0,320.0,0.66875,0.6154466394912161,0.7180497365148312
claude_ai,ZM,country,ZM,work_share,112.0,320.0,0.35,0.2997995331140338,0.4037592437694796
claude_ai,ZM-09,subregion,ZM,automation_share,139.0,263.0,0.5285171102661597,0.4682099856723953,0.5880031385181357
claude_ai,ZM-09,subregion,ZM,coursework_share,77.0,276.0,0.27898550724637683,0.22938323268643018,0.3346558522816374
claude_ai,ZM-09,subregion,ZM,success_rate,181.0,276.0,0.6557971014492754,0.5979510372658593,0.7093656733304209
claude_ai,ZM-09,subregion,ZM,work_share,99.0,276.0,0.358695652173913,0.30440731071049,0.41686357967893023
claude_ai,ZW,country,ZW,automation_share,190.0,343.0,0.5539358600583091,0.501020944146648,0.6056559942598176
claude_ai,ZW,country,ZW,coursework_share,60.0,362.0,0.16574585635359115,0.13098962235222242,0.2075219083211619
claude_ai,ZW,country,ZW,success_rate,237.0,362.0,0.6546961325966851,0.6043220759738794,0.701821347846703
claude_ai,ZW,country,ZW,work_share,171.0,362.0,0.4723756906077348,0.4215066914823738,0.5238248399782365
claude_ai,ZW-HA,subregion,ZW,automation_share,173.0,317.0,0.5457413249211357,0.49070854574840855,0.5996787357013785
claude_ai,ZW-HA,subregion,ZW,coursework_share,55.0,334.0,0.16467065868263472,0.12875121522227126,0.2082161683089457
claude_ai,ZW-HA,subregion,ZW,success_rate,216.0,334.0,0.6467065868263473,0.5940403552511786,0.696036414453914
claude_ai,ZW-HA,subregion,ZW,work_share,157.0,334.0,0.47005988023952094,0.41717744776073923,0.5236232114831194
