source,geo_id,metric,parent_id,x,n,share,x_rest,n_rest,share_rest,diff,diff_lo,diff_hi
claude_ai,AE,automation_share,GLOBAL,1971.0,4559.0,0.4323316516779996,439598.0,964951.0,0.4555651012331196,-0.023233449555120023,-0.0376483445694482,-0.008818554540791852
claude_ai,AE,coursework_share,GLOBAL,399.0,4703.0,0.08483946417180523,124049.0,994999.0,0.12467248710802724,-0.03983302293622201,-0.04782315640319647,-0.03184288946924756
claude_ai,AE,success_rate,GLOBAL,3195.0,4704.0,0.6792091836734694,696190.0,995296.0,0.699480355592708,-0.020271171919238662,-0.03364091410040419,-0.006901429738073129
claude_ai,AE,work_share,GLOBAL,2608.0,4703.0,0.5545396555390176,449735.0,994999.0,0.45199542914113483,0.1025442263978828,0.08830566409114096,0.11678278870462463
claude_ai,AE-AZ,automation_share,AE,369.0,818.0,0.4511002444987775,1602.0,3741.0,0.4282277465918204,0.022872497906957112,-0.014734500725459357,0.06047949653937358
claude_ai,AE-AZ,coursework_share,AE,122.0,845.0,0.14437869822485208,277.0,3858.0,0.07179885951270087,0.0725798387121512,0.0475203623502814,0.09763931507402102
claude_ai,AE-AZ,success_rate,AE,569.0,845.0,0.6733727810650888,2626.0,3859.0,0.6804871728427053,-0.007114391777616524,-0.04199074012029375,0.027761956565060704
claude_ai,AE-AZ,work_share,AE,417.0,845.0,0.493491124260355,2191.0,3858.0,0.5679108346293417,-0.07441971036898665,-0.1115777571264238,-0.03726166361154949
claude_ai,AE-DU,automation_share,AE,1380.0,3262.0,0.4230533415082771,591.0,1297.0,0.4556669236700077,-0.0326135821617306,-0.06458394989086351,-0.0006432144325976968
claude_ai,AE-DU,coursework_share,AE,203.0,3364.0,0.0603448275862069,196.0,1339.0,0.1463778939507095,-0.08603306636450259,-0.10660586740885586,-0.06546026532014931
claude_ai,AE-DU,success_rate,AE,2289.0,3365.0,0.6802377414561664,906.0,1339.0,0.6766243465272591,0.003613394928907332,-0.025985111384047268,0.033211901241861935
claude_ai,AE-DU,work_share,AE,1958.0,3364.0,0.5820451843043996,650.0,1339.0,0.4854368932038835,0.09660829110051605,0.06507339656834865,0.12814318563268345
claude_ai,AE-SH,automation_share,AE,153.0,319.0,0.47962382445141066,1818.0,4240.0,0.42877358490566037,0.0508502395457503,-0.005961478130654577,0.10766195722215517
claude_ai,AE-SH,coursework_share,AE,50.0,347.0,0.1440922190201729,349.0,4356.0,0.08011937557392103,0.06397284344625188,0.02615265811214966,0.10179302878035411
claude_ai,AE-SH,success_rate,AE,246.0,347.0,0.7089337175792507,2949.0,4357.0,0.6768418636676612,0.03209185391158953,-0.017680583740041417,0.08186429156322048
claude_ai,AE-SH,work_share,AE,166.0,347.0,0.4783861671469741,2442.0,4356.0,0.5606060606060606,-0.08221989345908648,-0.13680734304681108,-0.027632443871361864
claude_ai,AL,automation_share,GLOBAL,181.0,366.0,0.49453551912568305,441388.0,969144.0,0.4554410902817332,0.03909442884394987,-0.01213752799506597,0.0903263856829657
claude_ai,AL,coursework_share,GLOBAL,60.0,381.0,0.15748031496062992,124388.0,999321.0,0.12447251683893364,0.03300779812169628,-0.003573973905726821,0.06958957014911939
claude_ai,AL,success_rate,GLOBAL,259.0,381.0,0.6797900262467191,699126.0,999619.0,0.6993924685305101,-0.019602442283790933,-0.0664598576034385,0.027254973035856632
claude_ai,AL,work_share,GLOBAL,175.0,381.0,0.45931758530183725,452168.0,999321.0,0.4524752306816328,0.006842354620204438,-0.04320761460568875,0.056892323846097624
claude_ai,AM,automation_share,GLOBAL,243.0,586.0,0.41467576791808874,441326.0,968924.0,0.4554805124034496,-0.040804744485360867,-0.08070668335297282,-0.0009028056177489141
claude_ai,AM,coursework_share,GLOBAL,71.0,605.0,0.11735537190082644,124377.0,999097.0,0.12448941394078854,-0.007134042039962096,-0.03278839863094589,0.0185203145510217
claude_ai,AM,success_rate,GLOBAL,447.0,605.0,0.7388429752066116,698938.0,999395.0,0.6993611134736516,0.03948186173295998,0.00446731509764723,0.07449640836827273
claude_ai,AM,work_share,GLOBAL,304.0,605.0,0.5024793388429752,452039.0,999097.0,0.4524475601468126,0.050031778696162654,0.010177650211785634,0.08988590718053968
claude_ai,AO,automation_share,GLOBAL,158.0,350.0,0.4514285714285714,441411.0,969160.0,0.45545730323166456,-0.004028731803093155,-0.05617361359192151,0.0481161499857352
claude_ai,AO,coursework_share,GLOBAL,108.0,375.0,0.288,124340.0,999327.0,0.12442373717511886,0.16357626282488114,0.11773886389294963,0.20941366175681264
claude_ai,AO,success_rate,GLOBAL,273.0,375.0,0.728,699112.0,999625.0,0.6993742653495061,0.028625734650493895,-0.016422425215265768,0.07367389451625356
claude_ai,AO,work_share,GLOBAL,138.0,375.0,0.368,452205.0,999327.0,0.452509538919693,-0.08450953891969298,-0.13333087586458997,-0.03568820197479598
claude_ai,AR,automation_share,GLOBAL,2204.0,4857.0,0.45377805229565576,439365.0,964653.0,0.45546429648795994,-0.001686244192304176,-0.015723092115916555,0.012350603731308203
claude_ai,AR,coursework_share,GLOBAL,353.0,4985.0,0.0708124373119358,124095.0,994717.0,0.1247540757823582,-0.053941638470422396,-0.061092006241494884,-0.04679127069934991
claude_ai,AR,success_rate,GLOBAL,3548.0,4985.0,0.7117352056168506,695837.0,995015.0,0.6993231257820234,0.012412079834827172,-0.00019430673168235185,0.025018466401336696
claude_ai,AR,work_share,GLOBAL,2437.0,4985.0,0.48886659979939817,449906.0,994717.0,0.4522954770050175,0.036571122794380684,0.0226600062327306,0.05048223935603077
claude_ai,AR-B,automation_share,AR,569.0,1256.0,0.45302547770700635,1635.0,3601.0,0.45404054429325186,-0.0010150665862455055,-0.032989288248576026,0.030959155076085015
claude_ai,AR-B,coursework_share,AR,88.0,1294.0,0.06800618238021638,265.0,3691.0,0.07179626117583311,-0.0037900787956167276,-0.019837691019869694,0.012257533428636239
claude_ai,AR-B,success_rate,AR,940.0,1294.0,0.7264296754250387,2608.0,3691.0,0.7065835816851802,0.01984609373985846,-0.008539935941883715,0.04823212342160064
claude_ai,AR-B,work_share,AR,588.0,1294.0,0.45440494590417313,1849.0,3691.0,0.5009482525060959,-0.04654330660192274,-0.0781062987852163,-0.014980314418629188
claude_ai,AR-C,automation_share,AR,748.0,1713.0,0.4366608289550496,1456.0,3144.0,0.4631043256997455,-0.026443496744695927,-0.055691816117356255,0.0028048226279643977
claude_ai,AR-C,coursework_share,AR,98.0,1762.0,0.05561861520998865,255.0,3223.0,0.079118833385045,-0.023500218175056348,-0.03769039493354124,-0.009310041416571454
claude_ai,AR-C,success_rate,AR,1238.0,1762.0,0.70261066969353,2310.0,3223.0,0.7167235494880546,-0.01411287979452458,-0.040524241850810994,0.012298482261761837
claude_ai,AR-C,work_share,AR,895.0,1762.0,0.5079455164585698,1542.0,3223.0,0.4784362395283897,0.029509276930180073,0.0004859451289938796,0.058532608731366266
claude_ai,AR-E,success_rate,AR,153.0,204.0,0.75,3395.0,4781.0,0.7101024890190337,0.03989751098096628,-0.020899621112927015,0.10069464307485956
claude_ai,AR-S,automation_share,AR,166.0,345.0,0.4811594202898551,2038.0,4512.0,0.4516843971631206,0.0294750231267345,-0.02521211053927503,0.08416215679274403
claude_ai,AR-S,coursework_share,AR,31.0,354.0,0.08757062146892655,322.0,4631.0,0.06953141870006478,0.01803920276886177,-0.012304880174296234,0.048383285712019775
claude_ai,AR-S,success_rate,AR,242.0,354.0,0.6836158192090396,3306.0,4631.0,0.713884690131721,-0.03026887092268138,-0.08043418528321086,0.01989644343784811
claude_ai,AR-S,work_share,AR,176.0,354.0,0.4971751412429379,2261.0,4631.0,0.4882314834808897,0.008943657762048196,-0.045095012445434755,0.06298232796953115
claude_ai,AR-X,automation_share,AR,212.0,461.0,0.4598698481561822,1992.0,4396.0,0.4531392174704277,0.006730630685754524,-0.04108599314419176,0.054547254515700805
claude_ai,AR-X,coursework_share,AR,36.0,472.0,0.07627118644067797,317.0,4513.0,0.07024152448482163,0.006029661955856344,-0.019050506630297136,0.031109830542009824
claude_ai,AR-X,success_rate,AR,328.0,472.0,0.6949152542372882,3220.0,4513.0,0.7134943496565478,-0.018579095419259617,-0.06216278966676416,0.025004598828244927
claude_ai,AR-X,work_share,AR,253.0,472.0,0.5360169491525424,2184.0,4513.0,0.48393529802791935,0.05208165112462304,0.004787090439986784,0.09937621180925929
claude_ai,AT,automation_share,GLOBAL,1361.0,3365.0,0.40445765230312036,440208.0,966145.0,0.4556334711663363,-0.05117581886321593,-0.0677882725418701,-0.03456336518456175
claude_ai,AT,coursework_share,GLOBAL,300.0,3456.0,0.08680555555555555,124148.0,996246.0,0.12461580774226447,-0.037810252186708915,-0.047219583390845705,-0.028400920982572124
claude_ai,AT,success_rate,GLOBAL,2429.0,3456.0,0.7028356481481481,696956.0,996544.0,0.6993730332027487,0.003462614945399456,-0.011800782556793588,0.018726012447592498
claude_ai,AT,work_share,GLOBAL,1517.0,3456.0,0.43894675925925924,450826.0,996246.0,0.4525247780166746,-0.013578018757415378,-0.03015225949065777,0.0029962219758270132
claude_ai,AT-3,automation_share,AT,146.0,315.0,0.4634920634920635,1215.0,3050.0,0.3983606557377049,0.0651314077543586,0.007386210721111411,0.1228766047876058
claude_ai,AT-3,coursework_share,AT,25.0,327.0,0.0764525993883792,275.0,3129.0,0.08788750399488654,-0.01143490460650734,-0.04189666193870147,0.019026852725686792
claude_ai,AT-3,success_rate,AT,217.0,327.0,0.6636085626911316,2212.0,3129.0,0.7069351230425056,-0.043326560351374055,-0.0969632614681587,0.010310140765410598
claude_ai,AT-3,work_share,AT,162.0,327.0,0.4954128440366973,1355.0,3129.0,0.43304570150207733,0.062367142534619946,0.005462070980972254,0.11927221408826763
claude_ai,AT-4,automation_share,AT,127.0,277.0,0.4584837545126354,1234.0,3088.0,0.39961139896373055,0.05887235554890485,-0.0022972218666963418,0.12004193296450605
claude_ai,AT-4,coursework_share,AT,24.0,296.0,0.08108108108108109,276.0,3160.0,0.08734177215189873,-0.006260691070817642,-0.03887796057175406,0.026356578430118772
claude_ai,AT-4,success_rate,AT,213.0,296.0,0.7195945945945946,2216.0,3160.0,0.7012658227848101,0.01832877180978454,-0.03527563773233635,0.07193318135190543
claude_ai,AT-4,work_share,AT,136.0,296.0,0.4594594594594595,1381.0,3160.0,0.4370253164556962,0.022434143003763285,-0.03691538942475272,0.0817836754322793
claude_ai,AT-9,automation_share,AT,808.0,2073.0,0.3897732754462132,553.0,1292.0,0.4280185758513932,-0.03824530040517998,-0.072431727360691,-0.004058873449668966
claude_ai,AT-9,coursework_share,AT,189.0,2134.0,0.08856607310215557,111.0,1322.0,0.08396369137670197,0.004602381725453603,-0.014602272586255526,0.02380703603716273
claude_ai,AT-9,success_rate,AT,1505.0,2134.0,0.7052483598875351,924.0,1322.0,0.6989409984871406,0.006307361400394451,-0.02508813632328824,0.03770285912407714
claude_ai,AT-9,work_share,AT,904.0,2134.0,0.42361761949390814,613.0,1322.0,0.4636913767019667,-0.04007375720805856,-0.07416463908388435,-0.005982875332232775
claude_ai,AU,automation_share,GLOBAL,6195.0,15432.0,0.4014385692068429,435374.0,954078.0,0.4563295663457285,-0.05489099713888562,-0.06268939443660346,-0.04709259984116779
claude_ai,AU,coursework_share,GLOBAL,1091.0,15903.0,0.06860340816198202,123357.0,983799.0,0.12538841775606602,-0.056785009594084,-0.06076790709274924,-0.05280211209541876
claude_ai,AU,success_rate,GLOBAL,11358.0,15906.0,0.7140701622029423,688027.0,984094.0,0.6991476424000146,0.014922519802927692,0.00784205513774679,0.022002984468108593
claude_ai,AU,work_share,GLOBAL,7309.0,15903.0,0.45959881783311324,445034.0,983799.0,0.4523627285654895,0.007236089267623758,-0.0005718669653483862,0.0150440455005959
claude_ai,AU-ACT,automation_share,AU,85.0,204.0,0.4166666666666667,6110.0,15228.0,0.4012345679012346,0.015432098765432112,-0.05266839266419443,0.08353259019505865
claude_ai,AU-ACT,coursework_share,AU,19.0,223.0,0.08520179372197309,1072.0,15680.0,0.06836734693877551,0.01683444678319758,-0.020020838590050785,0.05368973215644594
claude_ai,AU-ACT,success_rate,AU,173.0,224.0,0.7723214285714286,11185.0,15682.0,0.7132381073842622,0.059083321187166415,0.0037138605862632387,0.11445278178806959
claude_ai,AU-ACT,work_share,AU,110.0,223.0,0.49327354260089684,7199.0,15680.0,0.4591198979591837,0.034153644641713166,-0.03192802893217141,0.10023531821559774
claude_ai,AU-NSW,automation_share,AU,2247.0,5736.0,0.39173640167364016,3948.0,9696.0,0.40717821782178215,-0.015441816148141996,-0.031417462788828836,0.0005338304925448442
claude_ai,AU-NSW,coursework_share,AU,423.0,5910.0,0.0715736040609137,668.0,9993.0,0.06684679275492846,0.0047268113059852485,-0.0034691750829628117,0.012922797694933309
claude_ai,AU-NSW,success_rate,AU,4200.0,5911.0,0.7105396717983421,7158.0,9995.0,0.7161580790395198,-0.005618407241177681,-0.020171681610949385,0.008934867128594025
claude_ai,AU-NSW,work_share,AU,2679.0,5910.0,0.4532994923857868,4630.0,9993.0,0.46332432702892024,-0.010024834643133418,-0.0260459694809248,0.005996300194657963
claude_ai,AU-QLD,automation_share,AU,1110.0,2727.0,0.40704070407040704,5085.0,12705.0,0.4002361275088548,0.006804576561552256,-0.013507767497306675,0.027116920620411187
claude_ai,AU-QLD,coursework_share,AU,170.0,2811.0,0.06047669868374244,921.0,13092.0,0.07034830430797434,-0.0098716056242319,-0.019712398366316657,-3.081288214714338e-05
claude_ai,AU-QLD,success_rate,AU,2020.0,2811.0,0.7186054784774102,9338.0,13095.0,0.7130966017563956,0.005508876721014633,-0.01283146105101091,0.023849214493040175
claude_ai,AU-QLD,work_share,AU,1349.0,2811.0,0.479900391319815,5960.0,13092.0,0.45523984112435073,0.02466055019546426,0.004316618503198616,0.0450044818877299
claude_ai,AU-SA,automation_share,AU,277.0,710.0,0.3901408450704225,5918.0,14722.0,0.4019834261649232,-0.011842581094500704,-0.04858632672174708,0.02490116453274567
claude_ai,AU-SA,coursework_share,AU,56.0,727.0,0.07702888583218707,1035.0,15176.0,0.06819978914074855,0.008829096691438526,-0.010964024894925432,0.028622218277802484
claude_ai,AU-SA,success_rate,AU,506.0,727.0,0.6960110041265475,10852.0,15179.0,0.7149351077146057,-0.018924103588058183,-0.05312359541268199,0.015275388236565622
claude_ai,AU-SA,work_share,AU,307.0,727.0,0.422283356258597,7002.0,15176.0,0.4613863995782815,-0.039103043319684505,-0.07587308942410198,-0.0023329972152670297
claude_ai,AU-VIC,automation_share,AU,1933.0,4769.0,0.40532606416439504,4262.0,10663.0,0.3996998968395386,0.005626167324856435,-0.01112518674329506,0.02237752139300793
claude_ai,AU-VIC,coursework_share,AU,340.0,4906.0,0.06930289441500204,751.0,10997.0,0.06829135218696009,0.0010115422280419506,-0.007516840210844972,0.009539924666928873
claude_ai,AU-VIC,success_rate,AU,3536.0,4907.0,0.7206032198899531,7822.0,10999.0,0.7111555595963269,0.009447660293626203,-0.005697146797925878,0.024592467385178285
claude_ai,AU-VIC,work_share,AU,2270.0,4906.0,0.4626987362413371,5039.0,10997.0,0.45821587705737926,0.004482859183957855,-0.01229193705011556,0.02125765541803127
claude_ai,AU-WA,automation_share,AU,500.0,1157.0,0.43215211754537597,5695.0,14275.0,0.3989492119089317,0.03320290563644429,0.0035495120807332615,0.06285629919215532
claude_ai,AU-WA,coursework_share,AU,75.0,1206.0,0.06218905472636816,1016.0,14697.0,0.06912975437164047,-0.006940699645272309,-0.021174404938737193,0.007293005648192574
claude_ai,AU-WA,success_rate,AU,839.0,1206.0,0.6956882255389718,10519.0,14700.0,0.715578231292517,-0.01989000575354516,-0.046863291398506396,0.007083279891416081
claude_ai,AU-WA,work_share,AU,542.0,1206.0,0.4494195688225539,6767.0,14697.0,0.4604341021977274,-0.011014533375173496,-0.04022308648130542,0.018194019730958428
claude_ai,AZ,automation_share,GLOBAL,322.0,636.0,0.5062893081761006,441247.0,968874.0,0.45542248011609354,0.050866828060007085,0.011997722806671315,0.08973593331334286
claude_ai,AZ,coursework_share,GLOBAL,71.0,657.0,0.1080669710806697,124377.0,999045.0,0.12449589357836734,-0.01642892249769763,-0.040178036969468166,0.007320191974072902
claude_ai,AZ,success_rate,GLOBAL,456.0,657.0,0.6940639269406392,698929.0,999343.0,0.6993884982433459,-0.005324571302706693,-0.040572189221766676,0.02992304661635329
claude_ai,AZ,work_share,GLOBAL,314.0,657.0,0.4779299847792998,452029.0,999045.0,0.45246110035083503,0.02546888442846479,-0.012739761079063903,0.06367752993599349
claude_ai,BA,automation_share,GLOBAL,179.0,383.0,0.46736292428198434,441390.0,969127.0,0.45545114314223006,0.011911781139754274,-0.038066923137528595,0.06189048541703714
claude_ai,BA,coursework_share,GLOBAL,46.0,393.0,0.11704834605597965,124402.0,999309.0,0.12448802122266486,-0.007439675166685214,-0.039230437397269106,0.02435108706389868
claude_ai,BA,success_rate,GLOBAL,272.0,394.0,0.6903553299492385,699113.0,999606.0,0.6993885590922824,-0.00903322914304383,-0.05469579060234233,0.03662933231625467
claude_ai,BA,work_share,GLOBAL,197.0,393.0,0.5012722646310432,452146.0,999309.0,0.45245864892640814,0.048813615704635105,-0.0006303167463093742,0.09825754815557958
claude_ai,BD,automation_share,GLOBAL,1171.0,2346.0,0.49914748508098894,440398.0,967164.0,0.45534986827466695,0.04379761680632199,0.02354023391545702,0.06405499969718696
claude_ai,BD,coursework_share,GLOBAL,454.0,2446.0,0.1856091578086672,123994.0,997256.0,0.12433517572218167,0.061273982086485546,0.04585245895846929,0.0766955052145018
claude_ai,BD,success_rate,GLOBAL,1674.0,2447.0,0.6841029832447896,697711.0,997553.0,0.6994224868252614,-0.01531950358047185,-0.033760745057197616,0.0031217378962539177
claude_ai,BD,work_share,GLOBAL,982.0,2446.0,0.401471790678659,451361.0,997256.0,0.45260294247414906,-0.05113115179549005,-0.07058233941331794,-0.031679964177662154
claude_ai,BD-B,automation_share,BD,111.0,231.0,0.4805194805194805,1060.0,2115.0,0.5011820330969267,-0.020662552577446147,-0.08852529647969498,0.04720019132480269
claude_ai,BD-B,coursework_share,BD,63.0,254.0,0.24803149606299213,391.0,2192.0,0.17837591240875914,0.069655583654233,0.01417826613815152,0.12513290117031448
claude_ai,BD-B,success_rate,BD,173.0,254.0,0.6811023622047244,1501.0,2193.0,0.6844505243958048,-0.0033481621910803616,-0.06387412078768484,0.05717779640552412
claude_ai,BD-B,work_share,BD,75.0,254.0,0.2952755905511811,907.0,2192.0,0.4137773722627737,-0.11850178171159265,-0.17827064016813754,-0.058732923255047746
claude_ai,BD-C,automation_share,BD,871.0,1732.0,0.5028868360277137,300.0,614.0,0.48859934853420195,0.014287487493511719,-0.03173252065545216,0.060307495642475596
claude_ai,BD-C,coursework_share,BD,316.0,1803.0,0.1752634498058791,138.0,643.0,0.21461897356143078,-0.03935552375555168,-0.07561882799429057,-0.003092219516812794
claude_ai,BD-C,success_rate,BD,1230.0,1804.0,0.6818181818181818,444.0,643.0,0.6905132192846034,-0.00869503746642164,-0.05039340418991884,0.03300332925707556
claude_ai,BD-C,work_share,BD,767.0,1803.0,0.42540210759844704,215.0,643.0,0.3343701399688958,0.09103196762955124,0.04801412536010024,0.13404980989900223
claude_ai,BE,automation_share,GLOBAL,1952.0,4684.0,0.41673783091374894,439617.0,964826.0,0.4556438155688176,-0.03890598465506867,-0.05306014372925075,-0.024751825580886597
claude_ai,BE,coursework_share,GLOBAL,497.0,4810.0,0.10332640332640333,123951.0,994892.0,0.12458739240038115,-0.021260989073977818,-0.029887570452765418,-0.012634407695190216
claude_ai,BE,success_rate,GLOBAL,3460.0,4812.0,0.7190357439733999,695925.0,995188.0,0.6992899834001214,0.01974576057327848,0.007014125189851759,0.03247739595670521
claude_ai,BE,work_share,GLOBAL,2162.0,4810.0,0.4494802494802495,450181.0,994892.0,0.4524923308258585,-0.0030120813456089857,-0.017104120779892568,0.011079958088674596
claude_ai,BE-BRU,automation_share,BE,917.0,2227.0,0.4117647058823529,1035.0,2457.0,0.42124542124542125,-0.009480715363068326,-0.03774745386294749,0.01878602313681084
claude_ai,BE-BRU,coursework_share,BE,240.0,2284.0,0.10507880910683012,257.0,2526.0,0.10174188440221694,0.0033369247046131784,-0.01390128315190392,0.020575132561130277
claude_ai,BE-BRU,success_rate,BE,1636.0,2285.0,0.7159737417943107,1824.0,2527.0,0.7218045112781954,-0.0058307694838847235,-0.03126992939002407,0.019608390422254623
claude_ai,BE-BRU,work_share,BE,1010.0,2284.0,0.44220665499124345,1152.0,2526.0,0.45605700712589076,-0.013850352134647304,-0.04199536353731871,0.014294659268024108
claude_ai,BE-VLG,automation_share,BE,797.0,1912.0,0.4168410041841004,1155.0,2772.0,0.4166666666666667,0.00017433751743373138,-0.028552781899494468,0.02890145693436193
claude_ai,BE-VLG,coursework_share,BE,185.0,1966.0,0.09409969481180061,312.0,2844.0,0.10970464135021098,-0.015604946538410366,-0.03288208752743575,0.0016721944506150194
claude_ai,BE-VLG,success_rate,BE,1409.0,1967.0,0.7163192679206914,2051.0,2845.0,0.7209138840070298,-0.004594616086338377,-0.030450804261117275,0.02126157208844052
claude_ai,BE-VLG,work_share,BE,905.0,1966.0,0.46032553407934895,1257.0,2844.0,0.4419831223628692,0.018342411716479767,-0.010268348004673179,0.04695317143763271
claude_ai,BE-WAL,automation_share,BE,238.0,545.0,0.43669724770642204,1714.0,4139.0,0.4141096883305146,0.02258755937590745,-0.02167467319436174,0.06684979194617664
claude_ai,BE-WAL,coursework_share,BE,72.0,560.0,0.12857142857142856,425.0,4250.0,0.1,0.028571428571428553,-0.0005824996272167336,0.057725356770073843
claude_ai,BE-WAL,success_rate,BE,415.0,560.0,0.7410714285714286,3045.0,4252.0,0.7161335841956726,0.02493784437575597,-0.013791903273542017,0.06366759202505395
claude_ai,BE-WAL,work_share,BE,247.0,560.0,0.44107142857142856,1915.0,4250.0,0.4505882352941176,-0.009516806722689064,-0.053276921999575705,0.03424330855419758
claude_ai,BF,automation_share,GLOBAL,231.0,410.0,0.5634146341463414,441338.0,969100.0,0.455410174388608,0.10800445975773343,0.0599863123555402,0.15602260715992666
claude_ai,BF,coursework_share,GLOBAL,174.0,435.0,0.4,124274.0,999267.0,0.12436515966203227,0.27563484033796776,0.229592228558259,0.3216774521176765
claude_ai,BF,success_rate,GLOBAL,304.0,435.0,0.6988505747126437,699081.0,999565.0,0.6993852325761706,-0.0005346578635269106,-0.04365567630831797,0.04258636058126415
claude_ai,BF,work_share,GLOBAL,141.0,435.0,0.32413793103448274,452202.0,999267.0,0.452533707207383,-0.12839577617290027,-0.1723916838782895,-0.08439986846751105
claude_ai,BG,automation_share,GLOBAL,670.0,1521.0,0.44049967126890205,440899.0,967989.0,0.45547934945541735,-0.0149796781865153,-0.03994904451011805,0.009989688137087453
claude_ai,BG,coursework_share,GLOBAL,136.0,1569.0,0.08667941363926067,124312.0,998133.0,0.1245445246274795,-0.037865110988218834,-0.05180257685417827,-0.02392764512225939
claude_ai,BG,success_rate,GLOBAL,1104.0,1569.0,0.7036328871892925,698281.0,998431.0,0.6993783245912837,0.004254562598008826,-0.018359388155539468,0.02686851335155712
claude_ai,BG,work_share,GLOBAL,769.0,1569.0,0.49012109623964306,451574.0,998133.0,0.45241866564876626,0.0377024305908768,0.012947145155683605,0.06245771602607
claude_ai,BG-22,automation_share,BG,410.0,945.0,0.43386243386243384,260.0,576.0,0.4513888888888889,-0.017526455026455057,-0.06900572658681386,0.03395281653390376
claude_ai,BG-22,coursework_share,BG,77.0,974.0,0.07905544147843943,59.0,595.0,0.09915966386554621,-0.020104222387106782,-0.04949629052900841,0.009287845754794848
claude_ai,BG-22,success_rate,BG,681.0,974.0,0.6991786447638604,423.0,595.0,0.7109243697478992,-0.011745724984038808,-0.05818320287173884,0.03469175290366122
claude_ai,BG-22,work_share,BG,487.0,974.0,0.5,282.0,595.0,0.47394957983193275,0.026050420168067245,-0.024898309841854815,0.0769991501779893
claude_ai,BH,automation_share,GLOBAL,111.0,238.0,0.46638655462184875,441458.0,969272.0,0.4554531648494953,0.010933389772353475,-0.052454619896868226,0.07432139944157518
claude_ai,BH,coursework_share,GLOBAL,22.0,258.0,0.08527131782945736,124426.0,999444.0,0.12449521934195412,-0.03922390151249676,-0.07330959786184135,-0.005138205163152165
claude_ai,BH,success_rate,GLOBAL,185.0,258.0,0.7170542635658915,699200.0,999742.0,0.6993804401535596,0.017673823412331924,-0.037296952898161054,0.0726445997228249
claude_ai,BH,work_share,GLOBAL,133.0,258.0,0.5155038759689923,452210.0,999444.0,0.45246156863215947,0.0630423073368328,0.002051703349294963,0.12403291132437064
claude_ai,BJ,automation_share,GLOBAL,257.0,532.0,0.4830827067669173,441312.0,968978.0,0.45544068079977046,0.02764202596714682,-0.014833611822735432,0.07011766375702908
claude_ai,BJ,coursework_share,GLOBAL,139.0,556.0,0.25,124309.0,999146.0,0.12441525062403293,0.1255847493759671,0.08958582656258512,0.16158367218934905
claude_ai,BJ,success_rate,GLOBAL,391.0,556.0,0.7032374100719424,698994.0,999444.0,0.6993828568684188,0.0038545532035235697,-0.034129027226469016,0.041838133633516156
claude_ai,BJ,work_share,GLOBAL,246.0,556.0,0.44244604316546765,452097.0,999146.0,0.45248342084139853,-0.01003737767593088,-0.051333911787703135,0.03125915643584137
claude_ai,BO,automation_share,GLOBAL,327.0,705.0,0.46382978723404256,441242.0,968805.0,0.4554497551106776,0.008380032123364967,-0.028445557005907944,0.04520562125263788
claude_ai,BO,coursework_share,GLOBAL,160.0,728.0,0.21978021978021978,124288.0,998974.0,0.12441565045736926,0.09536456932285052,0.06527654516832254,0.1254525934773785
claude_ai,BO,success_rate,GLOBAL,543.0,728.0,0.7458791208791209,698842.0,999272.0,0.699351127620908,0.046527993258212885,0.014889179009288857,0.07816680750713692
claude_ai,BO,work_share,GLOBAL,311.0,728.0,0.4271978021978022,452032.0,998974.0,0.4524962611639542,-0.025298458966152015,-0.06124585026363383,0.010648932331329797
claude_ai,BO-L,automation_share,BO,193.0,398.0,0.4849246231155779,134.0,307.0,0.4364820846905538,0.048442538425024106,-0.025643391397310228,0.12252846824735844
claude_ai,BO-L,coursework_share,BO,93.0,425.0,0.2188235294117647,67.0,303.0,0.22112211221122113,-0.002298582799456439,-0.06336186692688217,0.05876470132796929
claude_ai,BO-L,success_rate,BO,312.0,425.0,0.7341176470588235,231.0,303.0,0.7623762376237624,-0.028258590564938846,-0.09198577133619393,0.035468590206316236
claude_ai,BO-L,work_share,BO,186.0,425.0,0.4376470588235294,125.0,303.0,0.41254125412541254,0.02510580469811685,-0.04767661205598109,0.09788822145221479
claude_ai,BR,automation_share,GLOBAL,11902.0,24846.0,0.47903082991225954,429667.0,944664.0,0.4548357934673069,0.024195036444952633,0.017902621474404676,0.03048745141550059
claude_ai,BR,coursework_share,GLOBAL,1451.0,25545.0,0.056801722450577415,122997.0,974157.0,0.12625993551347472,-0.06945821306289732,-0.07237231552195128,-0.06654411060384335
claude_ai,BR,success_rate,GLOBAL,17807.0,25548.0,0.6970017222483169,681578.0,974452.0,0.699447484329654,-0.002445762081337066,-0.0081540901574522,0.0032625659947780666
claude_ai,BR,work_share,GLOBAL,14593.0,25545.0,0.5712663926404384,437750.0,974157.0,0.449362885038038,0.12190350760240043,0.11575465634957276,0.12805235885522812
claude_ai,BR-AL,automation_share,BR,105.0,223.0,0.47085201793721976,11797.0,24623.0,0.4791049019209682,-0.00825288398374846,-0.07406341854994376,0.05755765058244684
claude_ai,BR-AL,coursework_share,BR,0.0,224.0,0.0,1451.0,25321.0,0.0573042138936061,-0.0573042138936061,-0.06016703827482424,-0.05444138951238796
claude_ai,BR-AL,success_rate,BR,174.0,237.0,0.7341772151898734,17633.0,25311.0,0.6966536288570186,0.0375235863328548,-0.019005120872898018,0.09405229353860761
claude_ai,BR-AL,work_share,BR,147.0,224.0,0.65625,14446.0,25321.0,0.5705145926306228,0.08573540736937724,0.023237619877427347,0.14823319486132713
claude_ai,BR-AM,automation_share,BR,131.0,265.0,0.49433962264150944,11771.0,24581.0,0.47886579065131607,0.015473831990193365,-0.04504630925584317,0.0759939732362299
claude_ai,BR-AM,coursework_share,BR,19.0,283.0,0.06713780918727916,1432.0,25262.0,0.05668593143852427,0.01045187774875489,-0.018845060343833514,0.039748815841343293
claude_ai,BR-AM,success_rate,BR,198.0,283.0,0.6996466431095406,17609.0,25265.0,0.6969720957846823,0.0026745473248582785,-0.05103474378827765,0.05638383843799421
claude_ai,BR-AM,work_share,BR,156.0,283.0,0.5512367491166078,14437.0,25262.0,0.5714907766605969,-0.020254027543989084,-0.07852274934158408,0.038014694253605916
claude_ai,BR-BA,automation_share,BR,502.0,1037.0,0.4840887174541948,11400.0,23809.0,0.4788105338317443,0.005278183622450472,-0.025793675764499226,0.036350043009400174
claude_ai,BR-BA,coursework_share,BR,65.0,1058.0,0.06143667296786389,1386.0,24487.0,0.05660146200024503,0.0048352109676188595,-0.009921102835170077,0.019591524770407796
claude_ai,BR-BA,success_rate,BR,757.0,1058.0,0.7155009451795841,17050.0,24490.0,0.6962025316455697,0.019298413534014403,-0.008491905207167198,0.047088732275196
claude_ai,BR-BA,work_share,BR,565.0,1058.0,0.5340264650283554,14028.0,24487.0,0.5728754032752073,-0.03884893824685187,-0.06953988363978292,-0.00815799285392083
claude_ai,BR-CE,automation_share,BR,454.0,910.0,0.4989010989010989,11448.0,23936.0,0.4782754010695187,0.020625697831580192,-0.012471544256824257,0.05372293991998464
claude_ai,BR-CE,coursework_share,BR,63.0,940.0,0.06702127659574468,1388.0,24605.0,0.056411298516561674,0.010609978079183006,-0.005633681807545261,0.026853637965911274
claude_ai,BR-CE,success_rate,BR,673.0,940.0,0.7159574468085106,17134.0,24608.0,0.696277633289987,0.019679813518523548,-0.009716051399105897,0.04907567843615299
claude_ai,BR-CE,work_share,BR,499.0,940.0,0.5308510638297872,14094.0,24605.0,0.5728104043893517,-0.04195934055956452,-0.074455761340387,-0.009462919778742036
claude_ai,BR-DF,automation_share,BR,336.0,729.0,0.4609053497942387,11566.0,24117.0,0.4795787204046938,-0.018673370610455098,-0.05540378152820914,0.018057040307298947
claude_ai,BR-DF,coursework_share,BR,47.0,747.0,0.06291834002677377,1404.0,24798.0,0.05661746915073796,0.0063008708760358065,-0.011348101987377558,0.02394984373944917
claude_ai,BR-DF,success_rate,BR,502.0,747.0,0.6720214190093708,17305.0,24801.0,0.6977541228176283,-0.02573270380825743,-0.05988183439347397,0.008416426776959113
claude_ai,BR-DF,work_share,BR,457.0,747.0,0.6117804551539491,14136.0,24798.0,0.5700459714493105,0.041734483704638614,0.006246634202998265,0.07722233320627897
claude_ai,BR-ES,automation_share,BR,172.0,337.0,0.5103857566765578,11730.0,24509.0,0.4785996980700967,0.03178605860646111,-0.021951599219582313,0.08552371643250453
claude_ai,BR-ES,coursework_share,BR,19.0,344.0,0.055232558139534885,1432.0,25201.0,0.05682314193881195,-0.0015905837992770677,-0.025899191582877717,0.02271802398432358
claude_ai,BR-ES,success_rate,BR,229.0,344.0,0.6656976744186046,17578.0,25204.0,0.6974289795270592,-0.031731305108454566,-0.08190514601566574,0.018442535798756612
claude_ai,BR-ES,work_share,BR,194.0,344.0,0.563953488372093,14399.0,25201.0,0.571366215626364,-0.007412727254271001,-0.06017178613108415,0.045346331622542146
claude_ai,BR-GO,automation_share,BR,425.0,822.0,0.5170316301703163,11477.0,24024.0,0.47773060273060275,0.03930102743971353,0.004560394866991863,0.0740416600124352
claude_ai,BR-GO,coursework_share,BR,46.0,842.0,0.05463182897862233,1405.0,24703.0,0.05687568311541109,-0.0022438541367887574,-0.017863730811055557,0.013376022537478044
claude_ai,BR-GO,success_rate,BR,591.0,842.0,0.7019002375296912,17216.0,24706.0,0.6968347769772525,0.0050654605524387275,-0.026358783805435604,0.03648970491031306
claude_ai,BR-GO,work_share,BR,551.0,842.0,0.6543942992874109,14042.0,24703.0,0.5684329838481156,0.0859613154392953,0.05325032594042107,0.11867230493816955
claude_ai,BR-MA,automation_share,BR,123.0,232.0,0.5301724137931034,11779.0,24614.0,0.478548793369627,0.0516236204234764,-0.012901779631534091,0.1161490204784869
claude_ai,BR-MA,coursework_share,BR,28.0,252.0,0.1111111111111111,1423.0,25293.0,0.05626062546949749,0.054850485641613614,0.01594433606042773,0.0937566352227995
claude_ai,BR-MA,success_rate,BR,170.0,252.0,0.6746031746031746,17637.0,25296.0,0.6972248576850095,-0.022621683081834876,-0.08074589605912502,0.03550252989545528
claude_ai,BR-MA,work_share,BR,135.0,252.0,0.5357142857142857,14458.0,25293.0,0.5716206064919147,-0.03590632077762901,-0.09778409187919182,0.025971450323933803
claude_ai,BR-MG,automation_share,BR,1020.0,2006.0,0.5084745762711864,10882.0,22840.0,0.4764448336252189,0.03202974264596753,0.009213479006666796,0.05484600628526826
claude_ai,BR-MG,coursework_share,BR,139.0,2064.0,0.06734496124031007,1312.0,23481.0,0.05587496273582897,0.011469998504481105,0.0002657841993779688,0.02267421280958424
claude_ai,BR-MG,success_rate,BR,1429.0,2064.0,0.6923449612403101,16378.0,23484.0,0.6974110032362459,-0.005066041995935855,-0.025825893510570887,0.015693809518699177
claude_ai,BR-MG,work_share,BR,1142.0,2064.0,0.5532945736434108,13451.0,23481.0,0.5728461309143563,-0.019551557270945485,-0.04191350154515371,0.0028103870032627418
claude_ai,BR-MS,success_rate,BR,142.0,207.0,0.6859903381642513,17665.0,25341.0,0.6970916696262973,-0.01110133146204606,-0.07458079453238195,0.05237813160828983
claude_ai,BR-MT,automation_share,BR,156.0,313.0,0.4984025559105431,11746.0,24533.0,0.47878367912607506,0.019618876784468053,-0.036125325357458014,0.07536307892639413
claude_ai,BR-MT,coursework_share,BR,21.0,333.0,0.06306306306306306,1430.0,25212.0,0.056719022687609075,0.006344040375453983,-0.019919803038489666,0.032607883789397635
claude_ai,BR-MT,success_rate,BR,247.0,333.0,0.7417417417417418,17560.0,25215.0,0.6964108665476899,0.04533087519405188,-0.0020201794355626523,0.09268192982366641
claude_ai,BR-MT,work_share,BR,196.0,333.0,0.5885885885885885,14397.0,25212.0,0.5710376011423132,0.017550987446275368,-0.0356549490888739,0.07075692398142464
claude_ai,BR-PA,automation_share,BR,149.0,270.0,0.5518518518518518,11753.0,24576.0,0.4782307942708333,0.0736210575810185,0.013973863769249556,0.13326825139278745
claude_ai,BR-PA,coursework_share,BR,19.0,287.0,0.06620209059233449,1432.0,25258.0,0.0566949085438277,0.009507182048506792,-0.01939972082021788,0.03841408491723146
claude_ai,BR-PA,success_rate,BR,213.0,287.0,0.7421602787456446,17594.0,25261.0,0.6964886584062389,0.04567162033940575,-0.005255287427698187,0.09659852810650968
claude_ai,BR-PA,work_share,BR,154.0,287.0,0.5365853658536586,14439.0,25258.0,0.5716604640114024,-0.03507509815774379,-0.09308947444985072,0.02293927813436314
claude_ai,BR-PB,automation_share,BR,180.0,328.0,0.5487804878048781,11722.0,24518.0,0.47809772412105395,0.07068276368382415,0.016467680463801086,0.1248978469038472
claude_ai,BR-PB,coursework_share,BR,34.0,342.0,0.09941520467836257,1417.0,25203.0,0.05622346546046106,0.04319173921790151,0.011351881441126269,0.07503159699467675
claude_ai,BR-PB,success_rate,BR,230.0,342.0,0.672514619883041,17577.0,25206.0,0.6973339681028327,-0.024819348219791704,-0.07487984323995439,0.025241146800370984
claude_ai,BR-PB,work_share,BR,204.0,342.0,0.5964912280701754,14389.0,25203.0,0.5709240963377376,0.025567131732437853,-0.026786892215837292,0.077921155680713
claude_ai,BR-PE,automation_share,BR,411.0,872.0,0.4713302752293578,11491.0,23974.0,0.47931092016351046,-0.00798064493415268,-0.041711143073097874,0.025749853204792512
claude_ai,BR-PE,coursework_share,BR,69.0,890.0,0.07752808988764046,1382.0,24655.0,0.05605353883593592,0.021474551051704538,0.0036716646131673483,0.03927743749024173
claude_ai,BR-PE,success_rate,BR,633.0,891.0,0.7104377104377104,17174.0,24657.0,0.6965162022954942,0.013921508142216266,-0.016408185461296923,0.044251201745729454
claude_ai,BR-PE,work_share,BR,522.0,890.0,0.5865168539325842,14071.0,24655.0,0.5707158791320219,0.015800974800562306,-0.01713785475806545,0.048739804359190064
claude_ai,BR-PR,automation_share,BR,746.0,1517.0,0.4917600527356625,11156.0,23329.0,0.4782030948604741,0.013556957875188402,-0.012404727324291476,0.03951864307466828
claude_ai,BR-PR,coursework_share,BR,77.0,1555.0,0.049517684887459806,1374.0,23990.0,0.057273864110045855,-0.007756179222586049,-0.018932990598104535,0.003420632152932439
claude_ai,BR-PR,success_rate,BR,1081.0,1556.0,0.6947300771208226,16726.0,23992.0,0.6971490496832278,-0.002418972562405197,-0.026028507888168236,0.021190562763357842
claude_ai,BR-PR,work_share,BR,948.0,1555.0,0.6096463022508039,13645.0,23990.0,0.5687786577740725,0.0408676444767313,0.01582377284674717,0.06591151610671543
claude_ai,BR-RJ,automation_share,BR,1009.0,2286.0,0.44138232720909887,10893.0,22560.0,0.48284574468085106,-0.041463417471752195,-0.06283791351452203,-0.020088921428982356
claude_ai,BR-RJ,coursework_share,BR,119.0,2349.0,0.05065985525755641,1332.0,23196.0,0.05742369374030005,-0.006763838482743638,-0.01612423547608256,0.0025965585105952836
claude_ai,BR-RJ,success_rate,BR,1662.0,2350.0,0.7072340425531914,16145.0,23198.0,0.6959651694111562,0.011268873142035285,-0.008057709005387746,0.030595455289458316
claude_ai,BR-RJ,work_share,BR,1277.0,2349.0,0.5436355896126011,13316.0,23196.0,0.5740644938782549,-0.03042890426565381,-0.051553205201440584,-0.009304603329867038
claude_ai,BR-RN,automation_share,BR,125.0,252.0,0.49603174603174605,11777.0,24594.0,0.47885663169878834,0.01717511433295771,-0.044872056455114204,0.07922228512102962
claude_ai,BR-RN,coursework_share,BR,15.0,271.0,0.055350553505535055,1436.0,25274.0,0.05681728258289151,-0.0014667290773564545,-0.02884090634840955,0.02590744819369664
claude_ai,BR-RN,success_rate,BR,205.0,271.0,0.7564575645756457,17602.0,25277.0,0.6963642837362028,0.060093280839442875,0.00867628748714281,0.11151027419174295
claude_ai,BR-RN,work_share,BR,166.0,271.0,0.6125461254612546,14427.0,25274.0,0.5708237714647464,0.041722353996508255,-0.01660080500556505,0.10004551299858155
claude_ai,BR-RS,automation_share,BR,563.0,1214.0,0.46375617792421747,11339.0,23632.0,0.47981550440081244,-0.01605932647659497,-0.04482598336599457,0.012707330412804623
claude_ai,BR-RS,coursework_share,BR,59.0,1253.0,0.047086991221069435,1392.0,24292.0,0.057302815741808004,-0.010215824520738569,-0.022303423721025416,0.0018717746795482767
claude_ai,BR-RS,success_rate,BR,861.0,1253.0,0.6871508379888268,16946.0,24295.0,0.697509775674007,-0.010358937685180147,-0.03667352618882077,0.015955650818460475
claude_ai,BR-RS,work_share,BR,703.0,1253.0,0.5610534716679968,13890.0,24292.0,0.5717931829408859,-0.010739711272889085,-0.03891368301749466,0.017434260471716496
claude_ai,BR-SC,automation_share,BR,679.0,1448.0,0.46892265193370164,11223.0,23398.0,0.4796563808872553,-0.010733728953553678,-0.03722288999765415,0.015755432090546796
claude_ai,BR-SC,coursework_share,BR,55.0,1482.0,0.037112010796221326,1396.0,24063.0,0.05801437892199643,-0.020902368125775103,-0.030969893877343252,-0.010834842374206954
claude_ai,BR-SC,success_rate,BR,1030.0,1482.0,0.6950067476383266,16777.0,24066.0,0.6971245740879248,-0.002117826449598237,-0.026266803427374853,0.02203115052817838
claude_ai,BR-SC,work_share,BR,893.0,1482.0,0.6025641025641025,13700.0,24063.0,0.5693388189336326,0.03322528363046995,0.007536386644437055,0.058914180616502845
claude_ai,BR-SP,automation_share,BR,4152.0,8822.0,0.4706415778734981,7750.0,16024.0,0.4836495257114328,-0.013007947837934741,-0.025983304524994408,-3.259115087507654e-05
claude_ai,BR-SP,coursework_share,BR,475.0,9083.0,0.05229549708246174,976.0,16462.0,0.059288057344186615,-0.006992560261724873,-0.012821511002318315,-0.0011636095211314309
claude_ai,BR-SP,success_rate,BR,6274.0,9083.0,0.690740944621821,11533.0,16465.0,0.7004555116914667,-0.009714567069645685,-0.02151723037886322,0.0020880962395718496
claude_ai,BR-SP,work_share,BR,5179.0,9083.0,0.5701860618738303,9414.0,16462.0,0.5718624711456688,-0.0016764092718385415,-0.01435662313666011,0.011003804592983026
claude_ai,BR-TO,success_rate,BR,141.0,204.0,0.6911764705882353,17666.0,25344.0,0.6970486111111112,-0.005872140522875879,-0.06952427998746939,0.057779998941717634
claude_ai,CA,automation_share,GLOBAL,9997.0,25173.0,0.3971318476145076,431572.0,944337.0,0.45701057990950267,-0.059878732294995074,-0.06600626070815908,-0.05375120388183107
claude_ai,CA,coursework_share,GLOBAL,3819.0,25893.0,0.14749160004634457,120629.0,973809.0,0.12387336736464748,0.02361823268169709,0.019249805311481145,0.027986660051913036
claude_ai,CA,success_rate,GLOBAL,18745.0,25902.0,0.7236892904022856,680640.0,974098.0,0.6987387306000012,0.024950559802284333,0.019429031673877377,0.03047208793069129
claude_ai,CA,work_share,GLOBAL,10269.0,25893.0,0.39659367396593675,442074.0,973809.0,0.45396376496828433,-0.05737009100234758,-0.06341016833840366,-0.0513300136662915
claude_ai,CA-AB,automation_share,CA,1067.0,2543.0,0.4195831694848604,8930.0,22630.0,0.3946089262041538,0.02497424328070663,0.004764130394702377,0.04518435616671089
claude_ai,CA-AB,coursework_share,CA,333.0,2641.0,0.12608860280196896,3486.0,23252.0,0.1499225873043179,-0.023833984502348943,-0.03730019754333287,-0.010367771461365017
claude_ai,CA-AB,success_rate,CA,1812.0,2641.0,0.6861037485800833,16933.0,23261.0,0.727956665663557,-0.04185291708347372,-0.06045336367138654,-0.02325247049556089
claude_ai,CA-AB,work_share,CA,1027.0,2641.0,0.3888678530859523,9242.0,23252.0,0.397471185274385,-0.008603332188432733,-0.028231182280003465,0.011024517903138
claude_ai,CA-BC,automation_share,CA,1844.0,4753.0,0.38796549547654113,8153.0,20420.0,0.39926542605288934,-0.011299930576348205,-0.026696041773581414,0.0040961806208850045
claude_ai,CA-BC,coursework_share,CA,628.0,4894.0,0.128320392317123,3191.0,20999.0,0.15195961712462497,-0.02363922480750197,-0.03419273675768357,-0.013085712857320367
claude_ai,CA-BC,success_rate,CA,3510.0,4895.0,0.7170582226762002,15235.0,21007.0,0.7252344456609702,-0.008176222984769943,-0.022164280814672147,0.005811834845132261
claude_ai,CA-BC,work_share,CA,1944.0,4894.0,0.3972210870453617,8325.0,20999.0,0.39644744987856567,0.0007736371667960151,-0.0144487855290129,0.015996059862604932
claude_ai,CA-MB,automation_share,CA,171.0,434.0,0.39400921658986177,9826.0,24739.0,0.39718662840050123,-0.0031774118106394633,-0.04955244427702638,0.043197620655747455
claude_ai,CA-MB,coursework_share,CA,67.0,446.0,0.15022421524663676,3752.0,25447.0,0.14744370652729202,0.0027805087193447375,-0.03066412587069109,0.036225143309380564
claude_ai,CA-MB,success_rate,CA,310.0,446.0,0.695067264573991,18435.0,25456.0,0.7241907605279698,-0.029123495953978784,-0.07220195340963698,0.013954961501679415
claude_ai,CA-MB,work_share,CA,150.0,446.0,0.336322869955157,10119.0,25447.0,0.3976500176838134,-0.06132714772865644,-0.10558510555456195,-0.017069189902750928
claude_ai,CA-NB,automation_share,CA,108.0,220.0,0.4909090909090909,9889.0,24953.0,0.3963050535005811,0.09460403740850981,0.028265177213558937,0.1609428976034607
claude_ai,CA-NB,coursework_share,CA,34.0,240.0,0.14166666666666666,3785.0,25653.0,0.14754609597318052,-0.005879429306513861,-0.05021002265452228,0.038451164041494554
claude_ai,CA-NB,success_rate,CA,167.0,240.0,0.6958333333333333,18578.0,25662.0,0.723949809056192,-0.02811647572285869,-0.08657771837014773,0.030344766924430347
claude_ai,CA-NB,work_share,CA,97.0,240.0,0.4041666666666667,10172.0,25653.0,0.39652282384126614,0.0076438428254005375,-0.054729994906080916,0.07001768055688198
claude_ai,CA-NS,automation_share,CA,195.0,469.0,0.4157782515991471,9802.0,24704.0,0.39677784974093266,0.019000401858214444,-0.026020471624563654,0.06402127534099254
claude_ai,CA-NS,coursework_share,CA,66.0,487.0,0.13552361396303902,3753.0,25406.0,0.14772101078485397,-0.012197396821814949,-0.04290905316117921,0.018514259517549314
claude_ai,CA-NS,success_rate,CA,367.0,487.0,0.7535934291581109,18378.0,25415.0,0.723116269919339,0.030477159238771923,-0.008188648068107325,0.06914296654565116
claude_ai,CA-NS,work_share,CA,194.0,487.0,0.39835728952772076,10075.0,25406.0,0.39655986774777613,0.0017974217799446301,-0.04209747800069344,0.0456923215605827
claude_ai,CA-ON,automation_share,CA,4296.0,11087.0,0.38748083340849643,5701.0,14086.0,0.40472809882152494,-0.017247265413028512,-0.02941044197006008,-0.005084088855996944
claude_ai,CA-ON,coursework_share,CA,1772.0,11373.0,0.15580761452563088,2047.0,14520.0,0.14097796143250688,0.014829653093124007,0.0060849575671902845,0.02357434861905773
claude_ai,CA-ON,success_rate,CA,8317.0,11381.0,0.7307793691239786,10428.0,14521.0,0.7181323600303009,0.012647009093677664,0.0016944007383526954,0.02359961744900263
claude_ai,CA-ON,work_share,CA,4580.0,11373.0,0.4027081684691814,5689.0,14520.0,0.3918044077134986,0.010903760755682779,-0.0011084976726376834,0.02291601918400324
claude_ai,CA-QC,automation_share,CA,2151.0,5245.0,0.4101048617731173,7846.0,19928.0,0.3937173825772782,0.016387479195839105,0.0014474400134332783,0.031327518378244934
claude_ai,CA-QC,coursework_share,CA,839.0,5379.0,0.15597694738799034,2980.0,20514.0,0.14526664716778787,0.010710300220202473,-0.0001189654142861353,0.021539565854691082
claude_ai,CA-QC,success_rate,CA,3941.0,5379.0,0.7326640639524075,14804.0,20523.0,0.7213370364956391,0.01132702745676839,-0.0019963206753296527,0.024650375588866433
claude_ai,CA-QC,work_share,CA,2118.0,5379.0,0.39375348577802566,8151.0,20514.0,0.3973384030418251,-0.0035849172637994475,-0.018258954661125197,0.011089120133526304
claude_ai,CA-SK,automation_share,CA,108.0,263.0,0.41064638783269963,9889.0,24910.0,0.3969891609795263,0.013657226853173332,-0.046109045670934136,0.0734234993772808
claude_ai,CA-SK,coursework_share,CA,52.0,290.0,0.1793103448275862,3767.0,25603.0,0.14713119556301996,0.03217914926456625,-0.012185441365255026,0.07654373989438752
claude_ai,CA-SK,success_rate,CA,211.0,290.0,0.7275862068965517,18534.0,25612.0,0.7236451663282836,0.0039410405682681615,-0.0475913823908274,0.05547346352736372
claude_ai,CA-SK,work_share,CA,106.0,290.0,0.36551724137931035,10163.0,25603.0,0.39694567042924656,-0.0314284290499362,-0.08717843913732697,0.024321581037454562
claude_ai,CH,automation_share,GLOBAL,2461.0,6145.0,0.4004882017900732,439108.0,963365.0,0.4558064700295319,-0.05531826823945868,-0.06761005840497157,-0.043026478073945794
claude_ai,CH,coursework_share,GLOBAL,416.0,6287.0,0.06616828376013997,124032.0,993415.0,0.12485416467438079,-0.05868588091424082,-0.06486476763074987,-0.052506994197731756
claude_ai,CH,success_rate,GLOBAL,4474.0,6287.0,0.7116271671703516,694911.0,993713.0,0.6993075465451293,0.012319620625222294,0.0010854513473929524,0.023553789903051636
claude_ai,CH,work_share,GLOBAL,2884.0,6287.0,0.45872435183712423,449459.0,993415.0,0.45243830624663406,0.006286045590490175,-0.006070194428592664,0.01864228560957301
claude_ai,CH-AG,automation_share,CH,89.0,223.0,0.3991031390134529,2372.0,5922.0,0.4005403579871665,-0.001437218973713572,-0.0669132556160947,0.06403881766866755
claude_ai,CH-AG,coursework_share,CH,26.0,237.0,0.10970464135021098,390.0,6050.0,0.06446280991735537,0.04524183143285561,0.004974639480191258,0.08550902338551997
claude_ai,CH-AG,success_rate,CH,170.0,237.0,0.7172995780590717,4304.0,6050.0,0.7114049586776859,0.005894619381385802,-0.05256304291171386,0.06435228167448546
claude_ai,CH-AG,work_share,CH,100.0,237.0,0.4219409282700422,2784.0,6050.0,0.4601652892561984,-0.03822436098615617,-0.10234370433367765,0.02589498236136531
claude_ai,CH-BE,automation_share,CH,189.0,469.0,0.40298507462686567,2272.0,5676.0,0.4002818886539817,0.0027031859728839924,-0.04348275946528591,0.048889131411053895
claude_ai,CH-BE,coursework_share,CH,34.0,476.0,0.07142857142857142,382.0,5811.0,0.065737394596455,0.0056911768321164236,-0.018306649688146475,0.029689003352379322
claude_ai,CH-BE,success_rate,CH,321.0,476.0,0.6743697478991597,4153.0,5811.0,0.7146790569609361,-0.04030930906177643,-0.08397929139249122,0.003360673268938359
claude_ai,CH-BE,work_share,CH,224.0,476.0,0.47058823529411764,2660.0,5811.0,0.45775253828945106,0.01283569700466658,-0.03379860788613803,0.05947000189547119
claude_ai,CH-GE,automation_share,CH,244.0,618.0,0.3948220064724919,2217.0,5527.0,0.40112176587660575,-0.006299759404113869,-0.046947624922869524,0.034348106114641785
claude_ai,CH-GE,coursework_share,CH,45.0,627.0,0.07177033492822966,371.0,5660.0,0.06554770318021201,0.006222631748017654,-0.014984598172032657,0.027429861668067965
claude_ai,CH-GE,success_rate,CH,448.0,627.0,0.7145135566188198,4026.0,5660.0,0.7113074204946996,0.003206136124120129,-0.034065519941903134,0.04047779219014339
claude_ai,CH-GE,work_share,CH,316.0,627.0,0.5039872408293461,2568.0,5660.0,0.45371024734982335,0.05027699347952275,0.009047529856116288,0.0915064571029292
claude_ai,CH-VD,automation_share,CH,287.0,719.0,0.3991655076495132,2174.0,5426.0,0.4006634721710284,-0.0014979645215151827,-0.039595630488058475,0.03659970144502811
claude_ai,CH-VD,coursework_share,CH,42.0,734.0,0.05722070844686648,374.0,5553.0,0.06735098145146767,-0.01013027300460119,-0.028180209256155983,0.007919663246953604
claude_ai,CH-VD,success_rate,CH,533.0,734.0,0.726158038147139,3941.0,5553.0,0.709706464973888,0.016451573173250966,-0.017947265080454716,0.05085041142695665
claude_ai,CH-VD,work_share,CH,318.0,734.0,0.4332425068119891,2566.0,5553.0,0.4620925625787862,-0.02885005576679711,-0.06702176798585756,0.009321656452263336
claude_ai,CH-ZH,automation_share,CH,1082.0,2676.0,0.40433482810164423,1379.0,3469.0,0.39752089939463825,0.006813928707005978,-0.017904038203947654,0.03153189561795961
claude_ai,CH-ZH,coursework_share,CH,163.0,2747.0,0.059337459046232256,253.0,3540.0,0.07146892655367232,-0.012131467507440062,-0.02438188510499066,0.0001189500901105367
claude_ai,CH-ZH,success_rate,CH,1977.0,2747.0,0.7196942118674918,2497.0,3540.0,0.7053672316384181,0.014326980229073749,-0.008204115071780975,0.03685807552992847
claude_ai,CH-ZH,work_share,CH,1264.0,2747.0,0.46013833272661087,1620.0,3540.0,0.4576271186440678,0.0025112140825430673,-0.02232317065820267,0.027345598823288804
claude_ai,CI,automation_share,GLOBAL,526.0,1012.0,0.5197628458498024,441043.0,968498.0,0.4553886533580864,0.06437419249171594,0.033576254579474135,0.09517213040395775
claude_ai,CI,coursework_share,GLOBAL,329.0,1044.0,0.31513409961685823,124119.0,998658.0,0.12428579153223626,0.19084830808462197,0.16265988762770583,0.2190367285415381
claude_ai,CI,success_rate,GLOBAL,765.0,1044.0,0.7327586206896551,698620.0,998956.0,0.699350121526874,0.0334084991627811,0.006550004104493468,0.06026699422106874
claude_ai,CI,work_share,GLOBAL,382.0,1044.0,0.36590038314176243,451961.0,998658.0,0.4525683467213,-0.08666796357953754,-0.11590331131527756,-0.057432615843797524
claude_ai,CL,automation_share,GLOBAL,1184.0,2642.0,0.4481453444360333,440385.0,966868.0,0.4554758250350617,-0.007330480599028355,-0.02631963860244923,0.011658677404392519
claude_ai,CL,coursework_share,GLOBAL,132.0,2720.0,0.04852941176470588,124316.0,996982.0,0.12469232142606386,-0.07616290966135797,-0.08426445130767353,-0.06806136801504241
claude_ai,CL,success_rate,GLOBAL,1885.0,2720.0,0.6930147058823529,697500.0,997280.0,0.6994023744585272,-0.0063876685761742324,-0.02374512630689685,0.010969789154548385
claude_ai,CL,work_share,GLOBAL,1359.0,2720.0,0.49963235294117647,450984.0,996982.0,0.45234918985498235,0.047283163086194124,0.02846714324896744,0.0660991829234208
claude_ai,CL-RM,automation_share,CL,916.0,2047.0,0.4474841231069858,268.0,595.0,0.4504201680672269,-0.00293604496024108,-0.04834799532302078,0.04247590540253862
claude_ai,CL-RM,coursework_share,CL,102.0,2108.0,0.04838709677419355,30.0,612.0,0.049019607843137254,-0.0006325110689437072,-0.020036947332074596,0.018771925194187182
claude_ai,CL-RM,success_rate,CL,1461.0,2108.0,0.6930740037950665,424.0,612.0,0.6928104575163399,0.00026354627872660075,-0.041252557759229404,0.041779650316682605
claude_ai,CL-RM,work_share,CL,1071.0,2108.0,0.5080645161290323,288.0,612.0,0.47058823529411764,0.03747628083491461,-0.007460677325501916,0.08241323899533114
claude_ai,CM,automation_share,GLOBAL,549.0,1088.0,0.5045955882352942,441020.0,968422.0,0.4554006414558942,0.04919494677939995,0.019469034784545335,0.07892085877425456
claude_ai,CM,coursework_share,GLOBAL,380.0,1118.0,0.33989266547406083,124068.0,998584.0,0.12424392940403611,0.21564873607002472,0.1878751976713253,0.24342227446872414
claude_ai,CM,success_rate,GLOBAL,764.0,1118.0,0.6833631484794276,698621.0,998882.0,0.6994029324785109,-0.016039783999083346,-0.04332187758159971,0.01124230958343302
claude_ai,CM,work_share,GLOBAL,379.0,1118.0,0.33899821109123435,451964.0,998584.0,0.45260488852214736,-0.11360667743091302,-0.1413720704597368,-0.08584128440208924
claude_ai,CM-CE,automation_share,CM,290.0,537.0,0.5400372439478585,259.0,551.0,0.47005444646098005,0.06998279748687841,0.01070592545991085,0.129259669513846
claude_ai,CM-CE,coursework_share,CM,185.0,559.0,0.33094812164579607,195.0,559.0,0.3488372093023256,-0.017889087656529523,-0.07341118921835185,0.037633013905292806
claude_ai,CM-CE,success_rate,CM,379.0,559.0,0.6779964221824687,385.0,559.0,0.6887298747763864,-0.01073345259391767,-0.06526436520092997,0.04379746001309463
claude_ai,CM-CE,work_share,CM,201.0,559.0,0.3595706618962433,178.0,559.0,0.3184257602862254,0.04114490161001794,-0.014299112265013424,0.0965889154850493
claude_ai,CM-LT,automation_share,CM,172.0,379.0,0.45382585751978893,377.0,709.0,0.5317348377997179,-0.07790898027992893,-0.14005037764498282,-0.01576758291487504
claude_ai,CM-LT,coursework_share,CM,120.0,399.0,0.3007518796992481,260.0,719.0,0.3616133518776078,-0.06086147217835969,-0.11794217318592387,-0.003780771170795512
claude_ai,CM-LT,success_rate,CM,270.0,399.0,0.6766917293233082,494.0,719.0,0.6870653685674548,-0.010373639244146582,-0.06742803793879647,0.046680759450503304
claude_ai,CM-LT,work_share,CM,140.0,399.0,0.3508771929824561,239.0,719.0,0.33240611961057026,0.01847107337188586,-0.03965451810381822,0.07659666484758994
claude_ai,CO,automation_share,GLOBAL,3133.0,6726.0,0.46580434136187926,438436.0,962784.0,0.4553835543590255,0.01042078700285376,-0.0015421089362818354,0.022383682941989357
claude_ai,CO,coursework_share,GLOBAL,1301.0,6908.0,0.188332368268674,123147.0,992794.0,0.12404083828065036,0.06429152998802364,0.05504874545370286,0.07353431452234441
claude_ai,CO,success_rate,GLOBAL,4960.0,6908.0,0.7180081065431384,694425.0,993092.0,0.699255456694848,0.018752649848290392,0.008103225947243773,0.02940207374933701
claude_ai,CO,work_share,GLOBAL,3479.0,6908.0,0.5036189924724956,448864.0,992794.0,0.45212199106763334,0.0514970014048623,0.03966575327757419,0.06332824953215041
claude_ai,CO-ANT,automation_share,CO,565.0,1242.0,0.45491143317230276,2568.0,5484.0,0.4682713347921225,-0.013359901619819758,-0.044042196154905365,0.017322392915265848
claude_ai,CO-ANT,coursework_share,CO,185.0,1279.0,0.14464425332290853,1116.0,5629.0,0.19825901581097885,-0.05361476248807032,-0.07552575098699346,-0.03170377398914718
claude_ai,CO-ANT,success_rate,CO,902.0,1279.0,0.7052384675527756,4058.0,5629.0,0.7209095754130396,-0.015671107860263933,-0.043269849973996355,0.011927634253468485
claude_ai,CO-ANT,work_share,CO,712.0,1279.0,0.5566849100860047,2767.0,5629.0,0.49156155622668324,0.0651233538593215,0.03492706434517152,0.09531964337347149
claude_ai,CO-ATL,automation_share,CO,152.0,307.0,0.495114006514658,2981.0,6419.0,0.4644025549150958,0.03071145159956218,-0.02653276190811353,0.08795566510723789
claude_ai,CO-ATL,coursework_share,CO,80.0,325.0,0.24615384615384617,1221.0,6583.0,0.18547774570864348,0.06067610044520269,0.0129103825815012,0.10844181830890418
claude_ai,CO-ATL,success_rate,CO,251.0,325.0,0.7723076923076924,4709.0,6583.0,0.7153273583472581,0.056980333960434226,0.01010371811962222,0.10385694980124624
claude_ai,CO-ATL,work_share,CO,128.0,325.0,0.39384615384615385,3351.0,6583.0,0.5090384323256874,-0.1151922784795335,-0.16966907537654127,-0.06071548158252573
claude_ai,CO-DC,automation_share,CO,1380.0,3093.0,0.44616876818622697,1753.0,3633.0,0.4825213322323149,-0.03635256404608794,-0.06024691322965542,-0.012458214862520467
claude_ai,CO-DC,coursework_share,CO,631.0,3174.0,0.19880277252678008,670.0,3734.0,0.17943224424209964,0.019370528284680444,0.0008162460430174746,0.03792481052634342
claude_ai,CO-DC,success_rate,CO,2289.0,3174.0,0.72117202268431,2671.0,3734.0,0.7153186930905195,0.0058533295937904795,-0.015427728978448414,0.027134388166029373
claude_ai,CO-DC,work_share,CO,1564.0,3174.0,0.4927536231884058,1915.0,3734.0,0.5128548473486877,-0.020101224160281872,-0.043756117904472154,0.00355366958390841
claude_ai,CO-SAN,automation_share,CO,131.0,269.0,0.48698884758364314,3002.0,6457.0,0.46492179030509523,0.022067057278547908,-0.03889070114709395,0.08302481570418976
claude_ai,CO-SAN,coursework_share,CO,56.0,273.0,0.20512820512820512,1245.0,6635.0,0.18764129615674455,0.017486908971460574,-0.031325708258793286,0.06629952620171443
claude_ai,CO-SAN,success_rate,CO,203.0,273.0,0.7435897435897436,4757.0,6635.0,0.7169555388093444,0.02663420478039924,-0.026285355571576012,0.0795537651323745
claude_ai,CO-SAN,work_share,CO,138.0,273.0,0.5054945054945055,3341.0,6635.0,0.5035418236623964,0.00195268183210906,-0.05856396202672972,0.06246932569094784
claude_ai,CO-VAC,automation_share,CO,295.0,562.0,0.5249110320284698,2838.0,6164.0,0.46041531473069436,0.06449571729777542,0.02137395650088965,0.1076174780946612
claude_ai,CO-VAC,coursework_share,CO,118.0,586.0,0.20136518771331058,1183.0,6322.0,0.1871243277443847,0.014240859968925879,-0.019621928014940407,0.048103647952792164
claude_ai,CO-VAC,success_rate,CO,411.0,586.0,0.7013651877133106,4549.0,6322.0,0.71955077507118,-0.01818558735786946,-0.0568600479903211,0.02048887327458218
claude_ai,CO-VAC,work_share,CO,317.0,586.0,0.5409556313993175,3162.0,6322.0,0.500158177791838,0.04079745360747944,-0.0013905258118190114,0.08298543302677788
claude_ai,CR,automation_share,GLOBAL,324.0,750.0,0.432,441245.0,968760.0,0.4554740080102399,-0.02347400801023991,-0.05893993669384628,0.011991920673366456
claude_ai,CR,coursework_share,GLOBAL,130.0,771.0,0.16861219195849547,124318.0,998931.0,0.12445103815979282,0.044161153798702654,0.017724564104856726,0.07059774349254858
claude_ai,CR,success_rate,GLOBAL,560.0,772.0,0.7253886010362695,698825.0,999228.0,0.6993649097102963,0.026023691325973153,-0.005473299887403922,0.05752068253935023
claude_ai,CR,work_share,GLOBAL,333.0,771.0,0.43190661478599224,452010.0,998931.0,0.4524937157821711,-0.020587100996178886,-0.05556573422669055,0.014391532234332774
claude_ai,CR-SJ,automation_share,CR,237.0,545.0,0.43486238532110094,87.0,205.0,0.424390243902439,0.010472141418661929,-0.06896362970089864,0.0899079125382225
claude_ai,CR-SJ,coursework_share,CR,88.0,557.0,0.15798922800718132,42.0,214.0,0.19626168224299065,-0.03827245423580933,-0.09950316670078777,0.022958258229169103
claude_ai,CR-SJ,success_rate,CR,403.0,557.0,0.7235188509874326,157.0,215.0,0.7302325581395349,-0.006713707152102288,-0.07671022739240639,0.06328281308820181
claude_ai,CR-SJ,work_share,CR,246.0,557.0,0.44165170556552963,87.0,214.0,0.40654205607476634,0.035109649490763284,-0.042555092405844125,0.11277439138737069
claude_ai,CY,automation_share,GLOBAL,283.0,659.0,0.4294385432473445,441286.0,968851.0,0.45547354546777574,-0.026035002220431258,-0.06384133434213188,0.011771329901269362
claude_ai,CY,coursework_share,GLOBAL,35.0,681.0,0.0513950073421439,124413.0,999021.0,0.12453491968637295,-0.07313991234422905,-0.08973641003055696,-0.056543414657901137
claude_ai,CY,success_rate,GLOBAL,477.0,681.0,0.7004405286343612,698908.0,999319.0,0.6993842806951533,0.0010562479392078883,-0.03335955465674162,0.035472050535157396
claude_ai,CY,work_share,GLOBAL,366.0,681.0,0.5374449339207048,451977.0,999021.0,0.4524199191007997,0.0850250148199051,0.04756407385053728,0.12248595578927292
claude_ai,CZ,automation_share,GLOBAL,1218.0,2933.0,0.4152744630071599,440351.0,966577.0,0.4555777760074986,-0.04030331300033868,-0.05816472065380113,-0.02244190534687623
claude_ai,CZ,coursework_share,GLOBAL,193.0,3025.0,0.06380165289256198,124255.0,996677.0,0.12466927600416183,-0.06086762311159985,-0.069601238059823,-0.0521340081633767
claude_ai,CZ,success_rate,GLOBAL,2179.0,3027.0,0.7198546415592997,697206.0,996973.0,0.6993228502677605,0.020531791291539148,0.004508551470058058,0.036555031113020234
claude_ai,CZ,work_share,GLOBAL,1315.0,3025.0,0.43471074380165287,451028.0,996677.0,0.45253176304861054,-0.01782101924695767,-0.03551364820334481,-0.0001283902905705285
claude_ai,CZ-10,automation_share,CZ,653.0,1605.0,0.40685358255451715,565.0,1328.0,0.4254518072289157,-0.018598224674398534,-0.05444135036879441,0.017244901019997344
claude_ai,CZ-10,coursework_share,CZ,94.0,1646.0,0.05710814094775213,99.0,1379.0,0.07179115300942712,-0.014683012061674994,-0.03232699275879877,0.002960968635448785
claude_ai,CZ-10,success_rate,CZ,1175.0,1648.0,0.7129854368932039,1004.0,1379.0,0.7280638143582306,-0.015078377465026715,-0.04714974339492452,0.016992988464871087
claude_ai,CZ-10,work_share,CZ,715.0,1646.0,0.43438639125151884,600.0,1379.0,0.43509789702683105,-0.0007115057753122045,-0.03618176780315167,0.03475875625252726
claude_ai,CZ-80,automation_share,CZ,304.0,700.0,0.4342857142857143,914.0,2233.0,0.40931482310792655,0.024970891177787724,-0.01703204695806785,0.06697382931364329
claude_ai,CZ-80,coursework_share,CZ,50.0,731.0,0.06839945280437756,143.0,2294.0,0.06233653007846556,0.0060629227259120025,-0.014739815703717091,0.026865661155541096
claude_ai,CZ-80,success_rate,CZ,534.0,731.0,0.7305061559507524,1645.0,2296.0,0.7164634146341463,0.0140427413166061,-0.023031266398367105,0.051116749031579305
claude_ai,CZ-80,work_share,CZ,284.0,731.0,0.38850889192886456,1031.0,2294.0,0.44943330427201394,-0.06092441234314938,-0.10170268688499137,-0.02014613780130739
claude_ai,DE,automation_share,GLOBAL,11893.0,29455.0,0.403768460363266,429676.0,940055.0,0.457075383887113,-0.05330692352384697,-0.059000077482873774,-0.04761376956482017
claude_ai,DE,coursework_share,GLOBAL,3483.0,30262.0,0.11509483841120878,120965.0,969440.0,0.12477822247895692,-0.009683384067748144,-0.013338767110791856,-0.006028001024704432
claude_ai,DE,success_rate,GLOBAL,21774.0,30270.0,0.7193260654112983,677611.0,969730.0,0.6987625421509079,0.02056352326039035,0.015419912379769724,0.025707134141010973
claude_ai,DE,work_share,GLOBAL,12238.0,30262.0,0.4044015597118498,440105.0,969440.0,0.4539785855751774,-0.04957702586332757,-0.05519470310749392,-0.043959348619161225
claude_ai,DE-BB,automation_share,DE,170.0,392.0,0.4336734693877551,11723.0,29063.0,0.4033651033960706,0.03030836599168446,-0.019074817929977582,0.07969154991334651
claude_ai,DE-BB,coursework_share,DE,48.0,400.0,0.12,3435.0,29862.0,0.11502913401647578,0.004970865983524211,-0.027080314040692617,0.03702204600774104
claude_ai,DE-BB,success_rate,DE,272.0,400.0,0.68,21502.0,29870.0,0.7198526950117174,-0.0398526950117174,-0.08585015841205337,0.006144768388618577
claude_ai,DE-BB,work_share,DE,171.0,400.0,0.4275,12067.0,29862.0,0.4040921572567142,0.02340784274328578,-0.025392740574221875,0.07220842606079343
claude_ai,DE-BE,automation_share,DE,2146.0,5648.0,0.379957507082153,9747.0,23807.0,0.40941739824421386,-0.02945989116206088,-0.04357577427410013,-0.015344008050021628
claude_ai,DE-BE,coursework_share,DE,557.0,5798.0,0.09606760952052432,2926.0,24464.0,0.1196043165467626,-0.02353670702623828,-0.03214322507839615,-0.01493018897408041
claude_ai,DE-BE,success_rate,DE,4293.0,5798.0,0.7404277337012763,17481.0,24472.0,0.7143265773128473,0.026101156388429025,0.013476703472621308,0.03872560930423674
claude_ai,DE-BE,work_share,DE,2396.0,5798.0,0.41324594687823385,9842.0,24464.0,0.40230542838456507,0.010940518493668783,-0.0031454876801777464,0.025026524667515312
claude_ai,DE-BW,automation_share,DE,1565.0,3816.0,0.4101153039832285,10328.0,25639.0,0.40282382308202347,0.007291480901205016,-0.00942938429620124,0.024012346098611272
claude_ai,DE-BW,coursework_share,DE,525.0,3910.0,0.13427109974424553,2958.0,26352.0,0.11224954462659381,0.02202155511765172,0.010675374692823734,0.03336773554247971
claude_ai,DE-BW,success_rate,DE,2747.0,3911.0,0.7023779084633086,19027.0,26359.0,0.7218407375090102,-0.019462829045701624,-0.03477937890211764,-0.0041462791892856125
claude_ai,DE-BW,work_share,DE,1551.0,3910.0,0.39667519181585675,10687.0,26352.0,0.4055479659987857,-0.008872774182928922,-0.02531302550899589,0.007567477143138046
claude_ai,DE-BY,automation_share,DE,1930.0,4798.0,0.4022509378907878,9963.0,24657.0,0.4040637547146855,-0.0018128168238976672,-0.016979652312045228,0.013354018664249895
claude_ai,DE-BY,coursework_share,DE,501.0,4948.0,0.10125303152789006,2982.0,25314.0,0.11780042664138421,-0.01654739511349415,-0.025843833992243014,-0.007250956234745287
claude_ai,DE-BY,success_rate,DE,3558.0,4951.0,0.7186426984447586,18216.0,25319.0,0.7194596943007228,-0.0008169958559641755,-0.014510521097226408,0.012876529385298057
claude_ai,DE-BY,work_share,DE,2081.0,4948.0,0.4205739692805174,10157.0,25314.0,0.4012404203207711,0.01933354895974626,0.004311563022020695,0.034355534897471826
claude_ai,DE-HB,automation_share,DE,144.0,343.0,0.4198250728862974,11749.0,29112.0,0.40357928002198407,0.016245792864313324,-0.036287712637314444,0.0687792983659411
claude_ai,DE-HB,coursework_share,DE,52.0,353.0,0.14730878186968838,3431.0,29909.0,0.11471463439098599,0.03259414747870239,-0.004554345479721951,0.06974264043712672
claude_ai,DE-HB,success_rate,DE,251.0,353.0,0.7110481586402266,21523.0,29917.0,0.7194237390112646,-0.008375580371037916,-0.05593468911731211,0.039183528375236275
claude_ai,DE-HB,work_share,DE,141.0,353.0,0.39943342776203966,12097.0,29909.0,0.4044601959276472,-0.0050267681656075425,-0.05642282205993274,0.04636928572871765
claude_ai,DE-HE,automation_share,DE,1055.0,2546.0,0.4143754909662215,10838.0,26909.0,0.4027648742056561,0.011610616760565406,-0.008401820376559826,0.03162305389769064
claude_ai,DE-HE,coursework_share,DE,323.0,2624.0,0.12309451219512195,3160.0,27638.0,0.11433533540777191,0.00875917678735004,-0.004359714767053262,0.02187806834175334
claude_ai,DE-HE,success_rate,DE,1844.0,2624.0,0.7027439024390244,19930.0,27646.0,0.7208999493597628,-0.018156046920738356,-0.03642585261345023,0.00011375877197351489
claude_ai,DE-HE,work_share,DE,1102.0,2624.0,0.41996951219512196,11136.0,27638.0,0.4029235111078949,0.017046001087227036,-0.0027041525915421152,0.03679615476599619
claude_ai,DE-HH,automation_share,DE,319.0,802.0,0.39775561097256856,11574.0,28653.0,0.40393676054863364,-0.006181149576065081,-0.04052809672472223,0.02816579757259207
claude_ai,DE-HH,coursework_share,DE,88.0,816.0,0.10784313725490197,3395.0,29446.0,0.1152957956938124,-0.007452658438910437,-0.02904578735738531,0.014140470479564436
claude_ai,DE-HH,success_rate,DE,590.0,817.0,0.7221542227662179,21184.0,29453.0,0.7192476148439887,0.0029066079222291874,-0.02823498585575571,0.03404820170021408
claude_ai,DE-HH,work_share,DE,386.0,816.0,0.4730392156862745,11852.0,29446.0,0.4024994905929498,0.07053972509332468,0.03582785188138704,0.10525159830526232
claude_ai,DE-NI,automation_share,DE,708.0,1782.0,0.39730639730639733,11185.0,27673.0,0.40418458425179776,-0.006878186945400433,-0.03032261161765014,0.016566237726849273
claude_ai,DE-NI,coursework_share,DE,234.0,1844.0,0.12689804772234273,3249.0,28418.0,0.11432894644239566,0.012569101279947065,-0.0030676183770761284,0.028205820936970258
claude_ai,DE-NI,success_rate,DE,1323.0,1845.0,0.7170731707317073,20451.0,28425.0,0.7194722955145119,-0.0023991247828045736,-0.02360539674331846,0.018807147177709312
claude_ai,DE-NI,work_share,DE,632.0,1844.0,0.34273318872017355,11606.0,28418.0,0.40840312478006896,-0.0656699360598954,-0.08807439377593541,-0.0432654783438554
claude_ai,DE-NW,automation_share,DE,2360.0,5661.0,0.4168874757110051,9533.0,23794.0,0.40064722198873665,0.01624025372226845,0.0019667182971490164,0.030513789147387883
claude_ai,DE-NW,coursework_share,DE,635.0,5796.0,0.10955831608005522,2848.0,24466.0,0.11640644159241396,-0.006848125512358749,-0.015837567443043002,0.002141316418325505
claude_ai,DE-NW,success_rate,DE,4201.0,5797.0,0.7246851819906849,17573.0,24473.0,0.7180566338413762,0.006628548149308688,-0.006177565327929062,0.01943466162654644
claude_ai,DE-NW,work_share,DE,2354.0,5796.0,0.4061421670117322,9884.0,24466.0,0.40398920951524564,0.002152957496486585,-0.01190651404688754,0.016212429039860712
claude_ai,DE-RP,automation_share,DE,365.0,858.0,0.4254079254079254,11528.0,28597.0,0.40311920830856385,0.022288717099361532,-0.011278503632318186,0.05585593783104125
claude_ai,DE-RP,coursework_share,DE,116.0,879.0,0.13196814562002276,3367.0,29383.0,0.11459006908756764,0.017378076532455128,-0.005291459951331984,0.04004761301624224
claude_ai,DE-RP,success_rate,DE,631.0,879.0,0.7178612059158134,21143.0,29391.0,0.719369875131843,-0.0015086692160296566,-0.031700661380764716,0.028683322948705403
claude_ai,DE-RP,work_share,DE,346.0,879.0,0.39362912400455063,11892.0,29383.0,0.40472381989585815,-0.011094695891307516,-0.04387660709215813,0.021687215309543102
claude_ai,DE-SH,automation_share,DE,349.0,933.0,0.3740621650589496,11544.0,28522.0,0.4047402005469462,-0.03067803548799658,-0.062245632530227524,0.0008895615542343638
claude_ai,DE-SH,coursework_share,DE,105.0,961.0,0.10926118626430802,3378.0,29301.0,0.11528616770758678,-0.00602498144327876,-0.02608544190980954,0.014035479023252022
claude_ai,DE-SH,success_rate,DE,683.0,961.0,0.7107180020811654,21091.0,29309.0,0.719608311440172,-0.008890309359006587,-0.03801632853240407,0.02023570981439089
claude_ai,DE-SH,work_share,DE,365.0,961.0,0.3798126951092612,11873.0,29301.0,0.40520801337838297,-0.02539531826912178,-0.05659196449153614,0.005801327953292579
claude_ai,DE-SN,automation_share,DE,394.0,946.0,0.4164904862579281,11499.0,28509.0,0.40334631169104496,0.01314417456688316,-0.018782785617722765,0.045071134751489085
claude_ai,DE-SN,coursework_share,DE,157.0,976.0,0.16086065573770492,3326.0,29286.0,0.11356962371098818,0.04729103202671674,0.02395621925661464,0.07062584479681883
claude_ai,DE-SN,success_rate,DE,703.0,976.0,0.7202868852459017,21071.0,29294.0,0.7192940533897727,0.0009928318561289728,-0.02763393946902978,0.029619603181287726
claude_ai,DE-SN,work_share,DE,370.0,976.0,0.3790983606557377,11868.0,29286.0,0.4052448268797378,-0.026146466224000076,-0.05709962719123866,0.004806694743238506
claude_ai,DE-ST,automation_share,DE,92.0,213.0,0.431924882629108,11801.0,29242.0,0.4035633677587032,0.02836151487040478,-0.03839895433154952,0.09512198407235908
claude_ai,DE-ST,coursework_share,DE,35.0,231.0,0.15151515151515152,3448.0,30031.0,0.11481469148546503,0.036700460029686494,-0.009678032575493531,0.08307895263486652
claude_ai,DE-ST,success_rate,DE,169.0,231.0,0.7316017316017316,21605.0,30039.0,0.7192316655015147,0.012370066100216848,-0.0450003278857042,0.06974046008613789
claude_ai,DE-ST,work_share,DE,82.0,231.0,0.354978354978355,12156.0,30031.0,0.4047817255502647,-0.0498033705719097,-0.11176012748057784,0.012153386336758443
claude_ai,DE-TH,automation_share,DE,140.0,334.0,0.41916167664670656,11753.0,29121.0,0.4035919096184884,0.015569767028218162,-0.03764715023212913,0.06878668428856546
claude_ai,DE-TH,coursework_share,DE,61.0,343.0,0.17784256559766765,3422.0,29919.0,0.11437548046391925,0.0634670851337484,0.022839391428323537,0.10409477883917326
claude_ai,DE-TH,success_rate,DE,241.0,344.0,0.7005813953488372,21533.0,29926.0,0.7195415357882777,-0.018960140439440498,-0.06762704081895785,0.02970675994007685
claude_ai,DE-TH,work_share,DE,126.0,343.0,0.3673469387755102,12112.0,29919.0,0.4048263645175307,-0.037479425742020456,-0.08880049748875918,0.013841646004718267
claude_ai,DK,automation_share,GLOBAL,966.0,2464.0,0.39204545454545453,440603.0,967046.0,0.4556174163380025,-0.06357196179254798,-0.08287450301243254,-0.04426942057266342
claude_ai,DK,coursework_share,GLOBAL,222.0,2535.0,0.08757396449704143,124226.0,997167.0,0.1245789321146809,-0.03700496761763947,-0.04802811396650065,-0.025981821268778287
claude_ai,DK,success_rate,GLOBAL,1810.0,2537.0,0.7134410721324399,697575.0,997463.0,0.6993492490448268,0.014091823087613142,-0.003525874059751192,0.03170952023497747
claude_ai,DK,work_share,GLOBAL,1066.0,2535.0,0.4205128205128205,451277.0,997167.0,0.45255909993010196,-0.03204627941728144,-0.05128778932823398,-0.0128047695063289
claude_ai,DK-82,automation_share,DK,164.0,401.0,0.4089775561097257,802.0,2063.0,0.3887542413960252,0.02022331471370048,-0.03229460032829545,0.07274122975569641
claude_ai,DK-82,coursework_share,DK,45.0,416.0,0.10817307692307693,177.0,2119.0,0.08352996696554979,0.024643109957527137,-0.00744525947435596,0.056731479389410235
claude_ai,DK-82,success_rate,DK,291.0,417.0,0.697841726618705,1519.0,2120.0,0.7165094339622642,-0.01866770734355916,-0.06673645409894281,0.029401039411824495
claude_ai,DK-82,work_share,DK,173.0,416.0,0.41586538461538464,893.0,2119.0,0.42142520056630484,-0.005559815950920199,-0.05737993765202417,0.04626030575018377
claude_ai,DK-83,automation_share,DK,112.0,232.0,0.4827586206896552,854.0,2232.0,0.3826164874551971,0.10014213323445809,0.032752934419854524,0.16753133204906165
claude_ai,DK-83,coursework_share,DK,15.0,248.0,0.06048387096774194,207.0,2287.0,0.0905115872321819,-0.030027716264439966,-0.061942017323334354,0.0018865847944544226
claude_ai,DK-83,success_rate,DK,178.0,248.0,0.717741935483871,1632.0,2289.0,0.7129750982961992,0.004766837187671791,-0.054238314099257744,0.06377198847460133
claude_ai,DK-83,work_share,DK,112.0,248.0,0.45161290322580644,954.0,2287.0,0.41714035854831655,0.03447254467748989,-0.030678963640544926,0.09962405299552471
claude_ai,DK-84,automation_share,DK,592.0,1586.0,0.37326607818411095,374.0,878.0,0.42596810933940776,-0.052702031155296813,-0.09315587929340297,-0.012248183017190668
claude_ai,DK-84,coursework_share,DK,142.0,1626.0,0.08733087330873308,80.0,909.0,0.08800880088008801,-0.0006779275713549304,-0.023645663450196946,0.022289808307487086
claude_ai,DK-84,success_rate,DK,1171.0,1627.0,0.7197295636140135,639.0,910.0,0.7021978021978021,0.017531761416211378,-0.01933395677584357,0.054397479608266325
claude_ai,DK-84,work_share,DK,687.0,1626.0,0.4225092250922509,379.0,909.0,0.41694169416941695,0.005567530922833963,-0.034480633035476584,0.04561569488114451
claude_ai,DO,automation_share,GLOBAL,621.0,1217.0,0.5102711585866886,440948.0,968293.0,0.4553869541554054,0.05488420443128317,0.026780742077816243,0.08298766678475009
claude_ai,DO,coursework_share,GLOBAL,343.0,1244.0,0.2757234726688103,124105.0,998458.0,0.12429666545813645,0.15142680721067386,0.1265850467725276,0.17626856764882012
claude_ai,DO,success_rate,GLOBAL,883.0,1244.0,0.7098070739549839,698502.0,998756.0,0.6993720187913764,0.010435055163607432,-0.01480180680669142,0.035671917133906286
claude_ai,DO,work_share,GLOBAL,463.0,1244.0,0.3721864951768489,451880.0,998458.0,0.45257787508337854,-0.08039137990652967,-0.10727131300715731,-0.05351144680590204
claude_ai,DO-35,automation_share,DO,107.0,206.0,0.5194174757281553,514.0,1011.0,0.5084075173095944,0.011009958418560895,-0.06385516467498949,0.08587508151211128
claude_ai,DO-35,coursework_share,DO,56.0,220.0,0.2545454545454545,287.0,1024.0,0.2802734375,-0.02572798295454548,-0.08952596221331939,0.03806999630422843
claude_ai,DO-35,success_rate,DO,150.0,220.0,0.6818181818181818,733.0,1024.0,0.7158203125,-0.03400213068181823,-0.10146584816415066,0.0334615868005142
claude_ai,DO-35,work_share,DO,73.0,220.0,0.33181818181818185,390.0,1024.0,0.380859375,-0.049041193181818155,-0.11800628556655349,0.019923899202917178
claude_ai,DO-40,automation_share,DO,437.0,856.0,0.5105140186915887,184.0,361.0,0.5096952908587258,0.0008187278328629644,-0.06066992176413353,0.06230737742985946
claude_ai,DO-40,coursework_share,DO,236.0,877.0,0.2690992018244014,107.0,367.0,0.29155313351498635,-0.02245393169058496,-0.07744149724227922,0.032533633861109294
claude_ai,DO-40,success_rate,DO,622.0,877.0,0.7092360319270239,261.0,367.0,0.7111716621253406,-0.0019356301983166624,-0.05719350767179172,0.05332224727515839
claude_ai,DO-40,work_share,DO,340.0,877.0,0.38768529076396807,123.0,367.0,0.335149863760218,0.05253542700375008,-0.005535835718907055,0.11060668972640722
claude_ai,DZ,automation_share,GLOBAL,960.0,2046.0,0.46920821114369504,440609.0,967464.0,0.4554267652336418,0.013781445910053258,-0.007865916353245236,0.035428808173351756
claude_ai,DZ,coursework_share,GLOBAL,639.0,2107.0,0.3032747982914096,123809.0,997595.0,0.12410747848575825,0.17916731980565131,0.15952880934921262,0.19880583026209
claude_ai,DZ,success_rate,GLOBAL,1469.0,2107.0,0.6971998101566208,697916.0,997893.0,0.6993896139165221,-0.0021898037599012987,-0.02182958449958023,0.017449976979777633
claude_ai,DZ,work_share,GLOBAL,700.0,2107.0,0.33222591362126247,451643.0,997595.0,0.45273182002716533,-0.12050590640590286,-0.14064161591918511,-0.10037019689262063
claude_ai,DZ-09,automation_share,DZ,141.0,310.0,0.45483870967741935,819.0,1736.0,0.4717741935483871,-0.01693548387096777,-0.07713725110851417,0.04326628336657863
claude_ai,DZ-09,coursework_share,DZ,91.0,334.0,0.27245508982035926,548.0,1773.0,0.3090806542583192,-0.036625564437959945,-0.08899566549160175,0.015744536615681856
claude_ai,DZ-09,success_rate,DZ,232.0,334.0,0.6946107784431138,1237.0,1773.0,0.697687535250987,-0.0030767568078732266,-0.05689907493352346,0.05074556131777701
claude_ai,DZ-09,work_share,DZ,103.0,334.0,0.3083832335329341,597.0,1773.0,0.33671742808798644,-0.028334194555052317,-0.08252876206084123,0.0258603729507366
claude_ai,DZ-16,automation_share,DZ,354.0,788.0,0.44923857868020306,606.0,1258.0,0.48171701112877585,-0.03247843244857279,-0.07684771390130046,0.01189084900415488
claude_ai,DZ-16,coursework_share,DZ,255.0,813.0,0.31365313653136534,384.0,1294.0,0.29675425038639874,0.016898886144966596,-0.023558226118496978,0.05735599840843017
claude_ai,DZ-16,success_rate,DZ,570.0,813.0,0.7011070110701108,899.0,1294.0,0.6947449768160742,0.006362034254036586,-0.03388469318046589,0.046608761688539065
claude_ai,DZ-16,work_share,DZ,280.0,813.0,0.34440344403444034,420.0,1294.0,0.32457496136012365,0.019828482674316694,-0.021617128627769266,0.061274093976402655
claude_ai,DZ-19,automation_share,DZ,110.0,221.0,0.497737556561086,850.0,1825.0,0.4657534246575342,0.03198413190355176,-0.03779688392163476,0.10176514772873828
claude_ai,DZ-19,coursework_share,DZ,69.0,232.0,0.2974137931034483,570.0,1875.0,0.304,-0.006586206896551705,-0.06898472105453674,0.05581230726143332
claude_ai,DZ-19,success_rate,DZ,163.0,232.0,0.7025862068965517,1306.0,1875.0,0.6965333333333333,0.006052873563218375,-0.056342203481388436,0.06844795060782519
claude_ai,DZ-19,work_share,DZ,79.0,232.0,0.34051724137931033,621.0,1875.0,0.3312,0.009317241379310337,-0.05527629733561444,0.07391078009423512
claude_ai,DZ-31,automation_share,DZ,125.0,246.0,0.508130081300813,835.0,1800.0,0.4638888888888889,0.044241192411924146,-0.022345633139752255,0.11082801796360055
claude_ai,DZ-31,coursework_share,DZ,87.0,264.0,0.32954545454545453,552.0,1843.0,0.299511665762344,0.030033788783110527,-0.030401385208046673,0.09046896277426772
claude_ai,DZ-31,success_rate,DZ,182.0,264.0,0.6893939393939394,1287.0,1843.0,0.6983179598480738,-0.008924020454134318,-0.0685481877974201,0.05070014688915146
claude_ai,DZ-31,work_share,DZ,84.0,264.0,0.3181818181818182,616.0,1843.0,0.33423765599565924,-0.016055837813841067,-0.07622783891915491,0.04411616329147278
claude_ai,EC,automation_share,GLOBAL,584.0,1171.0,0.4987190435525192,440985.0,968339.0,0.45540353120136645,0.043315512351152774,0.014660107223214244,0.0719709174790913
claude_ai,EC,coursework_share,GLOBAL,530.0,1187.0,0.44650379106992416,123918.0,998515.0,0.12410229190347666,0.3224014991664475,0.29411272546453165,0.35069027286836335
claude_ai,EC,success_rate,GLOBAL,870.0,1187.0,0.7329401853411963,698515.0,998813.0,0.6993451226605981,0.0335950626805982,0.008409811871915078,0.05878031348928132
claude_ai,EC,work_share,GLOBAL,355.0,1187.0,0.2990732940185341,451988.0,998515.0,0.4526602003975904,-0.1535869063790563,-0.17965208524857393,-0.1275217275095387
claude_ai,EC-G,automation_share,EC,119.0,237.0,0.5021097046413502,465.0,934.0,0.49785867237687365,0.00425103226447654,-0.06702656025257968,0.07552862478153276
claude_ai,EC-G,coursework_share,EC,99.0,242.0,0.4090909090909091,431.0,945.0,0.4560846560846561,-0.046993746993746977,-0.11660594542199648,0.02261845143450253
claude_ai,EC-G,success_rate,EC,168.0,242.0,0.6942148760330579,702.0,945.0,0.7428571428571429,-0.04864226682408501,-0.11303447126343254,0.015749937615262513
claude_ai,EC-G,work_share,EC,75.0,242.0,0.30991735537190085,280.0,945.0,0.2962962962962963,0.013621059075604569,-0.05151450650219021,0.07875662465339935
claude_ai,EC-P,automation_share,EC,236.0,480.0,0.49166666666666664,348.0,691.0,0.5036179450072359,-0.011951278340569249,-0.07017562487473389,0.0462730681935954
claude_ai,EC-P,coursework_share,EC,227.0,486.0,0.4670781893004115,303.0,701.0,0.4322396576319544,0.03483853166845713,-0.022715314318254354,0.09239237765516861
claude_ai,EC-P,success_rate,EC,357.0,486.0,0.7345679012345679,513.0,701.0,0.7318116975748931,0.002756203659674883,-0.04839811880578548,0.05391052612513524
claude_ai,EC-P,work_share,EC,139.0,486.0,0.28600823045267487,216.0,701.0,0.30813124108416545,-0.02212301063149058,-0.07487205495852692,0.03062603369554575
claude_ai,EE,automation_share,GLOBAL,301.0,717.0,0.4198047419804742,441268.0,968793.0,0.45548223407890026,-0.03567749209842608,-0.07181605139819931,0.00046106720134715673
claude_ai,EE,coursework_share,GLOBAL,47.0,740.0,0.06351351351351352,124401.0,998962.0,0.12453026241238406,-0.06101674889887054,-0.07860078948184322,-0.043432708315897864
claude_ai,EE,success_rate,GLOBAL,527.0,741.0,0.7112010796221323,698858.0,999259.0,0.699376237792204,0.011824841829928268,-0.020819335082290127,0.04446901874214666
claude_ai,EE,work_share,GLOBAL,337.0,740.0,0.4554054054054054,452006.0,998962.0,0.4524756697451955,0.002929735660209931,-0.03296548163581907,0.03882495295623893
claude_ai,EG,automation_share,GLOBAL,2254.0,4453.0,0.506175611947002,439315.0,965057.0,0.45522181591346417,0.050953796033537835,0.036235470146585395,0.06567212192049028
claude_ai,EG,coursework_share,GLOBAL,623.0,4581.0,0.1359965073128138,123825.0,995121.0,0.12443210423657022,0.011564403076243568,0.001616708397836713,0.021512097754650423
claude_ai,EG,success_rate,GLOBAL,3072.0,4584.0,0.6701570680628273,696313.0,995416.0,0.6995195978364824,-0.029362529773655166,-0.04300284682833179,-0.015722212718978543
claude_ai,EG,work_share,GLOBAL,2383.0,4581.0,0.5201920977952412,449960.0,995121.0,0.45216611849212307,0.06802597930311816,0.05352553407458044,0.08252642453165587
claude_ai,EG-ALX,automation_share,EG,164.0,318.0,0.5157232704402516,2090.0,4135.0,0.5054413542926239,0.010281916147627634,-0.04672135487091559,0.06728518716617085
claude_ai,EG-ALX,coursework_share,EG,59.0,342.0,0.17251461988304093,564.0,4239.0,0.13305024769992924,0.03946437218311169,-0.0018641457852094714,0.08079289015143284
claude_ai,EG-ALX,success_rate,EG,224.0,342.0,0.6549707602339181,2848.0,4242.0,0.6713814238566714,-0.01641066362275334,-0.0687387208629891,0.035917393617482425
claude_ai,EG-ALX,work_share,EG,161.0,342.0,0.47076023391812866,2222.0,4239.0,0.5241802311866006,-0.053419997268471964,-0.10841651113998073,0.001576516603036801
claude_ai,EG-C,automation_share,EG,1405.0,2767.0,0.5077701481749187,849.0,1686.0,0.50355871886121,0.00421142931370877,-0.02606414332507365,0.034487001952491186
claude_ai,EG-C,coursework_share,EG,366.0,2857.0,0.12810640532026601,257.0,1724.0,0.14907192575406034,-0.02096552043379432,-0.04177051627308549,-0.00016052459450315026
claude_ai,EG-C,success_rate,EG,1916.0,2859.0,0.6701643931444561,1156.0,1725.0,0.6701449275362319,1.9465608224189523e-05,-0.028074966025422858,0.028113897241871237
claude_ai,EG-C,work_share,EG,1541.0,2857.0,0.5393769688484424,842.0,1724.0,0.48839907192575405,0.05097789692268839,0.02113081031184099,0.08082498353353579
claude_ai,EG-GH,coursework_share,EG,22.0,214.0,0.102803738317757,601.0,4367.0,0.13762308220746508,-0.034819343889708074,-0.07677353238004235,0.007134844600626203
claude_ai,EG-GH,success_rate,EG,140.0,214.0,0.6542056074766355,2932.0,4370.0,0.6709382151029748,-0.016732607626339324,-0.08196344294028152,0.04849822768760287
claude_ai,EG-GH,work_share,EG,114.0,214.0,0.5327102803738317,2269.0,4367.0,0.519578658117701,0.013131622256130737,-0.055339014364539654,0.08160225887680113
claude_ai,EG-GZ,automation_share,EG,138.0,290.0,0.47586206896551725,2116.0,4163.0,0.5082872928176796,-0.032425223852162344,-0.0918780758285146,0.027027628124189913
claude_ai,EG-GZ,coursework_share,EG,36.0,294.0,0.12244897959183673,587.0,4287.0,0.13692558898996968,-0.014476609398132945,-0.05333507757889665,0.024381858782630758
claude_ai,EG-GZ,success_rate,EG,203.0,294.0,0.6904761904761905,2869.0,4290.0,0.6687645687645688,0.021711621711621665,-0.03297802559137407,0.0764012690146174
claude_ai,EG-GZ,work_share,EG,160.0,294.0,0.54421768707483,2223.0,4287.0,0.5185444366689993,0.025673250405830683,-0.03318961249017742,0.08453611330183879
claude_ai,ES,automation_share,GLOBAL,6688.0,15249.0,0.43858613679585545,434881.0,954261.0,0.4557254252243359,-0.017139288428480448,-0.025078403361537584,-0.00920017349542331
claude_ai,ES,coursework_share,GLOBAL,1869.0,15639.0,0.11950892000767313,122579.0,984063.0,0.12456417932591714,-0.005055259318244007,-0.010181056067282212,7.053743079419878e-05
claude_ai,ES,success_rate,GLOBAL,10877.0,15640.0,0.6954603580562659,688508.0,984360.0,0.6994473566581332,-0.003986998601867242,-0.011256315060729945,0.0032823178569954614
claude_ai,ES,work_share,GLOBAL,7340.0,15639.0,0.46933947183323743,445003.0,984063.0,0.45220986867710705,0.01712960315613038,0.00924628573755284,0.02501292057470792
claude_ai,ES-AN,automation_share,ES,722.0,1622.0,0.44512946979038226,5966.0,13627.0,0.4378072943421149,0.007322175448267354,-0.01825838360468333,0.03290273450121804
claude_ai,ES-AN,coursework_share,ES,189.0,1673.0,0.11297071129707113,1680.0,13966.0,0.1202921380495489,-0.0073214267524777665,-0.02342142788209946,0.008778574377143928
claude_ai,ES-AN,success_rate,ES,1156.0,1673.0,0.6909742976688583,9721.0,13967.0,0.6959977088852295,-0.005023411216371176,-0.028443664623060326,0.018396842190317973
claude_ai,ES-AN,work_share,ES,761.0,1673.0,0.4548714883442917,6579.0,13966.0,0.4710726048976085,-0.016201116553316797,-0.04145817372374305,0.009055940617109456
claude_ai,ES-AR,automation_share,ES,149.0,288.0,0.5173611111111112,6539.0,14961.0,0.43706971459127064,0.08029139651984052,0.02203439299999401,0.13854840003968702
claude_ai,ES-AR,coursework_share,ES,36.0,306.0,0.11764705882352941,1833.0,15333.0,0.11954607708863237,-0.0018990182651029558,-0.03836242725869292,0.03456439072848701
claude_ai,ES-AR,success_rate,ES,208.0,306.0,0.6797385620915033,10669.0,15334.0,0.695774096778401,-0.016035534686897668,-0.06881825062571463,0.036747181251919295
claude_ai,ES-AR,work_share,ES,149.0,306.0,0.4869281045751634,7191.0,15333.0,0.4689884562707885,0.01793964830437489,-0.03861839341201672,0.0744976900207665
claude_ai,ES-AS,coursework_share,ES,18.0,209.0,0.0861244019138756,1851.0,15430.0,0.11996111471160077,-0.03383671279772517,-0.07221621350710404,0.0045427879116537034
claude_ai,ES-AS,success_rate,ES,149.0,209.0,0.7129186602870813,10728.0,15431.0,0.6952238999416759,0.017694760345405403,-0.04406834314236176,0.07945786383317256
claude_ai,ES-AS,work_share,ES,91.0,209.0,0.4354066985645933,7249.0,15430.0,0.469799092676604,-0.03439239411201073,-0.10207208267668831,0.03328729445266686
claude_ai,ES-CL,automation_share,ES,164.0,368.0,0.44565217391304346,6524.0,14881.0,0.43841139708352933,0.007240776829514128,-0.04416455504991491,0.05864610870894316
claude_ai,ES-CL,coursework_share,ES,64.0,389.0,0.16452442159383032,1805.0,15250.0,0.11836065573770492,0.0461637658561254,0.008965031642189515,0.0833625000700613
claude_ai,ES-CL,success_rate,ES,277.0,389.0,0.712082262210797,10600.0,15251.0,0.6950363910563242,0.017045871154472758,-0.0285402369287169,0.06263197923766242
claude_ai,ES-CL,work_share,ES,178.0,389.0,0.45758354755784064,7162.0,15250.0,0.4696393442622951,-0.012055796704454447,-0.06219432229965415,0.03808272889074526
claude_ai,ES-CM,automation_share,ES,150.0,354.0,0.423728813559322,6538.0,14895.0,0.4389392413561598,-0.015210427796837789,-0.06730055755118028,0.03687970195750471
claude_ai,ES-CM,coursework_share,ES,41.0,368.0,0.11141304347826086,1828.0,15271.0,0.11970401414445682,-0.008290970666195954,-0.040848367318438925,0.024266425986047016
claude_ai,ES-CM,success_rate,ES,237.0,368.0,0.6440217391304348,10640.0,15272.0,0.6966998428496595,-0.052678103719224656,-0.10213925280130629,-0.00321695463714302
claude_ai,ES-CM,work_share,ES,182.0,368.0,0.4945652173913043,7158.0,15271.0,0.468731582738524,0.025833634652780324,-0.02585890600858213,0.07752617531414277
claude_ai,ES-CN,automation_share,ES,137.0,316.0,0.43354430379746833,6551.0,14933.0,0.43869282796490994,-0.005148524167441604,-0.060365351429860443,0.050068303094977236
claude_ai,ES-CN,coursework_share,ES,35.0,339.0,0.10324483775811209,1834.0,15300.0,0.11986928104575163,-0.01662444328763954,-0.04942201808547071,0.016173131510191632
claude_ai,ES-CN,success_rate,ES,245.0,339.0,0.7227138643067846,10632.0,15301.0,0.694856545323835,0.02785731898294963,-0.020352443857662397,0.07606708182356166
claude_ai,ES-CN,work_share,ES,136.0,339.0,0.40117994100294985,7204.0,15300.0,0.4708496732026144,-0.06966973219966455,-0.1224421982765374,-0.016897266122791688
claude_ai,ES-CT,automation_share,ES,1355.0,3188.0,0.42503136762860727,5333.0,12061.0,0.44216897438023384,-0.017137606751626566,-0.03645199128762318,0.0021767777843700424
claude_ai,ES-CT,coursework_share,ES,361.0,3262.0,0.11066830165542611,1508.0,12377.0,0.12183889472408499,-0.011170593068658877,-0.023381963274943733,0.001040777137625978
claude_ai,ES-CT,success_rate,ES,2303.0,3262.0,0.7060085836909872,8574.0,12378.0,0.6926805622879302,0.013328021403057,-0.004293196544312591,0.03094923935042659
claude_ai,ES-CT,work_share,ES,1550.0,3262.0,0.4751686082158185,5790.0,12377.0,0.46780318332390725,0.007365424891911276,-0.011895110700984549,0.0266259604848071
claude_ai,ES-GA,automation_share,ES,217.0,483.0,0.4492753623188406,6471.0,14766.0,0.4382364892320195,0.011038873086821055,-0.03403872737956318,0.05611647355320529
claude_ai,ES-GA,coursework_share,ES,60.0,502.0,0.11952191235059761,1809.0,15137.0,0.11950848913258902,1.3423218008595805e-05,-0.028831617961814597,0.02885846439783179
claude_ai,ES-GA,success_rate,ES,343.0,502.0,0.6832669322709163,10534.0,15138.0,0.6958647113224997,-0.012597779051583435,-0.0539478600063155,0.028752301903148626
claude_ai,ES-GA,work_share,ES,209.0,502.0,0.4163346613545817,7131.0,15137.0,0.4710973112241527,-0.05476264986957102,-0.09861256787650918,-0.01091273186263287
claude_ai,ES-IB,automation_share,ES,101.0,202.0,0.5,6587.0,15047.0,0.43776168006911675,0.062238319930883246,-0.0071684028252125,0.131645042686979
claude_ai,ES-IB,coursework_share,ES,19.0,219.0,0.0867579908675799,1850.0,15420.0,0.11997405966277562,-0.033216068795195716,-0.07084768852620679,0.004415550935815353
claude_ai,ES-IB,success_rate,ES,146.0,219.0,0.6666666666666666,10731.0,15421.0,0.6958692691783931,-0.02920260251172646,-0.09205834415353173,0.03365313913007881
claude_ai,ES-IB,work_share,ES,106.0,219.0,0.4840182648401826,7234.0,15420.0,0.46913099870298314,0.014887266137199484,-0.051768214440834,0.08154274671523297
claude_ai,ES-MC,automation_share,ES,142.0,327.0,0.43425076452599387,6546.0,14922.0,0.438681141938078,-0.00443037741208413,-0.058740691335622604,0.049879936511454344
claude_ai,ES-MC,coursework_share,ES,53.0,337.0,0.1572700296735905,1816.0,15302.0,0.11867729708534833,0.03859273258824217,-0.0006130316425915425,0.07779849681907589
claude_ai,ES-MC,success_rate,ES,235.0,337.0,0.6973293768545994,10642.0,15303.0,0.6954191988498987,0.0019101780047007244,-0.0476795758962275,0.051499931905628946
claude_ai,ES-MC,work_share,ES,162.0,337.0,0.4807121661721068,7178.0,15302.0,0.469089007972814,0.011623158199292827,-0.042303959084893025,0.06555027548347868
claude_ai,ES-MD,automation_share,ES,2437.0,5467.0,0.4457655021035303,4251.0,9782.0,0.4345737068084236,0.011191795295106666,-0.005243063633185465,0.027626654223398796
claude_ai,ES-MD,coursework_share,ES,656.0,5592.0,0.11731044349070101,1213.0,10047.0,0.12073255698218374,-0.003422113491482734,-0.013992176302764187,0.007147949319798719
claude_ai,ES-MD,success_rate,ES,3880.0,5592.0,0.6938483547925608,6997.0,10048.0,0.6963574840764332,-0.002509129283872369,-0.017568037515712946,0.012549778947968207
claude_ai,ES-MD,work_share,ES,2690.0,5592.0,0.48104434907010013,4650.0,10047.0,0.4628247237981487,0.018219625271951423,0.0018929353366302602,0.03454631520727258
claude_ai,ES-PV,automation_share,ES,186.0,406.0,0.458128078817734,6502.0,14843.0,0.4380516068180287,0.020076471999705303,-0.02904214427256327,0.06919508827197388
claude_ai,ES-PV,coursework_share,ES,75.0,412.0,0.1820388349514563,1794.0,15227.0,0.11781703552899454,0.06422179942246177,0.026610464622127003,0.10183313422279654
claude_ai,ES-PV,success_rate,ES,286.0,412.0,0.6941747572815534,10591.0,15228.0,0.6954951405306016,-0.0013203832490481515,-0.04640844984450426,0.04376768334640796
claude_ai,ES-PV,work_share,ES,185.0,412.0,0.44902912621359226,7155.0,15227.0,0.46988901293754515,-0.020859886723952892,-0.0695393141534762,0.02781954070557041
claude_ai,ES-VC,automation_share,ES,637.0,1508.0,0.4224137931034483,6051.0,13741.0,0.4403609635397715,-0.017947170436323212,-0.0442232774615179,0.008328936588871474
claude_ai,ES-VC,coursework_share,ES,193.0,1549.0,0.12459651387992253,1676.0,14090.0,0.11894960965223562,0.005646904227686905,-0.0116469774208031,0.02294078587617691
claude_ai,ES-VC,success_rate,ES,1096.0,1550.0,0.7070967741935484,9781.0,14090.0,0.694180269694819,0.012916504498729386,-0.010983198305745588,0.03681620730320436
claude_ai,ES-VC,work_share,ES,728.0,1549.0,0.4699806326662363,6612.0,14090.0,0.4692689850958126,0.0007116475704236902,-0.025473888748780007,0.026897183889627387
claude_ai,FI,automation_share,GLOBAL,742.0,1975.0,0.3756962025316456,440827.0,967535.0,0.4556186597900851,-0.0799224572584395,-0.10130489131876366,-0.058540023198115326
claude_ai,FI,coursework_share,GLOBAL,245.0,2049.0,0.11957052220595413,124203.0,997653.0,0.12449519021142622,-0.004924668005472088,-0.01898856589944255,0.009139229888498374
claude_ai,FI,success_rate,GLOBAL,1511.0,2050.0,0.7370731707317073,697874.0,997950.0,0.6993075805401072,0.037765590191600085,0.018687479901826613,0.056843700481373556
claude_ai,FI,work_share,GLOBAL,793.0,2049.0,0.3870180575890678,451550.0,997653.0,0.4526122810235623,-0.0655942234344945,-0.08670673036588639,-0.04448171650310263
claude_ai,FI-18,automation_share,FI,488.0,1320.0,0.3696969696969697,254.0,655.0,0.38778625954198476,-0.018089289845015066,-0.06359280072369569,0.027414221033665552
claude_ai,FI-18,coursework_share,FI,135.0,1365.0,0.0989010989010989,110.0,684.0,0.1608187134502924,-0.06191761454919349,-0.09367888752925628,-0.030156341569130704
claude_ai,FI-18,success_rate,FI,994.0,1366.0,0.7276720351390923,517.0,684.0,0.7558479532163743,-0.028175918077282036,-0.06809779647450834,0.011745960319944258
claude_ai,FI-18,work_share,FI,558.0,1365.0,0.4087912087912088,235.0,684.0,0.3435672514619883,0.06522395732922048,0.02110104841798051,0.10934686624046046
claude_ai,FR,automation_share,GLOBAL,13437.0,31631.0,0.4248047801207676,428132.0,937879.0,0.4564895898084934,-0.0316848096877258,-0.03722485997567033,-0.026144759399781278
claude_ai,FR,coursework_share,GLOBAL,4739.0,32323.0,0.14661386628716394,119709.0,967379.0,0.12374570876564407,0.02286815752151987,0.018956514777488782,0.026779800265550956
claude_ai,FR,success_rate,GLOBAL,23137.0,32332.0,0.7156068291475938,676248.0,967668.0,0.6988429916045585,0.01676383754303523,0.01176219134113804,0.021765483744932423
claude_ai,FR,work_share,GLOBAL,13684.0,32323.0,0.42335179284101104,438659.0,967379.0,0.4534510259164195,-0.03009923307540846,-0.035576324448578216,-0.024622141702238705
claude_ai,FR-974,automation_share,FR,151.0,331.0,0.4561933534743202,13286.0,31300.0,0.42447284345047925,0.031720510023840964,-0.022216693312796937,0.08565771336047887
claude_ai,FR-974,coursework_share,FR,57.0,340.0,0.1676470588235294,4682.0,31983.0,0.14639026983084763,0.02125678899268177,-0.018638880928703652,0.06115245891406719
claude_ai,FR-974,success_rate,FR,248.0,340.0,0.7294117647058823,22889.0,31992.0,0.7154601150287572,0.013951649677125144,-0.03352989473359028,0.06143319408784057
claude_ai,FR-974,work_share,FR,146.0,340.0,0.4294117647058823,13538.0,31983.0,0.42328737141606476,0.006124393289817565,-0.04676916822438038,0.05901795480401551
claude_ai,FR-ARA,automation_share,FR,1431.0,3374.0,0.42412566686425607,12006.0,28257.0,0.4248858689882153,-0.0007602021239592194,-0.018404281032146388,0.01688387678422795
claude_ai,FR-ARA,coursework_share,FR,467.0,3443.0,0.13563752541388324,4272.0,28880.0,0.14792243767313018,-0.012284912259246938,-0.02443311960776847,-0.00013670491072540446
claude_ai,FR-ARA,success_rate,FR,2526.0,3443.0,0.7336625036305547,20611.0,28889.0,0.7134549482501991,0.02020755538035568,0.004548393949051738,0.03586671681165962
claude_ai,FR-ARA,work_share,FR,1468.0,3443.0,0.4263723496950334,12216.0,28880.0,0.4229916897506925,0.0033806599443408913,-0.014093897507307655,0.020855217395989438
claude_ai,FR-BFC,automation_share,FR,191.0,481.0,0.3970893970893971,13246.0,31150.0,0.4252327447833066,-0.02814334769390947,-0.07221410699201976,0.015927411604200817
claude_ai,FR-BFC,coursework_share,FR,71.0,492.0,0.1443089430894309,4668.0,31831.0,0.14664949263296786,-0.0023405495435369628,-0.03363402118168952,0.028952922094615592
claude_ai,FR-BFC,success_rate,FR,362.0,492.0,0.7357723577235772,22775.0,31840.0,0.7152952261306532,0.02047713159292397,-0.018798309286625424,0.05975257247247336
claude_ai,FR-BFC,work_share,FR,188.0,492.0,0.3821138211382114,13496.0,31831.0,0.42398919292513587,-0.041875371786924465,-0.08515349920414134,0.0014027556302924071
claude_ai,FR-BRE,automation_share,FR,432.0,981.0,0.44036697247706424,13005.0,30650.0,0.42430668841761826,0.016060284059445984,-0.015494297646940318,0.047614865765832286
claude_ai,FR-BRE,coursework_share,FR,185.0,1002.0,0.18463073852295409,4554.0,31321.0,0.1453976565243766,0.039233081998577474,0.014893625412541266,0.06357253858461367
claude_ai,FR-BRE,success_rate,FR,726.0,1002.0,0.7245508982035929,22411.0,31330.0,0.715320778806256,0.009230119397336867,-0.01887919724907929,0.03733943604375302
claude_ai,FR-BRE,work_share,FR,413.0,1002.0,0.4121756487025948,13271.0,31321.0,0.4237093323967945,-0.011533683694199659,-0.04249916013197203,0.019431792743572714
claude_ai,FR-CVL,automation_share,FR,257.0,615.0,0.41788617886178864,13180.0,31016.0,0.4249419654371937,-0.007055786575405065,-0.046422964788175806,0.032311391637365676
claude_ai,FR-CVL,coursework_share,FR,89.0,629.0,0.14149443561208266,4650.0,31694.0,0.1467154666498391,-0.005221031037756424,-0.03273596840836617,0.022293906332853324
claude_ai,FR-CVL,success_rate,FR,449.0,629.0,0.7138314785373608,22688.0,31703.0,0.7156420528025739,-0.0018105742652130274,-0.037479460574769086,0.03385831204434303
claude_ai,FR-CVL,work_share,FR,275.0,629.0,0.43720190779014306,13409.0,31694.0,0.4230769230769231,0.01412498471321999,-0.025020483311975157,0.05327045273841514
claude_ai,FR-GES,automation_share,FR,634.0,1450.0,0.43724137931034485,12803.0,30181.0,0.4242072827275438,0.013034096582801025,-0.013100172366845058,0.03916836553244711
claude_ai,FR-GES,coursework_share,FR,271.0,1481.0,0.18298446995273465,4468.0,30842.0,0.14486738862589973,0.03811708132683492,0.01803662412480485,0.05819753852886499
claude_ai,FR-GES,success_rate,FR,1054.0,1481.0,0.7116812964213369,22083.0,30851.0,0.7157952740591877,-0.004113977637850819,-0.027727138314909378,0.01949918303920774
claude_ai,FR-GES,work_share,FR,558.0,1481.0,0.37677245104659013,13126.0,30842.0,0.42558848323714416,-0.048816032190554026,-0.07410519255891292,-0.02352687182219514
claude_ai,FR-HDF,automation_share,FR,642.0,1492.0,0.43029490616621985,12795.0,30139.0,0.4245329971133747,0.005761909052845127,-0.01997384531637401,0.03149766342206427
claude_ai,FR-HDF,coursework_share,FR,233.0,1528.0,0.15248691099476439,4506.0,30795.0,0.1463224549439844,0.006164456050779976,-0.012288077559709756,0.024616989661269708
claude_ai,FR-HDF,success_rate,FR,1062.0,1528.0,0.6950261780104712,22075.0,30804.0,0.7166277106869238,-0.021601532676452595,-0.04522850280804379,0.002025437455138595
claude_ai,FR-HDF,work_share,FR,590.0,1528.0,0.38612565445026176,13094.0,30795.0,0.4251988959246631,-0.03907324147440133,-0.06410164932728875,-0.014044833621513913
claude_ai,FR-IDF,automation_share,FR,6488.0,15507.0,0.4183916940736442,6949.0,16124.0,0.4309724634085835,-0.01258076933493929,-0.023476254217603125,-0.0016852844522754536
claude_ai,FR-IDF,coursework_share,FR,2307.0,15843.0,0.14561636053777693,2432.0,16480.0,0.14757281553398058,-0.0019564549962036437,-0.009669501309776195,0.005756591317368908
claude_ai,FR-IDF,success_rate,FR,11341.0,15851.0,0.7154753643303262,11796.0,16481.0,0.7157332686123414,-0.00025790428201522,-0.01009464803310985,0.00957883946907941
claude_ai,FR-IDF,work_share,FR,6967.0,15843.0,0.4397525721138673,6717.0,16480.0,0.4075849514563107,0.03216762065755663,0.021396105770071873,0.04293913554504138
claude_ai,FR-NAQ,automation_share,FR,687.0,1466.0,0.4686221009549795,12750.0,30165.0,0.4226752859273993,0.045946815027580246,0.019800826979562428,0.07209280307559807
claude_ai,FR-NAQ,coursework_share,FR,213.0,1499.0,0.14209472981987992,4526.0,30824.0,0.1468336361276927,-0.00473890630781279,-0.022850365029161972,0.013372552413536392
claude_ai,FR-NAQ,success_rate,FR,1046.0,1499.0,0.6977985323549033,22091.0,30833.0,0.7164726105147082,-0.01867407815980493,-0.042459305642735166,0.005111149323125307
claude_ai,FR-NAQ,work_share,FR,599.0,1499.0,0.39959973315543695,13085.0,30824.0,0.4245068777575915,-0.02490714460215454,-0.05031005232151076,0.0004957631172016821
claude_ai,FR-NOR,automation_share,FR,289.0,660.0,0.43787878787878787,13148.0,30971.0,0.42452616964256884,0.013352618236219027,-0.02489646838815035,0.051601704860588404
claude_ai,FR-NOR,coursework_share,FR,108.0,669.0,0.16143497757847533,4631.0,31654.0,0.14630062551336323,0.0151343520651121,-0.013017282981872845,0.043285987112097045
claude_ai,FR-NOR,success_rate,FR,464.0,669.0,0.6935724962630793,22673.0,31663.0,0.7160723873290592,-0.022499891065979938,-0.05778554135210897,0.012785759220149094
claude_ai,FR-NOR,work_share,FR,259.0,669.0,0.38714499252615847,13425.0,31654.0,0.4241170152271435,-0.03697202270098504,-0.07428263517342018,0.0003385897714500985
claude_ai,FR-OCC,automation_share,FR,856.0,2007.0,0.4265072247135027,12581.0,29624.0,0.4246894409937888,0.0018177837197139168,-0.020540009293031295,0.02417557673245913
claude_ai,FR-OCC,coursework_share,FR,305.0,2052.0,0.148635477582846,4434.0,30271.0,0.14647682600508738,0.00215865157775863,-0.01374010027099934,0.0180574034265166
claude_ai,FR-OCC,success_rate,FR,1470.0,2053.0,0.7160253287871408,21667.0,30279.0,0.715578453713795,0.0004468750733457316,-0.019710045834701703,0.020603795981393166
claude_ai,FR-OCC,work_share,FR,838.0,2052.0,0.4083820662768031,12846.0,30271.0,0.42436655544910973,-0.015984489172306604,-0.03796897545283149,0.0059999971082182815
claude_ai,FR-PAC,automation_share,FR,958.0,2320.0,0.41293103448275864,12479.0,29311.0,0.4257446010030364,-0.012813566520277764,-0.033633163272251784,0.008006030231696257
claude_ai,FR-PAC,coursework_share,FR,307.0,2384.0,0.1287751677852349,4432.0,29939.0,0.14803433648418451,-0.019259168698949614,-0.03329378506462115,-0.005224552333278079
claude_ai,FR-PAC,success_rate,FR,1711.0,2384.0,0.7177013422818792,21426.0,29948.0,0.7154400961666889,0.0022612461151902963,-0.016516306727700308,0.0210387989580809
claude_ai,FR-PAC,work_share,FR,1000.0,2384.0,0.41946308724832215,12684.0,29939.0,0.4236614449380407,-0.004198357689718546,-0.024783090707602397,0.016386375328165306
claude_ai,FR-PDL,automation_share,FR,539.0,1219.0,0.4421657095980312,12898.0,30412.0,0.42410890437985005,0.01805680521818115,-0.010371527055263008,0.046485137491625306
claude_ai,FR-PDL,coursework_share,FR,179.0,1242.0,0.14412238325281804,4560.0,31081.0,0.14671342620893793,-0.0025910429561198933,-0.022516093009356107,0.01733400709711632
claude_ai,FR-PDL,success_rate,FR,885.0,1242.0,0.7125603864734299,22252.0,31090.0,0.7157285300739787,-0.003168143600548845,-0.028832482247786603,0.022496195046688913
claude_ai,FR-PDL,work_share,FR,501.0,1242.0,0.4033816425120773,13183.0,31081.0,0.4241498021299186,-0.020768159617841286,-0.048599500502578136,0.0070631812668955594
claude_ai,GB,automation_share,GLOBAL,13791.0,34906.0,0.39508966939781126,427778.0,934604.0,0.4577104313698636,-0.06262076197205235,-0.06784788863546454,-0.05739363530864016
claude_ai,GB,coursework_share,GLOBAL,3477.0,35857.0,0.09696851381878016,120971.0,963845.0,0.1255087695635709,-0.028540255744790743,-0.03167377552114373,-0.02540673596843776
claude_ai,GB,success_rate,GLOBAL,25738.0,35869.0,0.7175555493601717,673647.0,964131.0,0.6987089928650775,0.018846556495094258,0.014098411305010142,0.023594701685178375
claude_ai,GB,work_share,GLOBAL,16113.0,35857.0,0.44936832417659034,436230.0,963845.0,0.4525935186674206,-0.003225194490830252,-0.008468951430518904,0.0020185624488584
claude_ai,GB-ENG,automation_share,GB,12871.0,32536.0,0.39559257437914924,920.0,2370.0,0.3881856540084388,0.007406920370710446,-0.012920338986655615,0.027734179728076506
claude_ai,GB-ENG,coursework_share,GB,3115.0,33429.0,0.09318256603547818,362.0,2428.0,0.14909390444810544,-0.05591133841262726,-0.0704177908794093,-0.0414048859458452
claude_ai,GB-ENG,success_rate,GB,23998.0,33438.0,0.7176864645014654,1740.0,2431.0,0.7157548334018923,0.0019316310995731722,-0.016636628356183247,0.02049989055532959
claude_ai,GB-ENG,work_share,GB,15155.0,33429.0,0.45334888868946127,958.0,2428.0,0.39456342668863265,0.058785462000828625,0.03862505169296357,0.07894587230869368
claude_ai,GB-NIR,automation_share,GB,151.0,366.0,0.412568306010929,13640.0,34540.0,0.39490445859872614,0.017663847412202838,-0.03303511495433118,0.06836280977873685
claude_ai,GB-NIR,coursework_share,GB,37.0,371.0,0.09973045822102426,3440.0,35486.0,0.09693963816716451,0.0027908200538597494,-0.027855028034465233,0.03343666814218473
claude_ai,GB-NIR,success_rate,GB,257.0,371.0,0.692722371967655,25481.0,35498.0,0.7178150881739817,-0.025092716206326693,-0.07227328383978757,0.022087851427134174
claude_ai,GB-NIR,work_share,GB,171.0,371.0,0.4609164420485175,15942.0,35486.0,0.4492475905991095,0.011668851449407991,-0.039317887092495105,0.06265558999131109
claude_ai,GB-SCT,automation_share,GB,530.0,1423.0,0.3724525650035137,13261.0,33483.0,0.39605172774243647,-0.023599162738922763,-0.04925918669801381,0.002060861220168287
claude_ai,GB-SCT,coursework_share,GB,264.0,1464.0,0.18032786885245902,3213.0,34393.0,0.09342017270956299,0.08690769614289603,0.06697483035554193,0.10684056193025014
claude_ai,GB-SCT,success_rate,GB,1075.0,1467.0,0.732788002726653,24663.0,34402.0,0.7169059938375676,0.01588200888908542,-0.007257260663501047,0.039021278441671886
claude_ai,GB-SCT,work_share,GB,534.0,1464.0,0.36475409836065575,15579.0,34393.0,0.4529700811211584,-0.08821598276050263,-0.11342888794733719,-0.06300307757366808
claude_ai,GB-WLS,automation_share,GB,239.0,581.0,0.4113597246127367,13552.0,34325.0,0.39481427530954116,0.016545449303195514,-0.02380057741445108,0.05689147602084211
claude_ai,GB-WLS,coursework_share,GB,61.0,593.0,0.10286677908937605,3416.0,35264.0,0.09686932849364792,0.005997450595728135,-0.018647565470291925,0.030642466661748195
claude_ai,GB-WLS,success_rate,GB,408.0,593.0,0.688026981450253,25330.0,35276.0,0.7180519333257739,-0.0300249518755209,-0.06760920537838028,0.007559301627338477
claude_ai,GB-WLS,work_share,GB,253.0,593.0,0.4266441821247892,15860.0,35264.0,0.44975045372050815,-0.02310627159571893,-0.06325177095266063,0.017039227761222762
claude_ai,GE,automation_share,GLOBAL,583.0,1281.0,0.45511319281811086,440986.0,968229.0,0.45545630217644795,-0.00034310935833709033,-0.0276317249935706,0.02694550627689642
claude_ai,GE,coursework_share,GLOBAL,159.0,1323.0,0.12018140589569161,124289.0,998379.0,0.12449079958612912,-0.004309393690437507,-0.02184366674338792,0.013224879362512904
claude_ai,GE,success_rate,GLOBAL,950.0,1324.0,0.7175226586102719,698435.0,998676.0,0.6993609539029675,0.018161704707304382,-0.00610552104979795,0.04242893046440671
claude_ai,GE,work_share,GLOBAL,581.0,1323.0,0.43915343915343913,451762.0,998379.0,0.4524954951977155,-0.013342056044276351,-0.04010263915061815,0.01341852706206545
claude_ai,GE-TB,automation_share,GE,445.0,1000.0,0.445,138.0,281.0,0.49110320284697506,-0.046103202846975055,-0.11217506251390347,0.019968656819953357
claude_ai,GE-TB,coursework_share,GE,129.0,1028.0,0.1254863813229572,30.0,295.0,0.1016949152542373,0.023791466068719902,-0.016205114502601765,0.06378804664004156
claude_ai,GE-TB,success_rate,GE,745.0,1029.0,0.7240038872691934,205.0,295.0,0.6949152542372882,0.02908863303190523,-0.030130037139052608,0.08830730320286306
claude_ai,GE-TB,work_share,GE,451.0,1028.0,0.438715953307393,130.0,295.0,0.4406779661016949,-0.001962012794301915,-0.06622687362009876,0.062302848031494926
claude_ai,GH,automation_share,GLOBAL,781.0,1601.0,0.48782011242973145,440788.0,967909.0,0.455402315713564,0.03241779671616746,0.00791262458936609,0.056922968842968824
claude_ai,GH,coursework_share,GLOBAL,603.0,1639.0,0.3679072605247102,123845.0,998063.0,0.12408535332939905,0.24382190719531113,0.22046621335868102,0.2671776010319412
claude_ai,GH,success_rate,GLOBAL,1176.0,1639.0,0.7175106772422208,698209.0,998361.0,0.6993552432436764,0.018155433998544468,-0.003659368362706441,0.03997023635979538
claude_ai,GH,work_share,GLOBAL,568.0,1639.0,0.3465527760829774,451775.0,998063.0,0.4526517865104708,-0.10609901042749337,-0.12915832196557298,-0.08303969888941375
claude_ai,GH-AA,automation_share,GH,654.0,1334.0,0.49025487256371814,127.0,267.0,0.4756554307116105,0.014599441852107653,-0.05103700472067377,0.08023588842488907
claude_ai,GH-AA,coursework_share,GH,455.0,1367.0,0.33284564740307243,148.0,272.0,0.5441176470588235,-0.21127199965575105,-0.275517103496957,-0.1470268958145451
claude_ai,GH-AA,success_rate,GH,980.0,1367.0,0.7168983174835406,196.0,272.0,0.7205882352941176,-0.003689917810577037,-0.06211932839956289,0.05473949277840882
claude_ai,GH-AA,work_share,GH,514.0,1367.0,0.3760058522311631,54.0,272.0,0.19852941176470587,0.17747644046645725,0.12356330308737495,0.23138957784553954
claude_ai,GH-AH,automation_share,GH,117.0,243.0,0.48148148148148145,664.0,1358.0,0.4889543446244477,-0.007472863142966246,-0.07569099301454708,0.06074526672861459
claude_ai,GH-AH,coursework_share,GH,132.0,252.0,0.5238095238095238,471.0,1387.0,0.33958183129055514,0.1842276925189687,0.11771737056045531,0.2507380144774821
claude_ai,GH-AH,success_rate,GH,182.0,252.0,0.7222222222222222,994.0,1387.0,0.7166546503244412,0.00556757189778101,-0.05460484915016568,0.0657399929457277
claude_ai,GH-AH,work_share,GH,53.0,252.0,0.21031746031746032,515.0,1387.0,0.3713049747656813,-0.160987514448221,-0.21736494962975453,-0.10461007926668744
claude_ai,GR,automation_share,GLOBAL,906.0,2056.0,0.4406614785992218,440663.0,967454.0,0.45548728931814847,-0.01482581071892669,-0.036308976787779335,0.0066573553499259565
claude_ai,GR,coursework_share,GLOBAL,222.0,2108.0,0.10531309297912714,124226.0,997594.0,0.12452560861432607,-0.019212515635198935,-0.032332331917194486,-0.0060926993532033815
claude_ai,GR,success_rate,GLOBAL,1479.0,2108.0,0.7016129032258065,697906.0,997892.0,0.6993802936590332,0.0022326095667732915,-0.017320676687632448,0.02178589582117903
claude_ai,GR,work_share,GLOBAL,1001.0,2108.0,0.47485768500948766,451342.0,997594.0,0.45243054789824316,0.0224271371112445,0.0010870404287038754,0.043767233793785124
claude_ai,GR-B,automation_share,GR,133.0,295.0,0.45084745762711864,773.0,1761.0,0.4389551391254969,0.011892318501621757,-0.049437724825834806,0.07322236182907832
claude_ai,GR-B,coursework_share,GR,34.0,305.0,0.11147540983606558,188.0,1803.0,0.10427066001109263,0.0072047498249729475,-0.030828910093110097,0.04523840974305599
claude_ai,GR-B,success_rate,GR,206.0,305.0,0.6754098360655738,1273.0,1803.0,0.7060454797559623,-0.030635643690388514,-0.08723528933717982,0.02596400195640279
claude_ai,GR-B,work_share,GR,127.0,305.0,0.4163934426229508,874.0,1803.0,0.48474764281752636,-0.06835420019457555,-0.12829568784677003,-0.008412712542381073
claude_ai,GR-I,automation_share,GR,665.0,1509.0,0.44068919814446655,241.0,547.0,0.4405850091407678,0.00010418900369874029,-0.04845977752667575,0.04866815553407323
claude_ai,GR-I,coursework_share,GR,153.0,1548.0,0.09883720930232558,69.0,560.0,0.12321428571428572,-0.024377076411960144,-0.05539545953707087,0.006641306713150583
claude_ai,GR-I,success_rate,GR,1097.0,1548.0,0.708656330749354,382.0,560.0,0.6821428571428572,0.026513473606496807,-0.01820543766305692,0.07123238487605053
claude_ai,GR-I,work_share,GR,766.0,1548.0,0.49483204134366926,235.0,560.0,0.41964285714285715,0.07518918420081211,0.027324267171856306,0.12305410122976791
claude_ai,GT,automation_share,GLOBAL,354.0,712.0,0.49719101123595505,441215.0,968798.0,0.45542517635255236,0.041765834883402686,0.0050259752693384285,0.07850569449746694
claude_ai,GT,coursework_share,GLOBAL,210.0,733.0,0.286493860845839,124238.0,998969.0,0.12436622157444326,0.16212763927139573,0.1293901426121355,0.19486513593065596
claude_ai,GT,success_rate,GLOBAL,529.0,734.0,0.720708446866485,698856.0,999266.0,0.6993693370934265,0.02133910977305853,-0.011130965136464652,0.05380918468258171
claude_ai,GT,work_share,GLOBAL,326.0,733.0,0.44474761255115963,452017.0,998969.0,0.4524835104993248,-0.007735897948165149,-0.04372457658763317,0.028252780691302874
claude_ai,HN,automation_share,GLOBAL,183.0,345.0,0.5304347826086957,441386.0,969165.0,0.45542915808969575,0.07500562451899995,0.02233269933535305,0.12767854970264686
claude_ai,HN,coursework_share,GLOBAL,115.0,367.0,0.3133514986376022,124333.0,999335.0,0.12441573646474906,0.18893576217285313,0.14147370729509873,0.23639781705060753
claude_ai,HN,success_rate,GLOBAL,269.0,367.0,0.7329700272479565,699116.0,999633.0,0.6993726697698055,0.03359735747815096,-0.01167486078954106,0.07886957574584297
claude_ai,HN,work_share,GLOBAL,136.0,367.0,0.37057220708446864,452207.0,999335.0,0.45250791776531396,-0.08193571068084532,-0.13135734520724557,-0.03251407615444508
claude_ai,HR,automation_share,GLOBAL,454.0,1056.0,0.42992424242424243,441115.0,968454.0,0.45548368843538256,-0.02555944601114013,-0.055435679194629786,0.0043167871723495226
claude_ai,HR,coursework_share,GLOBAL,102.0,1084.0,0.0940959409594096,124346.0,998618.0,0.12451808399207705,-0.03042214303266745,-0.04781493152216165,-0.013029354543173246
claude_ai,HR,success_rate,GLOBAL,781.0,1084.0,0.7204797047970479,698604.0,998916.0,0.6993621085256418,0.02111759627140608,-0.005612766763758964,0.047847959306571125
claude_ai,HR,work_share,GLOBAL,516.0,1084.0,0.47601476014760147,451827.0,998618.0,0.4524522890634857,0.023562471084115744,-0.006184665061947602,0.05330960723017909
claude_ai,HT,automation_share,GLOBAL,88.0,207.0,0.4251207729468599,441481.0,969303.0,0.4554623270535632,-0.030341554106703306,-0.09769540409996623,0.03701229588655962
claude_ai,HT,coursework_share,GLOBAL,97.0,237.0,0.4092827004219409,124351.0,999465.0,0.12441756339641709,0.28486513702552385,0.22226048048343267,0.34746979356761504
claude_ai,HT,success_rate,GLOBAL,174.0,237.0,0.7341772151898734,699211.0,999763.0,0.6993767522902928,0.03480046289958061,-0.021451010162272972,0.09105193596143418
claude_ai,HT,work_share,GLOBAL,61.0,237.0,0.25738396624472576,452282.0,999465.0,0.45252410039371066,-0.1951401341489849,-0.2508101743599475,-0.1394700939380223
claude_ai,HU,automation_share,GLOBAL,720.0,1587.0,0.45368620037807184,440849.0,967923.0,0.4554587503344791,-0.0017725499564072433,-0.02628701670715402,0.022741916794339533
claude_ai,HU,coursework_share,GLOBAL,112.0,1646.0,0.06804374240583232,124336.0,998056.0,0.12457817998188478,-0.05653443757605246,-0.06871726344559521,-0.04435161170650971
claude_ai,HU,success_rate,GLOBAL,1148.0,1647.0,0.6970248937462052,698237.0,998353.0,0.699388893507607,-0.0023639997614017805,-0.02457628484260645,0.01984828531980289
claude_ai,HU,work_share,GLOBAL,726.0,1646.0,0.44106925880923453,451617.0,998056.0,0.4524966534943931,-0.011427394685158576,-0.035434131897794555,0.012579342527477402
claude_ai,HU-BU,automation_share,HU,459.0,1035.0,0.4434782608695652,261.0,552.0,0.47282608695652173,-0.02934782608695652,-0.08083356224010996,0.022137910066196913
claude_ai,HU-BU,coursework_share,HU,69.0,1067.0,0.06466729147141519,43.0,579.0,0.07426597582037997,-0.009598684348964784,-0.035558698842034,0.01636133014410443
claude_ai,HU-BU,success_rate,HU,750.0,1068.0,0.702247191011236,398.0,579.0,0.687392055267703,0.014855135743533032,-0.03181232637744248,0.061522597864508546
claude_ai,HU-BU,work_share,HU,484.0,1067.0,0.4536082474226804,242.0,579.0,0.41796200345423146,0.035646243968448954,-0.014417841039943008,0.08571032897684092
claude_ai,ID,automation_share,GLOBAL,5917.0,12370.0,0.47833468067906226,435652.0,957140.0,0.45516016465720793,0.02317451602185433,0.014315113393886204,0.032033918649822454
claude_ai,ID,coursework_share,GLOBAL,4853.0,12690.0,0.38242710795902285,119595.0,987012.0,0.12116873958979223,0.2612583683692306,0.2527783096197695,0.2697384271186917
claude_ai,ID,success_rate,GLOBAL,8970.0,12692.0,0.7067444059249921,690415.0,987308.0,0.6992903936765427,0.0074540122484494375,-0.0005178410305981627,0.015425865527497038
claude_ai,ID,work_share,GLOBAL,3735.0,12690.0,0.29432624113475175,448608.0,987012.0,0.4545111913532966,-0.16018495021854484,-0.16817499256245094,-0.15219490787463874
claude_ai,ID-JW,automation_share,ID,4058.0,8459.0,0.47972573590258893,1859.0,3911.0,0.47532600357964716,0.004399732322941774,-0.014529477820388739,0.023328942466272286
claude_ai,ID-JW,coursework_share,ID,3054.0,8670.0,0.3522491349480969,1799.0,4020.0,0.4475124378109453,-0.0952633028628484,-0.11363101222699584,-0.07689559349870095
claude_ai,ID-JW,success_rate,ID,6139.0,8672.0,0.707910516605166,2831.0,4020.0,0.704228855721393,0.0036816608837729747,-0.013366660990952621,0.02072998275849857
claude_ai,ID-JW,work_share,ID,2747.0,8670.0,0.3168396770472895,988.0,4020.0,0.24577114427860697,0.07106853276868252,0.054544322912389726,0.08759274262497532
claude_ai,ID-KA,automation_share,ID,262.0,538.0,0.48698884758364314,5655.0,11832.0,0.47794117647058826,0.009047671113054878,-0.03413719910131973,0.05223254132742949
claude_ai,ID-KA,coursework_share,ID,259.0,560.0,0.4625,4594.0,12130.0,0.37873042044517724,0.08376957955482278,0.04158105980285424,0.12595809930679133
claude_ai,ID-KA,success_rate,ID,396.0,560.0,0.7071428571428572,8574.0,12132.0,0.7067260138476755,0.00041684329518165697,-0.038135462675521085,0.0389691492658844
claude_ai,ID-KA,work_share,ID,93.0,560.0,0.16607142857142856,3642.0,12130.0,0.30024732069249793,-0.13417589212106937,-0.16605993105140165,-0.10229185319073708
claude_ai,ID-NU,automation_share,ID,326.0,776.0,0.42010309278350516,5591.0,11594.0,0.4822321890633086,-0.06212909627980345,-0.09802837925866467,-0.026229813300942227
claude_ai,ID-NU,coursework_share,ID,163.0,810.0,0.20123456790123456,4690.0,11880.0,0.3947811447811448,-0.19354657687991023,-0.22252246710914964,-0.16457068665067082
claude_ai,ID-NU,success_rate,ID,564.0,810.0,0.6962962962962963,8406.0,11882.0,0.7074566571284295,-0.011160360832133231,-0.043868844286089115,0.021548122621822652
claude_ai,ID-NU,work_share,ID,343.0,810.0,0.42345679012345677,3392.0,11880.0,0.2855218855218855,0.13793490460157126,0.1029512129875509,0.17291859621559164
claude_ai,ID-SL,automation_share,ID,347.0,696.0,0.4985632183908046,5570.0,11674.0,0.47712866198389586,0.021434556406908722,-0.016801157450920187,0.05967027026473763
claude_ai,ID-SL,coursework_share,ID,401.0,711.0,0.5639943741209564,4452.0,11979.0,0.3716503881793138,0.19234398594164265,0.1548801765891079,0.22980779529417739
claude_ai,ID-SL,success_rate,ID,483.0,711.0,0.679324894514768,8487.0,11981.0,0.708371588348218,-0.029046693833450044,-0.06430662054056255,0.006213232873662454
claude_ai,ID-SL,work_share,ID,137.0,711.0,0.19268635724331926,3598.0,11979.0,0.3003589615159863,-0.10767260427266703,-0.13780378661537157,-0.0775414219299625
claude_ai,ID-SM,automation_share,ID,872.0,1779.0,0.4901630129286116,5045.0,10591.0,0.4763478425077896,0.013815170420821976,-0.011287075341388439,0.03891741618303239
claude_ai,ID-SM,coursework_share,ID,914.0,1815.0,0.5035812672176309,3939.0,10875.0,0.3622068965517241,0.14137437066590675,0.11666153279259941,0.16608720853921408
claude_ai,ID-SM,success_rate,ID,1291.0,1815.0,0.7112947658402203,7679.0,10877.0,0.7059851061873679,0.005309659652852461,-0.017228327998423016,0.027847647304127938
claude_ai,ID-SM,work_share,ID,379.0,1815.0,0.20881542699724517,3356.0,10875.0,0.3085977011494253,-0.09978227415218013,-0.12039914783906147,-0.0791654004652988
claude_ai,IE,automation_share,GLOBAL,997.0,2505.0,0.3980039920159681,440572.0,967005.0,0.4556046762943315,-0.0576006842783634,-0.07679507174376779,-0.038406296812959005
claude_ai,IE,coursework_share,GLOBAL,342.0,2577.0,0.13271245634458673,124106.0,997125.0,0.12446383352137395,0.008248622823212773,-0.004866336198591633,0.02136358184501718
claude_ai,IE,success_rate,GLOBAL,1895.0,2577.0,0.7353511835467598,697490.0,997423.0,0.6992920756790248,0.03605910786773492,0.019002737795288514,0.05311547794018132
claude_ai,IE,work_share,GLOBAL,1052.0,2577.0,0.4082266201008925,451291.0,997125.0,0.4525922025824245,-0.044365582481531995,-0.06336770090774554,-0.02536346405531844
claude_ai,IE-L,automation_share,IE,896.0,2255.0,0.3973392461197339,101.0,250.0,0.404,-0.0066607538802661015,-0.07075386359787725,0.057432355837345045
claude_ai,IE-L,coursework_share,IE,294.0,2315.0,0.12699784017278617,48.0,262.0,0.183206106870229,-0.05620826669744283,-0.10497419326627533,-0.007442340128610329
claude_ai,IE-L,success_rate,IE,1697.0,2315.0,0.7330453563714903,198.0,262.0,0.7557251908396947,-0.02267983446820443,-0.07773905926328843,0.03237939032687957
claude_ai,IE-L,work_share,IE,941.0,2315.0,0.4064794816414687,111.0,262.0,0.42366412213740456,-0.017184640495935877,-0.08027626824035933,0.045906987248487574
claude_ai,IL,automation_share,GLOBAL,2759.0,6681.0,0.41296213141745247,438810.0,962829.0,0.45575070962756625,-0.04278857821011378,-0.0546369792647062,-0.030940177155521366
claude_ai,IL,coursework_share,GLOBAL,737.0,6871.0,0.10726240721874546,123711.0,992831.0,0.12460428814168777,-0.01734188092294231,-0.024687643935632334,-0.009996117910252286
claude_ai,IL,success_rate,GLOBAL,4782.0,6872.0,0.6958672875436555,694603.0,993128.0,0.6994093409912921,-0.003542053447636695,-0.014456376106611164,0.007372269211337774
claude_ai,IL,work_share,GLOBAL,3184.0,6871.0,0.4633968854606316,449159.0,992831.0,0.45240227188715904,0.01099461357347259,-0.0008369272448285215,0.022826154391773698
claude_ai,IL-D,automation_share,IL,137.0,328.0,0.4176829268292683,2622.0,6353.0,0.41271840075554855,0.004964526073719722,-0.04976436814626653,0.05969342029370597
claude_ai,IL-D,coursework_share,IL,57.0,359.0,0.15877437325905291,680.0,6512.0,0.10442260442260443,0.05435176883644849,0.015823507560552653,0.09288003011234433
claude_ai,IL-D,success_rate,IL,253.0,359.0,0.7047353760445683,4529.0,6513.0,0.6953784738215876,0.00935690222298069,-0.039136497535378824,0.0578503019813402
claude_ai,IL-D,work_share,IL,154.0,359.0,0.42896935933147634,3030.0,6512.0,0.4652948402948403,-0.036325480963363965,-0.08893717613541283,0.016286214208684903
claude_ai,IL-HA,automation_share,IL,307.0,767.0,0.4002607561929596,2452.0,5914.0,0.41460940142035846,-0.01434864522739887,-0.05122660536659583,0.02252931491179809
claude_ai,IL-HA,coursework_share,IL,86.0,784.0,0.1096938775510204,651.0,6087.0,0.10694923607688517,0.002744641474135237,-0.020467813669193546,0.02595709661746402
claude_ai,IL-HA,success_rate,IL,553.0,784.0,0.7053571428571429,4229.0,6088.0,0.6946452036793692,0.010711939177773688,-0.02323221114245997,0.04465608949800735
claude_ai,IL-HA,work_share,IL,354.0,784.0,0.45153061224489793,2830.0,6087.0,0.46492525053392475,-0.013394638289026817,-0.05041478106460107,0.02362550448654744
claude_ai,IL-JM,automation_share,IL,406.0,1012.0,0.40118577075098816,2353.0,5669.0,0.41506438525313105,-0.013878614502142894,-0.04668822101597914,0.01893099201169335
claude_ai,IL-JM,coursework_share,IL,124.0,1041.0,0.11911623439000961,613.0,5830.0,0.10514579759862779,0.013970436791381824,-0.007224217614417137,0.03516509119718078
claude_ai,IL-JM,success_rate,IL,740.0,1042.0,0.710172744721689,4042.0,5830.0,0.6933104631217839,0.016862281599905105,-0.013120144787938503,0.046844707987748715
claude_ai,IL-JM,work_share,IL,515.0,1041.0,0.494716618635927,2669.0,5830.0,0.45780445969125216,0.03691215894467481,0.00395715389996476,0.06986716398938486
claude_ai,IL-M,automation_share,IL,784.0,1849.0,0.42401297998918336,1975.0,4832.0,0.40873344370860926,0.015279536280574102,-0.011169573291033848,0.041728645852182056
claude_ai,IL-M,coursework_share,IL,203.0,1893.0,0.10723718964606445,534.0,4978.0,0.10727199678585778,-3.48071397933275e-05,-0.016411308818282226,0.01634169453869557
claude_ai,IL-M,success_rate,IL,1319.0,1893.0,0.6967776016904385,3463.0,4979.0,0.6955211889937738,0.001256412696664655,-0.023077867659209893,0.025590693052539203
claude_ai,IL-M,work_share,IL,868.0,1893.0,0.45853143159006865,2316.0,4978.0,0.46524708718360785,-0.006715655593539205,-0.0330946223206042,0.019663311133525787
claude_ai,IL-TA,automation_share,IL,1035.0,2483.0,0.41683447442609745,1724.0,4198.0,0.4106717484516436,0.006162725974453831,-0.018282370532448133,0.030607822481355795
claude_ai,IL-TA,coursework_share,IL,212.0,2554.0,0.08300704776820673,525.0,4317.0,0.12161223071577484,-0.03860518294756811,-0.05308103571586224,-0.02412933017927397
claude_ai,IL-TA,success_rate,IL,1750.0,2554.0,0.6851996867658575,3032.0,4318.0,0.7021769337656323,-0.016977246999774764,-0.039571469082194485,0.00561697508264496
claude_ai,IL-TA,work_share,IL,1201.0,2554.0,0.4702427564604542,1983.0,4317.0,0.4593467685892981,0.010895987871156088,-0.013511066295888795,0.03530304203820097
claude_ai,IL-Z,automation_share,IL,90.0,221.0,0.4072398190045249,2669.0,6460.0,0.4131578947368421,-0.0059180757323172295,-0.07179914900870678,0.05996299754407232
claude_ai,IL-Z,coursework_share,IL,55.0,240.0,0.22916666666666666,682.0,6631.0,0.10285024883124717,0.12631641783541947,0.07264125220287258,0.17999158346796634
claude_ai,IL-Z,success_rate,IL,167.0,240.0,0.6958333333333333,4615.0,6632.0,0.6958685162846804,-3.518295134707916e-05,-0.05928372899666576,0.0592133630939716
claude_ai,IL-Z,work_share,IL,92.0,240.0,0.38333333333333336,3092.0,6631.0,0.46629467651937867,-0.08296134318604531,-0.1456349010614435,-0.020287785310647108
claude_ai,IN,automation_share,GLOBAL,29836.0,59659.0,0.5001089525469753,411733.0,909851.0,0.45252794138820535,0.04758101115876995,0.04344045571943006,0.051721566598109836
claude_ai,IN,coursework_share,GLOBAL,9582.0,61585.0,0.15558983518713973,114866.0,938117.0,0.12244314941526484,0.03314668577187489,0.030208073049044305,0.03608529849470548
claude_ai,IN,success_rate,GLOBAL,41347.0,61627.0,0.6709234588735457,658038.0,938373.0,0.7012541920963199,-0.030330733222774242,-0.034154421397295666,-0.026507045048252815
claude_ai,IN,work_share,GLOBAL,30592.0,61585.0,0.4967443370950719,421751.0,938117.0,0.4495718551097571,0.04717248198531476,0.043097266086244625,0.0512476978843849
claude_ai,IN-AP,automation_share,IN,567.0,1107.0,0.5121951219512195,29269.0,58552.0,0.4998804481486542,0.012314673802565346,-0.01740832097563859,0.04203766858076928
claude_ai,IN-AP,coursework_share,IN,217.0,1163.0,0.18658641444539983,9365.0,60422.0,0.15499321439210884,0.031593200053291,0.009017610847857939,0.05416878925872406
claude_ai,IN-AP,success_rate,IN,768.0,1163.0,0.6603611349957008,40579.0,60464.0,0.6711266207991532,-0.01076548580345238,-0.03824047439537927,0.016709502788474512
claude_ai,IN-AP,work_share,IN,480.0,1163.0,0.412725709372313,30112.0,60422.0,0.4983615239482308,-0.08563581457591779,-0.11421081029983539,-0.05706081885200019
claude_ai,IN-AS,automation_share,IN,226.0,441.0,0.5124716553287982,29610.0,59218.0,0.5000168867574049,0.012454768571393382,-0.03437087476962864,0.059280411912415405
claude_ai,IN-AS,coursework_share,IN,105.0,457.0,0.22975929978118162,9477.0,61128.0,0.15503533568904593,0.07472396409213569,0.03604755453415148,0.1134003736501199
claude_ai,IN-AS,success_rate,IN,311.0,457.0,0.6805251641137856,41036.0,61170.0,0.6708517247016511,0.009673439412134499,-0.03323866773307812,0.05258554655734712
claude_ai,IN-AS,work_share,IN,145.0,457.0,0.3172866520787746,30447.0,61128.0,0.49808598351001176,-0.18079933143123716,-0.22365503401269332,-0.137943628849781
claude_ai,IN-BR,automation_share,IN,450.0,914.0,0.4923413566739606,29386.0,58745.0,0.5002298067920674,-0.007888450118106793,-0.04055139481654973,0.02477449458033614
claude_ai,IN-BR,coursework_share,IN,137.0,948.0,0.14451476793248946,9445.0,60637.0,0.15576298299717994,-0.011248215064690481,-0.03381634594343946,0.011319915814058501
claude_ai,IN-BR,success_rate,IN,663.0,950.0,0.6978947368421052,40684.0,60677.0,0.6705011783707171,0.027393558471388135,-0.002044014575234742,0.056831131518011016
claude_ai,IN-BR,work_share,IN,342.0,948.0,0.36075949367088606,30250.0,60637.0,0.49887032669822057,-0.1381108330273345,-0.16893862144887692,-0.1072830446057921
claude_ai,IN-CG,automation_share,IN,141.0,248.0,0.5685483870967742,29695.0,59411.0,0.4998232650519264,0.06872512204484782,0.0069516745817136336,0.130498569507982
claude_ai,IN-CG,coursework_share,IN,37.0,264.0,0.14015151515151514,9545.0,61321.0,0.15565630045172127,-0.015504785300206131,-0.05747886196110177,0.026469291360689505
claude_ai,IN-CG,success_rate,IN,180.0,264.0,0.6818181818181818,41167.0,61363.0,0.6708765868683083,0.010941594949873457,-0.0453670199607761,0.06725020986052302
claude_ai,IN-CG,work_share,IN,112.0,264.0,0.42424242424242425,30480.0,61321.0,0.4970564733125683,-0.07281404907014405,-0.1325637426652571,-0.013064355475030986
claude_ai,IN-CH,automation_share,IN,148.0,292.0,0.5068493150684932,29688.0,59367.0,0.5000757996866946,0.0067735153817986005,-0.05071214575573162,0.06425917651932883
claude_ai,IN-CH,coursework_share,IN,52.0,310.0,0.16774193548387098,9530.0,61275.0,0.15552835577315383,0.012213579710717154,-0.029478748164772653,0.05390590758620696
claude_ai,IN-CH,success_rate,IN,208.0,310.0,0.6709677419354839,41139.0,61317.0,0.6709232349919272,4.450694355673246e-05,-0.052392805338956724,0.05248181922607019
claude_ai,IN-CH,work_share,IN,167.0,310.0,0.5387096774193548,30425.0,61275.0,0.496532027743778,0.0421776496755768,-0.013456587268798066,0.09781188661995166
claude_ai,IN-DL,automation_share,IN,3042.0,6185.0,0.49183508488278094,26794.0,53474.0,0.5010659385869769,-0.009230853704195963,-0.022391307416091126,0.0039296000076992025
claude_ai,IN-DL,coursework_share,IN,948.0,6373.0,0.14875254981955124,8634.0,55212.0,0.1563790480330363,-0.0076264982134850445,-0.016873551824388683,0.001620555397418592
claude_ai,IN-DL,success_rate,IN,4299.0,6374.0,0.6744587386256667,37048.0,55253.0,0.6705156281106909,0.003943110514975867,-0.008209719836762509,0.016095940866714245
claude_ai,IN-DL,work_share,IN,3276.0,6373.0,0.5140436215283226,27316.0,55212.0,0.49474751865536476,0.019296102872957854,0.0063356930372695346,0.03225651270864617
claude_ai,IN-GJ,automation_share,IN,2077.0,3832.0,0.5420146137787056,27759.0,55827.0,0.4972325218980063,0.044782091880699315,0.02847076841666033,0.0610934153447383
claude_ai,IN-GJ,coursework_share,IN,497.0,3942.0,0.126078132927448,9085.0,57643.0,0.15760803566781742,-0.03152990274036943,-0.04231064634178475,-0.020749159138954115
claude_ai,IN-GJ,success_rate,IN,2656.0,3945.0,0.6732572877059569,38691.0,57682.0,0.6707638431399744,0.00249344456598255,-0.012636788195515683,0.017623677327480783
claude_ai,IN-GJ,work_share,IN,2302.0,3942.0,0.5839675291730086,28290.0,57643.0,0.4907794528390264,0.09318807633398224,0.07726899321432582,0.10910715945363866
claude_ai,IN-HR,automation_share,IN,705.0,1416.0,0.4978813559322034,29131.0,58243.0,0.5001631097299246,-0.00228175379772122,-0.028639408157499876,0.024075900562057436
claude_ai,IN-HR,coursework_share,IN,175.0,1455.0,0.12027491408934708,9407.0,60130.0,0.1564443705305172,-0.03616945644117013,-0.053134001165483835,-0.019204911716856423
claude_ai,IN-HR,success_rate,IN,984.0,1456.0,0.6758241758241759,40363.0,60171.0,0.6708048727792458,0.005019303044930035,-0.019314791666559,0.02935339775641907
claude_ai,IN-HR,work_share,IN,829.0,1455.0,0.5697594501718213,29763.0,60130.0,0.49497754864460336,0.07478190152721792,0.0490294143833692,0.10053438867106665
claude_ai,IN-JH,automation_share,IN,112.0,207.0,0.5410628019323671,29724.0,59452.0,0.4999663594159995,0.041096442516367626,-0.026907052458738742,0.109099937491474
claude_ai,IN-JH,coursework_share,IN,46.0,221.0,0.2081447963800905,9536.0,61364.0,0.15540056058927057,0.05274423579081994,-0.0008585641676616615,0.10634703574930154
claude_ai,IN-JH,success_rate,IN,153.0,221.0,0.6923076923076923,41194.0,61406.0,0.6708464970849755,0.021461195222716833,-0.03950322258841882,0.08242561303385249
claude_ai,IN-JH,work_share,IN,88.0,221.0,0.39819004524886875,30504.0,61364.0,0.49709927644873214,-0.09890923119986339,-0.16357123150459968,-0.03424723089512709
claude_ai,IN-JK,automation_share,IN,135.0,256.0,0.52734375,29701.0,59403.0,0.4999915829166877,0.027352167083312284,-0.03393820859392254,0.08864254276054712
claude_ai,IN-JK,coursework_share,IN,48.0,273.0,0.17582417582417584,9534.0,61312.0,0.15549973903966596,0.020324436784509875,-0.02492346175588348,0.06557233532490322
claude_ai,IN-JK,success_rate,IN,191.0,273.0,0.6996336996336996,41156.0,61354.0,0.6707957101411481,0.028837989492551452,-0.025668558213508476,0.08334453719861137
claude_ai,IN-JK,work_share,IN,110.0,273.0,0.40293040293040294,30482.0,61312.0,0.49716205636743216,-0.09423165343702922,-0.1525499248127758,-0.035913382061282625
claude_ai,IN-KA,automation_share,IN,4367.0,9291.0,0.4700247551393822,25469.0,50368.0,0.5056583545108005,-0.035633599371418356,-0.04668179187736006,-0.024585406865476656
claude_ai,IN-KA,coursework_share,IN,1282.0,9597.0,0.13358341148275502,8300.0,51988.0,0.15965222743710086,-0.026068815954345848,-0.03356836178878702,-0.018569270119904675
claude_ai,IN-KA,success_rate,IN,6472.0,9605.0,0.6738157209786569,34875.0,52022.0,0.6703894506170467,0.0034262703616102508,-0.006782724478196708,0.01363526520141721
claude_ai,IN-KA,work_share,IN,5030.0,9597.0,0.5241221214963009,25562.0,51988.0,0.4916903900900208,0.032431731406280084,0.02155476443347662,0.04330869837908355
claude_ai,IN-KL,automation_share,IN,1112.0,2180.0,0.5100917431192661,28724.0,57479.0,0.49973033629673447,0.010361406822531616,-0.011018015443973052,0.031740829089036283
claude_ai,IN-KL,coursework_share,IN,392.0,2230.0,0.1757847533632287,9190.0,59355.0,0.15483110100244293,0.02095365236078578,0.004889387835592524,0.03701791688597904
claude_ai,IN-KL,success_rate,IN,1508.0,2232.0,0.6756272401433692,39839.0,59395.0,0.670746695849819,0.004880544293550115,-0.014905362850625048,0.02466645143772528
claude_ai,IN-KL,work_share,IN,1106.0,2230.0,0.4959641255605381,29486.0,59355.0,0.49677365007160307,-0.000809524511064974,-0.02194774866912773,0.02032869964699778
claude_ai,IN-MH,automation_share,IN,5015.0,9959.0,0.5035646149211769,24821.0,49700.0,0.4994164989939638,0.004148115927213092,-0.006610805998642194,0.014907037853068378
claude_ai,IN-MH,coursework_share,IN,1510.0,10253.0,0.14727396859455769,8072.0,51332.0,0.1572508376840957,-0.009976869089538015,-0.01752483662722766,-0.0024289015518483698
claude_ai,IN-MH,success_rate,IN,6874.0,10258.0,0.6701111327744199,34473.0,51369.0,0.6710856742393272,-0.0009745414649072748,-0.010939203051712261,0.008990120121897711
claude_ai,IN-MH,work_share,IN,5146.0,10253.0,0.50190188237589,25446.0,51332.0,0.4957141743941401,0.006187707981749835,-0.004413093509861641,0.01678850947336131
claude_ai,IN-MP,automation_share,IN,817.0,1638.0,0.4987789987789988,29019.0,58021.0,0.5001464986815118,-0.0013674999025130585,-0.025920990813697357,0.02318599100867124
claude_ai,IN-MP,coursework_share,IN,288.0,1696.0,0.16981132075471697,9294.0,59889.0,0.1551870961278365,0.014624224626880483,-0.0034791556192472865,0.032727604873008256
claude_ai,IN-MP,success_rate,IN,1126.0,1698.0,0.6631330977620731,40221.0,59929.0,0.6711441872882912,-0.008011089526218096,-0.030804641883771085,0.014782462831334893
claude_ai,IN-MP,work_share,IN,802.0,1696.0,0.47287735849056606,29790.0,59889.0,0.49742022742072833,-0.024542868930162276,-0.04863940816586464,-0.00044632969445991544
claude_ai,IN-OD,automation_share,IN,341.0,643.0,0.5303265940902022,29495.0,59016.0,0.4997797207536939,0.030546873336508296,-0.008239753644036063,0.06933350031705265
claude_ai,IN-OD,coursework_share,IN,138.0,664.0,0.20783132530120482,9444.0,60921.0,0.15502043630275275,0.05281088899845207,0.021814485920796843,0.08380729207610729
claude_ai,IN-OD,success_rate,IN,455.0,666.0,0.6831831831831832,40892.0,60961.0,0.6707895211692722,0.012393662013911011,-0.02313662247369177,0.04792394650151379
claude_ai,IN-OD,work_share,IN,285.0,664.0,0.4292168674698795,30307.0,60921.0,0.49748034339554503,-0.0682634759256655,-0.10612061260182953,-0.030406339249501473
claude_ai,IN-PB,automation_share,IN,565.0,1137.0,0.4969217238346526,29271.0,58522.0,0.5001708759099143,-0.003249152075261663,-0.03259293990607917,0.02609463575555584
claude_ai,IN-PB,coursework_share,IN,217.0,1176.0,0.18452380952380953,9365.0,60409.0,0.15502656888874175,0.029497240635067784,0.0071392172974554975,0.051855263972680074
claude_ai,IN-PB,success_rate,IN,785.0,1177.0,0.6669498725573492,40562.0,60450.0,0.6710008271298594,-0.004050954572510257,-0.031236061019027497,0.023134151874006983
claude_ai,IN-PB,work_share,IN,528.0,1176.0,0.4489795918367347,30064.0,60409.0,0.49767418762104987,-0.048694595784315176,-0.07740106220924588,-0.019988129359384477
claude_ai,IN-RJ,automation_share,IN,769.0,1543.0,0.4983797796500324,29067.0,58116.0,0.5001548626884162,-0.0017750830383838623,-0.027052402553605567,0.023502236476837843
claude_ai,IN-RJ,coursework_share,IN,262.0,1599.0,0.16385240775484677,9320.0,59986.0,0.1553695862367886,0.008482821518058181,-0.009889941196469871,0.026855584232586233
claude_ai,IN-RJ,success_rate,IN,1059.0,1600.0,0.661875,40288.0,60027.0,0.6711646425775067,-0.009289642577506751,-0.032772825047781215,0.014193539892767715
claude_ai,IN-RJ,work_share,IN,719.0,1599.0,0.44965603502188867,29873.0,59986.0,0.49799953322441903,-0.048343498202530366,-0.07305273455692828,-0.023634261848132453
claude_ai,IN-TN,automation_share,IN,3513.0,6804.0,0.5163139329805997,26323.0,52855.0,0.4980228928199792,0.018291040160620498,0.005674694489558053,0.03090738583168294
claude_ai,IN-TN,coursework_share,IN,1298.0,7017.0,0.18497933589853213,8284.0,54568.0,0.15181058495821728,0.03316875094031485,0.02359781830255475,0.04273968357807495
claude_ai,IN-TN,success_rate,IN,4629.0,7023.0,0.6591200341734301,36718.0,54604.0,0.6724415793714746,-0.013321545198044515,-0.025085788499224826,-0.0015573018968642032
claude_ai,IN-TN,work_share,IN,3518.0,7017.0,0.5013538549237566,27074.0,54568.0,0.49615159067585396,0.005202264247902655,-0.007226155593951119,0.01763068408975643
claude_ai,IN-TS,automation_share,IN,2524.0,5146.0,0.49047804119704624,27312.0,54513.0,0.5010181057729349,-0.010540064575888686,-0.02482923705130225,0.0037491078995248815
claude_ai,IN-TS,coursework_share,IN,798.0,5352.0,0.1491031390134529,8784.0,56233.0,0.15620720928991874,-0.00710407027646584,-0.01710762928613932,0.0028994887332076374
claude_ai,IN-TS,success_rate,IN,3526.0,5355.0,0.6584500466853408,37821.0,56272.0,0.6721104634631788,-0.013660416777838025,-0.02694124045187682,-0.0003795931037992289
claude_ai,IN-TS,work_share,IN,2613.0,5352.0,0.4882286995515695,27979.0,56233.0,0.49755481656678463,-0.00932611701521513,-0.023341323310201847,0.004689089279771588
claude_ai,IN-UK,automation_share,IN,178.0,360.0,0.49444444444444446,29658.0,59299.0,0.5001433413716926,-0.0056988969272481205,-0.057502799384472954,0.04610500552997671
claude_ai,IN-UK,coursework_share,IN,65.0,374.0,0.17379679144385027,9517.0,61211.0,0.15547859044942902,0.018318200994421246,-0.020193655611794724,0.05683005760063722
claude_ai,IN-UK,success_rate,IN,243.0,374.0,0.6497326203208557,41104.0,61253.0,0.6710528463911971,-0.021320226070341453,-0.0698121792906202,0.027171727149937284
claude_ai,IN-UK,work_share,IN,171.0,374.0,0.4572192513368984,30421.0,61211.0,0.49698583587917206,-0.039766584542273664,-0.09041048593369684,0.010877316849149513
claude_ai,IN-UP,automation_share,IN,1514.0,3046.0,0.4970453053184504,28322.0,56613.0,0.5002737887057743,-0.0032284833873238994,-0.02145626543425555,0.014999298659607752
claude_ai,IN-UP,coursework_share,IN,500.0,3143.0,0.1590836780146357,9082.0,58442.0,0.15540193696314294,0.003681741051492743,-0.009438410132947788,0.016801892235933272
claude_ai,IN-UP,success_rate,IN,2165.0,3145.0,0.6883942766295708,39182.0,58482.0,0.6699839266782942,0.01841034995127655,0.0017807395733314448,0.03503996032922166
claude_ai,IN-UP,work_share,IN,1484.0,3143.0,0.47216035634743875,29108.0,58442.0,0.4980664590534205,-0.02590610270598176,-0.04382407562200823,-0.007988129789955292
claude_ai,IN-WB,automation_share,IN,1172.0,2288.0,0.5122377622377622,28664.0,57371.0,0.4996252462045284,0.012612516033233767,-0.008273937598691682,0.033498969665159216
claude_ai,IN-WB,coursework_share,IN,439.0,2366.0,0.18554522400676246,9143.0,59219.0,0.1543930157550786,0.031152208251683855,0.015220002891673533,0.04708441361169417
claude_ai,IN-WB,success_rate,IN,1608.0,2368.0,0.6790540540540541,39739.0,59259.0,0.670598558868695,0.008455495185359041,-0.010724780996631683,0.027635771367349765
claude_ai,IN-WB,work_share,IN,1031.0,2366.0,0.4357565511411665,29561.0,59219.0,0.49918100609601646,-0.06342445495484994,-0.08380664436976525,-0.043042265539934635
claude_ai,IQ,automation_share,GLOBAL,1024.0,2483.0,0.41240434957712446,440545.0,967027.0,0.45556639059716014,-0.04316204102003568,-0.06255028787460391,-0.023773794165467446
claude_ai,IQ,coursework_share,GLOBAL,797.0,2580.0,0.30891472868217057,123651.0,997122.0,0.12400789472100705,0.18490683396116353,0.1670659219793611,0.20274774594296596
claude_ai,IQ,success_rate,GLOBAL,1991.0,2580.0,0.7717054263565891,697394.0,997420.0,0.6991979306611057,0.07250749569548343,0.056286059433037806,0.08872893195792905
claude_ai,IQ,work_share,GLOBAL,395.0,2580.0,0.15310077519379844,451948.0,997122.0,0.4532524605815537,-0.3001516853877553,-0.31408075100676164,-0.2862226197687489
claude_ai,IQ-BG,automation_share,IQ,180.0,397.0,0.4534005037783375,844.0,2086.0,0.4046021093000959,0.048798394478241636,-0.004509891943198431,0.1021066808996817
claude_ai,IQ-BG,coursework_share,IQ,128.0,406.0,0.31527093596059114,669.0,2174.0,0.3077276908923643,0.007543245068226845,-0.04164075741413577,0.05672724755058946
claude_ai,IQ-BG,success_rate,IQ,296.0,406.0,0.729064039408867,1695.0,2174.0,0.7796688132474701,-0.05060477383860307,-0.09721588049440444,-0.003993667182801697
claude_ai,IQ-BG,work_share,IQ,101.0,406.0,0.24876847290640394,294.0,2174.0,0.13523459061637536,0.11353388229002859,0.06909348681119185,0.15797427776886533
claude_ai,IQ-KR,automation_share,IQ,625.0,1611.0,0.38795779019242704,399.0,872.0,0.45756880733944955,-0.0696110171470225,-0.11034995260008953,-0.028872081693955477
claude_ai,IQ-KR,coursework_share,IQ,502.0,1681.0,0.29863176680547293,295.0,899.0,0.3281423804226919,-0.02951061361721896,-0.06720343148919501,0.008182204254757089
claude_ai,IQ-KR,success_rate,IQ,1334.0,1681.0,0.793575252825699,657.0,899.0,0.7308120133481646,0.06276323947753437,0.0279062249922322,0.09762025396283655
claude_ai,IQ-KR,work_share,IQ,199.0,1681.0,0.11838191552647234,196.0,899.0,0.21802002224694106,-0.09963810672046872,-0.13073532578876287,-0.06854088765217457
claude_ai,IT,automation_share,GLOBAL,7059.0,16929.0,0.41697678539783806,434510.0,952581.0,0.4561396878585653,-0.039162902460727234,-0.046657390293341705,-0.03166841462811276
claude_ai,IT,coursework_share,GLOBAL,2367.0,17371.0,0.13626158540095562,122081.0,982331.0,0.12427684762060853,0.011984737780347088,0.0068414177221327085,0.017128057838561465
claude_ai,IT,success_rate,GLOBAL,12533.0,17373.0,0.72140678063662,686852.0,982627.0,0.6989956514526875,0.02241112918393251,0.015683276477120298,0.029138981890744722
claude_ai,IT,work_share,GLOBAL,7835.0,17371.0,0.45103908813539806,444508.0,982331.0,0.4525032804624918,-0.0014641923270937163,-0.008929195049473395,0.006000810395285962
claude_ai,IT-21,automation_share,IT,480.0,1142.0,0.4203152364273205,6579.0,15787.0,0.41673528852853614,0.0035799478987843525,-0.02606408610667364,0.03322398190424235
claude_ai,IT-21,coursework_share,IT,135.0,1171.0,0.11528608027327071,2232.0,16200.0,0.13777777777777778,-0.022491697504507066,-0.04153841719229911,-0.003444977816715024
claude_ai,IT-21,success_rate,IT,832.0,1171.0,0.7105038428693424,11701.0,16202.0,0.722194790766572,-0.011690947897229576,-0.03856759391683377,0.015185698122374618
claude_ai,IT-21,work_share,IT,541.0,1171.0,0.46199829205807,7294.0,16200.0,0.45024691358024693,0.011751378477823093,-0.017814024156520208,0.0413167811121664
claude_ai,IT-25,automation_share,IT,2640.0,6342.0,0.4162724692526017,4419.0,10587.0,0.4173986965145934,-0.0011262272619916858,-0.016469880852420127,0.014217426328436754
claude_ai,IT-25,coursework_share,IT,818.0,6503.0,0.1257880978010149,1549.0,10868.0,0.14252852410747147,-0.016740426306456557,-0.027140489547288996,-0.006340363065624121
claude_ai,IT-25,success_rate,IT,4667.0,6503.0,0.7176687682608027,7866.0,10870.0,0.7236430542778289,-0.005974286017026209,-0.019771871174694113,0.007823299140641695
claude_ai,IT-25,work_share,IT,2852.0,6503.0,0.438566815316008,4983.0,10868.0,0.458502024291498,-0.019935208975490004,-0.035206653112172845,-0.004663764838807167
claude_ai,IT-34,automation_share,IT,345.0,847.0,0.40731995277449823,6714.0,16082.0,0.41748538738962815,-0.01016543461512992,-0.044121559300857614,0.023790690070597774
claude_ai,IT-34,coursework_share,IT,117.0,860.0,0.13604651162790699,2250.0,16511.0,0.13627278783841076,-0.00022627621050377855,-0.023729991264759394,0.023277438843751837
claude_ai,IT-34,success_rate,IT,627.0,860.0,0.7290697674418605,11906.0,16513.0,0.721007690910192,0.00806207653166846,-0.022419815327178353,0.03854396839051527
claude_ai,IT-34,work_share,IT,394.0,860.0,0.45813953488372094,7441.0,16511.0,0.4506692508024953,0.007470284081225631,-0.026684039012676117,0.04162460717512738
claude_ai,IT-36,coursework_share,IT,27.0,202.0,0.13366336633663367,2340.0,17169.0,0.13629215446444173,-0.0026287881278080627,-0.049836361690478406,0.04457878543486228
claude_ai,IT-36,success_rate,IT,152.0,202.0,0.7524752475247525,12381.0,17171.0,0.721041290548017,0.031433956976735455,-0.028459186050052182,0.09132710000352309
claude_ai,IT-36,work_share,IT,98.0,202.0,0.48514851485148514,7737.0,17169.0,0.450637777389481,0.034510737462004115,-0.03481208400391754,0.10383355892792577
claude_ai,IT-42,automation_share,IT,124.0,321.0,0.3862928348909657,6935.0,16608.0,0.41756984585741813,-0.03127701096645241,-0.0850675606483062,0.022513538715401377
claude_ai,IT-42,coursework_share,IT,44.0,326.0,0.13496932515337423,2323.0,17045.0,0.13628630096802583,-0.0013169758146515942,-0.038764918856944955,0.036130967227641766
claude_ai,IT-42,success_rate,IT,242.0,326.0,0.7423312883435583,12291.0,17047.0,0.7210066287323282,0.02132465961123009,-0.02662668699375248,0.06927600621621266
claude_ai,IT-42,work_share,IT,147.0,326.0,0.450920245398773,7688.0,17045.0,0.4510413611029627,-0.00012111570418971151,-0.05465029445166861,0.054408063043289184
claude_ai,IT-45,automation_share,IT,461.0,1190.0,0.3873949579831933,6598.0,15739.0,0.4192134188957367,-0.03181846091254342,-0.060550891040554486,-0.0030860307845323558
claude_ai,IT-45,coursework_share,IT,154.0,1224.0,0.12581699346405228,2213.0,16147.0,0.13705332259862513,-0.011236329134572842,-0.030558319491609868,0.008085661222464183
claude_ai,IT-45,success_rate,IT,918.0,1224.0,0.75,11615.0,16149.0,0.719239581398229,0.030760418601771033,0.005531122092993002,0.055989715110549065
claude_ai,IT-45,work_share,IT,581.0,1224.0,0.47467320261437906,7254.0,16147.0,0.449247538242398,0.02542566437198107,-0.0035828347506121766,0.05443416349457432
claude_ai,IT-52,automation_share,IT,284.0,677.0,0.4194977843426883,6775.0,16252.0,0.41687176962835343,0.002626014714334879,-0.03531207295795528,0.040564102386625035
claude_ai,IT-52,coursework_share,IT,105.0,695.0,0.1510791366906475,2262.0,16676.0,0.13564403933797073,0.015435097352676758,-0.011692974324300633,0.04256316902965415
claude_ai,IT-52,success_rate,IT,492.0,696.0,0.7068965517241379,12041.0,16677.0,0.7220123523415483,-0.015115800617410358,-0.04960998727789312,0.019378386043072404
claude_ai,IT-52,work_share,IT,314.0,695.0,0.45179856115107914,7521.0,16676.0,0.4510074358359319,0.0007911253151472453,-0.036972175320608036,0.03855442595090253
claude_ai,IT-62,automation_share,IT,1426.0,3387.0,0.4210215529967523,5633.0,13542.0,0.4159651454733422,0.0050564075234101336,-0.013528445421164267,0.023641260467984534
claude_ai,IT-62,coursework_share,IT,493.0,3471.0,0.14203399596658023,1874.0,13900.0,0.13482014388489208,0.007213852081688149,-0.005713201151396069,0.02014090531477237
claude_ai,IT-62,success_rate,IT,2519.0,3472.0,0.7255184331797235,10014.0,13901.0,0.7203798287892957,0.005138604390427792,-0.011474858478101754,0.021752067258957338
claude_ai,IT-62,work_share,IT,1584.0,3471.0,0.45635263612791704,6251.0,13900.0,0.44971223021582735,0.0066404059120896974,-0.011879278475277082,0.025160090299456477
claude_ai,IT-72,automation_share,IT,439.0,1023.0,0.4291300097751711,6620.0,15906.0,0.4161951464856029,0.012934863289568166,-0.01834820020665863,0.04421792678579496
claude_ai,IT-72,coursework_share,IT,178.0,1059.0,0.1680830972615675,2189.0,16312.0,0.13419568415890143,0.033887413102666075,0.010765761548758648,0.0570090646565735
claude_ai,IT-72,success_rate,IT,774.0,1059.0,0.7308781869688386,11759.0,16314.0,0.7207919578276327,0.010086229141205827,-0.017498490711387364,0.03767094899379902
claude_ai,IT-72,work_share,IT,447.0,1059.0,0.42209631728045327,7388.0,16312.0,0.4529180971064247,-0.03082177982597145,-0.06153386966336019,-0.00010968998858270837
claude_ai,IT-75,automation_share,IT,221.0,487.0,0.4537987679671458,6838.0,16442.0,0.4158861452378056,0.037912622729340206,-0.006942636054154502,0.08276788151283491
claude_ai,IT-75,coursework_share,IT,84.0,506.0,0.16600790513833993,2283.0,16865.0,0.13536910761932996,0.03063879751900997,-0.0021907783503878203,0.06346837338840776
claude_ai,IT-75,success_rate,IT,349.0,506.0,0.6897233201581028,12184.0,16867.0,0.7223572656666865,-0.03263394550858367,-0.07350478250061906,0.00823689148345172
claude_ai,IT-75,work_share,IT,237.0,506.0,0.4683794466403162,7598.0,16865.0,0.4505188259709457,0.017860620669370497,-0.02626217751940363,0.06198341885814462
claude_ai,IT-82,automation_share,IT,146.0,352.0,0.4147727272727273,6913.0,16577.0,0.41702358689750857,-0.002250859624781276,-0.0542650496745112,0.04976333042494865
claude_ai,IT-82,coursework_share,IT,59.0,364.0,0.1620879120879121,2308.0,17007.0,0.13570882577762097,0.026379086310291122,-0.011829150579032138,0.06458732319961438
claude_ai,IT-82,success_rate,IT,259.0,364.0,0.7115384615384616,12274.0,17009.0,0.721617966958669,-0.010079505420207413,-0.057106773107791796,0.03694776226737697
claude_ai,IT-82,work_share,IT,161.0,364.0,0.4423076923076923,7674.0,17007.0,0.451225965778797,-0.008918273471104687,-0.060486360514064294,0.04264981357185492
claude_ai,JM,automation_share,GLOBAL,173.0,348.0,0.49712643678160917,441396.0,969162.0,0.4554408860438193,0.041685550737789845,-0.0108564519853976,0.09422755346097729
claude_ai,JM,coursework_share,GLOBAL,79.0,368.0,0.21467391304347827,124369.0,999334.0,0.12445188495538029,0.09022202808809798,0.04826560204796766,0.13217845412822832
claude_ai,JM,success_rate,GLOBAL,261.0,368.0,0.7092391304347826,699124.0,999632.0,0.699381372345023,0.009857758089759638,-0.0365486517965528,0.056264167976072074
claude_ai,JM,work_share,GLOBAL,152.0,368.0,0.41304347826086957,452191.0,999334.0,0.45249235991170117,-0.0394488816508316,-0.08976587827094043,0.010868114969277226
claude_ai,JO,automation_share,GLOBAL,328.0,665.0,0.4932330827067669,441241.0,968845.0,0.45542991913051106,0.03780316357625585,-0.00020906346567671485,0.07581539061818841
claude_ai,JO,coursework_share,GLOBAL,85.0,682.0,0.12463343108504399,124363.0,999020.0,0.12448499529538948,0.00014843578965451076,-0.02464999359692385,0.02494686517623287
claude_ai,JO,success_rate,GLOBAL,467.0,682.0,0.6847507331378299,698918.0,999318.0,0.6993949873813942,-0.014644254243564303,-0.04952626126391335,0.020237752776784745
claude_ai,JO,work_share,GLOBAL,357.0,682.0,0.5234604105571847,451986.0,999020.0,0.4524293807931773,0.07103102976400744,0.03353351627722971,0.10852854325078516
claude_ai,JP,automation_share,GLOBAL,10231.0,27701.0,0.369336847045233,431338.0,941809.0,0.45798882788336065,-0.08865198083812764,-0.09442390333456234,-0.08288005834169294
claude_ai,JP,coursework_share,GLOBAL,1903.0,29127.0,0.06533456929996223,122545.0,970575.0,0.12626020657857456,-0.06092563727861233,-0.06383952160790596,-0.0580117529493187
claude_ai,JP,success_rate,GLOBAL,21105.0,29128.0,0.7245605602856359,678280.0,970872.0,0.6986296854786213,0.025930874807014614,0.020719915635723993,0.031141833978305236
claude_ai,JP,work_share,GLOBAL,12798.0,29127.0,0.43938613657431247,439545.0,970575.0,0.4528707209643768,-0.013484584390064336,-0.019269823695528383,-0.007699345084600289
claude_ai,JP-01,automation_share,JP,235.0,696.0,0.33764367816091956,9996.0,27005.0,0.37015367524532494,-0.032509997084405384,-0.06811277330569449,0.0030927791368837165
claude_ai,JP-01,coursework_share,JP,37.0,723.0,0.051175656984785614,1866.0,28404.0,0.06569497253907901,-0.014519315554293394,-0.03083812222695037,0.0017994911183635831
claude_ai,JP-01,success_rate,JP,552.0,723.0,0.7634854771784232,20553.0,28405.0,0.7235697940503433,0.039915683128079915,0.008506714790106527,0.0713246514660533
claude_ai,JP-01,work_share,JP,319.0,723.0,0.4412171507607192,12479.0,28404.0,0.43933952964371215,0.0018776211170070667,-0.03477355135173983,0.038528793585753965
claude_ai,JP-04,automation_share,JP,108.0,274.0,0.39416058394160586,10123.0,27427.0,0.3690888540489299,0.025071729892675976,-0.03307179051914717,0.08321525030449912
claude_ai,JP-04,coursework_share,JP,27.0,288.0,0.09375,1876.0,28839.0,0.06505079926488436,0.028699200735115643,-0.005085206005187103,0.06248360747541839
claude_ai,JP-04,success_rate,JP,226.0,288.0,0.7847222222222222,20879.0,28840.0,0.7239597780859917,0.06076244413623055,0.013013081139598523,0.10851180713286258
claude_ai,JP-04,work_share,JP,114.0,288.0,0.3958333333333333,12684.0,28839.0,0.43982107562675543,-0.043987742293422116,-0.10075750295234592,0.01278201836550169
claude_ai,JP-08,automation_share,JP,101.0,276.0,0.36594202898550726,10130.0,27425.0,0.36937101185050136,-0.003428982864994101,-0.06054462027105913,0.053686654541070924
claude_ai,JP-08,coursework_share,JP,23.0,287.0,0.08013937282229965,1880.0,28840.0,0.0651872399445215,0.014952132877778149,-0.016589060728981912,0.04649332648453821
claude_ai,JP-08,success_rate,JP,200.0,287.0,0.6968641114982579,20905.0,28841.0,0.7248361707291703,-0.027972059230912394,-0.08139631988086754,0.025452201419042753
claude_ai,JP-08,work_share,JP,114.0,287.0,0.397212543554007,12684.0,28840.0,0.43980582524271844,-0.04259328168871146,-0.09949442319719942,0.014307859819776503
claude_ai,JP-11,automation_share,JP,484.0,1315.0,0.36806083650190113,9747.0,26386.0,0.369400439627075,-0.0013396031251738383,-0.02804918969464418,0.025369983444296505
claude_ai,JP-11,coursework_share,JP,75.0,1373.0,0.05462490895848507,1828.0,27754.0,0.06586437990920228,-0.011239470950717215,-0.02360902189395928,0.0011300799925248496
claude_ai,JP-11,success_rate,JP,998.0,1373.0,0.7268754552075747,20107.0,27755.0,0.7244460457575211,0.0024294094500535435,-0.021718103627385,0.026576922527492088
claude_ai,JP-11,work_share,JP,607.0,1373.0,0.4420975965040058,12191.0,27754.0,0.43925199971175327,0.002845596792252547,-0.024065417660763463,0.029756611245268558
claude_ai,JP-12,automation_share,JP,509.0,1343.0,0.3790022338049144,9722.0,26358.0,0.36884437362470596,0.010157860180208422,-0.016434743773841045,0.03675046413425789
claude_ai,JP-12,coursework_share,JP,107.0,1399.0,0.0764832022873481,1796.0,27728.0,0.06477207155222157,0.01171113073512653,-0.0025138321875863984,0.025936093657839457
claude_ai,JP-12,success_rate,JP,1012.0,1399.0,0.72337383845604,20093.0,27729.0,0.724620433481193,-0.0012465950251530078,-0.025269988696489293,0.022776798646183278
claude_ai,JP-12,work_share,JP,612.0,1399.0,0.4374553252323088,12186.0,27728.0,0.43948355452971727,-0.0020282292974084792,-0.028671759073584626,0.024615300478767668
claude_ai,JP-13,automation_share,JP,4021.0,10597.0,0.37944701330565256,6210.0,17104.0,0.36307296538821326,0.016374047917439294,0.004656519178260172,0.028091576656618416
claude_ai,JP-13,coursework_share,JP,643.0,11341.0,0.056696940305087734,1260.0,17786.0,0.07084223546609693,-0.014145295161009194,-0.019831562736469716,-0.008459027585548673
claude_ai,JP-13,success_rate,JP,7934.0,11341.0,0.699585574464333,13171.0,17787.0,0.7404846236015067,-0.04089904913717368,-0.05151481243313247,-0.030283285841214896
claude_ai,JP-13,work_share,JP,5319.0,11341.0,0.46900626047085797,7479.0,17786.0,0.4204992690880468,0.04850699138281117,0.03680268078858531,0.06021130197703703
claude_ai,JP-14,automation_share,JP,1002.0,2835.0,0.35343915343915344,9229.0,24866.0,0.3711493605726695,-0.017710207133516065,-0.036303664639731545,0.0008832503726994186
claude_ai,JP-14,coursework_share,JP,191.0,2941.0,0.06494389663379803,1712.0,26186.0,0.06537844649812877,-0.0004345498643307383,-0.009830620415014008,0.008961520686352531
claude_ai,JP-14,success_rate,JP,2180.0,2941.0,0.7412444746684801,18925.0,26187.0,0.7226868293428037,0.018557645325676386,0.001826390971422738,0.035288899679930034
claude_ai,JP-14,work_share,JP,1202.0,2941.0,0.4087045222713363,11596.0,26186.0,0.4428320476590545,-0.03412752538771818,-0.0528855913377205,-0.015369459437715866
claude_ai,JP-20,automation_share,JP,85.0,235.0,0.3617021276595745,10146.0,27466.0,0.36940216995558145,-0.007700042296006959,-0.0693987270566147,0.05399864246460078
claude_ai,JP-20,coursework_share,JP,0.0,232.0,0.0,1903.0,28895.0,0.06585914518082714,-0.06585914518082714,-0.0687190985354825,-0.06299919182617178
claude_ai,JP-20,success_rate,JP,187.0,243.0,0.7695473251028807,20918.0,28885.0,0.7241821014367319,0.04536522366614881,-0.007834490444482575,0.0985649377767802
claude_ai,JP-20,work_share,JP,119.0,232.0,0.5129310344827587,12679.0,28895.0,0.4387956393839765,0.0741353950987822,0.009562754344649663,0.13870803585291475
claude_ai,JP-22,automation_share,JP,129.0,369.0,0.34959349593495936,10102.0,27332.0,0.369603395287575,-0.020009899352615657,-0.06899911474225576,0.028979316037024444
claude_ai,JP-22,coursework_share,JP,34.0,383.0,0.08877284595300261,1869.0,28744.0,0.06502226551628165,0.02375058043672096,-0.004876284038013146,0.05237744491145506
claude_ai,JP-22,success_rate,JP,280.0,383.0,0.7310704960835509,20825.0,28745.0,0.7244738215341798,0.006596674549371073,-0.03811010144595877,0.05130345054470092
claude_ai,JP-22,work_share,JP,156.0,383.0,0.4073107049608355,12642.0,28744.0,0.4398135263011411,-0.03250282134030563,-0.08204398200820764,0.017038339327596387
claude_ai,JP-23,automation_share,JP,509.0,1362.0,0.3737151248164464,9722.0,26339.0,0.3691104445878735,0.0046046802285729105,-0.021741513018266736,0.030950873475412557
claude_ai,JP-23,coursework_share,JP,111.0,1409.0,0.07877927608232789,1792.0,27718.0,0.06465112923010319,0.014128146852224702,-0.0002332478930161183,0.02848954159746552
claude_ai,JP-23,success_rate,JP,1042.0,1410.0,0.7390070921985815,20063.0,27718.0,0.7238256728479688,0.01518141935061268,-0.008338842581248968,0.03870168128247432
claude_ai,JP-23,work_share,JP,611.0,1409.0,0.43364088005677787,12187.0,27718.0,0.4396781874594127,-0.006037307402634806,-0.03256572066015545,0.02049110585488584
claude_ai,JP-26,automation_share,JP,197.0,530.0,0.37169811320754714,10034.0,27171.0,0.36929078797247067,0.002407325235076474,-0.039134092717029736,0.043948743187182684
claude_ai,JP-26,coursework_share,JP,53.0,547.0,0.09689213893967093,1850.0,28580.0,0.06473058082575227,0.03216155811391866,0.007207969279851036,0.05711514694798628
claude_ai,JP-26,success_rate,JP,408.0,547.0,0.7458866544789763,20697.0,28581.0,0.7241524089430041,0.02173424553597214,-0.015116719547064013,0.058585210619008295
claude_ai,JP-26,work_share,JP,228.0,547.0,0.41681901279707495,12570.0,28580.0,0.43981805458362494,-0.02299904178654999,-0.0647157392995916,0.018717655726491624
claude_ai,JP-27,automation_share,JP,1095.0,3030.0,0.3613861386138614,9136.0,24671.0,0.37031332333508976,-0.008927184721228387,-0.02706313791161607,0.009208768469159294
claude_ai,JP-27,coursework_share,JP,204.0,3158.0,0.06459784673844206,1699.0,25969.0,0.06542415957487774,-0.0008263128364356803,-0.00991201282766583,0.008259387154794469
claude_ai,JP-27,success_rate,JP,2334.0,3158.0,0.7390753641545282,18771.0,25970.0,0.7227955333076627,0.016279830846865573,2.4818821403024827e-05,0.03253484287232812
claude_ai,JP-27,work_share,JP,1322.0,3158.0,0.41861937935402155,11476.0,25969.0,0.4419115098771612,-0.023292130523139665,-0.041527906082836935,-0.005056354963442391
claude_ai,JP-28,automation_share,JP,251.0,648.0,0.3873456790123457,9980.0,27053.0,0.3689054818319595,0.018440197180386197,-0.01950610414540392,0.056386498506176316
claude_ai,JP-28,coursework_share,JP,48.0,679.0,0.07069219440353461,1855.0,28448.0,0.06520669291338582,0.005485501490148786,-0.01400590456896653,0.024976907549264103
claude_ai,JP-28,success_rate,JP,503.0,679.0,0.7407952871870398,20602.0,28449.0,0.7241730816548912,0.01662220553214855,-0.01674479858706284,0.04998920965135994
claude_ai,JP-28,work_share,JP,315.0,679.0,0.4639175257731959,12483.0,28448.0,0.4388006186726659,0.025116907100529995,-0.012834654198665939,0.06306846839972594
claude_ai,JP-34,automation_share,JP,113.0,300.0,0.37666666666666665,10118.0,27401.0,0.3692565964745812,0.0074100701920854495,-0.0477188991204297,0.0625390395046006
claude_ai,JP-34,coursework_share,JP,39.0,310.0,0.12580645161290321,1864.0,28817.0,0.06468404067043759,0.06112241094246562,0.024095991282898466,0.09814883060203278
claude_ai,JP-34,success_rate,JP,227.0,310.0,0.7322580645161291,20878.0,28818.0,0.7244777569574572,0.007780307558671873,-0.041779636046090404,0.05734025116343415
claude_ai,JP-34,work_share,JP,112.0,310.0,0.36129032258064514,12686.0,28817.0,0.4402262553353923,-0.07893593275474714,-0.132717751934968,-0.02515411357452628
claude_ai,JP-40,automation_share,JP,306.0,898.0,0.34075723830734966,9925.0,26803.0,0.37029437003320526,-0.029537131725855592,-0.06107166685464949,0.0019974034029383025
claude_ai,JP-40,coursework_share,JP,53.0,931.0,0.05692803437164339,1850.0,28196.0,0.06561214356646333,-0.00868410919481994,-0.02384601391392423,0.00647779552428435
claude_ai,JP-40,success_rate,JP,698.0,931.0,0.7497314715359829,20407.0,28197.0,0.7237294747668191,0.026001996769163704,-0.002308403118366272,0.054312396656693684
claude_ai,JP-40,work_share,JP,402.0,931.0,0.4317937701396348,12396.0,28196.0,0.4396368279188537,-0.007843057779218898,-0.04018417839304974,0.024498062834611943
claude_ai,KE,automation_share,GLOBAL,1571.0,3236.0,0.48547589616810877,439998.0,966274.0,0.4553553132962286,0.030120582871880186,0.012871764798570991,0.04736940094518938
claude_ai,KE,coursework_share,GLOBAL,897.0,3337.0,0.26880431525322146,123551.0,996365.0,0.1240017463479749,0.14480256890524656,0.12974640072876362,0.1598587370817295
claude_ai,KE,success_rate,GLOBAL,2279.0,3338.0,0.68274415817855,697106.0,996662.0,0.6994407331673125,-0.016696574988762425,-0.03251092733213072,-0.0008822226453941255
claude_ai,KE,work_share,GLOBAL,1455.0,3337.0,0.4360203775846569,450888.0,996365.0,0.4525329572997847,-0.016512579715127818,-0.03336625183619931,0.0003410924059436757
claude_ai,KE-30,automation_share,KE,1337.0,2764.0,0.4837192474674385,234.0,472.0,0.4957627118644068,-0.012043464396968295,-0.06084611459162934,0.03675918579769275
claude_ai,KE-30,coursework_share,KE,726.0,2850.0,0.25473684210526315,171.0,487.0,0.351129363449692,-0.09639252134442883,-0.1417042074385647,-0.051080835250292944
claude_ai,KE-30,success_rate,KE,1944.0,2851.0,0.6818660119256401,335.0,487.0,0.6878850102669405,-0.0060189983413003745,-0.05058252310381509,0.038544526421214344
claude_ai,KE-30,work_share,KE,1258.0,2850.0,0.4414035087719298,197.0,487.0,0.40451745379876797,0.03688605497316183,-0.010363402813878798,0.08413551276020245
claude_ai,KG,automation_share,GLOBAL,176.0,433.0,0.4064665127020785,441393.0,969077.0,0.45547773809511527,-0.04901122539303676,-0.09528626996971962,-0.002736180816353899
claude_ai,KG,coursework_share,GLOBAL,122.0,450.0,0.27111111111111114,124326.0,999252.0,0.1244190654609648,0.14669204565014632,0.10561416385734179,0.18776992744295085
claude_ai,KG,success_rate,GLOBAL,331.0,450.0,0.7355555555555555,699054.0,999550.0,0.699368715922165,0.03618683963339053,-0.004572808182849934,0.07694648744963101
claude_ai,KG,work_share,GLOBAL,156.0,450.0,0.3466666666666667,452187.0,999252.0,0.45252548906582124,-0.10585882239915456,-0.14984135226201967,-0.06187629253628945
claude_ai,KG-C,automation_share,KG,96.0,222.0,0.43243243243243246,80.0,211.0,0.3791469194312796,0.05328551300115286,-0.039088005454538194,0.14565903145684392
claude_ai,KG-C,coursework_share,KG,67.0,238.0,0.2815126050420168,55.0,212.0,0.25943396226415094,0.022078642777865864,-0.0600570435689,0.10421432912463173
claude_ai,KG-C,success_rate,KG,173.0,238.0,0.726890756302521,158.0,212.0,0.7452830188679245,-0.018392262565403494,-0.099905033000857,0.06312050787005001
claude_ai,KG-C,work_share,KG,79.0,238.0,0.3319327731092437,77.0,212.0,0.3632075471698113,-0.03127477406056761,-0.11942504815207124,0.05687550003093601
claude_ai,KH,automation_share,GLOBAL,219.0,438.0,0.5,441350.0,969072.0,0.45543571581884523,0.04456428418115477,-0.002272424097137918,0.09140099245944745
claude_ai,KH,coursework_share,GLOBAL,83.0,466.0,0.1781115879828326,124365.0,999236.0,0.12446008750685524,0.05365150047597737,0.01890660581176966,0.08839639514018509
claude_ai,KH,success_rate,GLOBAL,333.0,467.0,0.7130620985010707,699052.0,999533.0,0.6993786098107816,0.013683488690289125,-0.02735198915509942,0.05471896653567767
claude_ai,KH,work_share,GLOBAL,219.0,466.0,0.4699570815450644,452124.0,999236.0,0.45246968684074634,0.017487394704318038,-0.02783871269601773,0.0628135021046538
claude_ai,KR,automation_share,GLOBAL,11295.0,28060.0,0.40253029223093373,430274.0,941450.0,0.45703329969727546,-0.054503007466341735,-0.060328691326635646,-0.048677323606047825
claude_ai,KR,coursework_share,GLOBAL,1899.0,29075.0,0.06531384350816853,122549.0,970627.0,0.1262575634100432,-0.06094371990187468,-0.06385966135145389,-0.058027778452295474
claude_ai,KR,success_rate,GLOBAL,20490.0,29075.0,0.7047291487532245,678895.0,970925.0,0.6992249658830497,0.005504182870174734,0.00018197020172133413,0.010826395538628134
claude_ai,KR,work_share,GLOBAL,14603.0,29075.0,0.5022527944969906,437740.0,970627.0,0.4509868363439303,0.05126595815306029,0.04543405457752659,0.057097861728593984
claude_ai,KR-11,automation_share,KR,6179.0,15690.0,0.39381771829190565,5116.0,12370.0,0.4135812449474535,-0.01976352665554787,-0.03132944941257922,-0.008197603898516514
claude_ai,KR-11,coursework_share,KR,1026.0,16309.0,0.06291004966582868,873.0,12766.0,0.06838477205075984,-0.005474722384931158,-0.011224301709753592,0.00027485693989127546
claude_ai,KR-11,success_rate,KR,11483.0,16309.0,0.7040897663866577,9007.0,12766.0,0.705545981513395,-0.0014562151267373258,-0.012020007052985735,0.009107576799511083
claude_ai,KR-11,work_share,KR,8385.0,16309.0,0.5141333006315532,6218.0,12766.0,0.4870750430831897,0.02705825754836344,0.015481492406228443,0.03863502269049844
claude_ai,KR-26,automation_share,KR,360.0,876.0,0.410958904109589,10935.0,27184.0,0.40225868157739847,0.008700222532190549,-0.024398989315128294,0.04179943437950939
claude_ai,KR-26,coursework_share,KR,56.0,899.0,0.06229143492769744,1843.0,28176.0,0.06541027825099376,-0.0031188433232963164,-0.019179267919013976,0.012941581272421343
claude_ai,KR-26,success_rate,KR,633.0,899.0,0.7041156840934372,19857.0,28176.0,0.7047487223168655,-0.0006330382234283061,-0.03094199985531962,0.029675923408463006
claude_ai,KR-26,work_share,KR,379.0,899.0,0.42157953281423804,14224.0,28176.0,0.5048268029528676,-0.08324727013862959,-0.11605125663371135,-0.05044328364354783
claude_ai,KR-27,automation_share,KR,212.0,545.0,0.3889908256880734,11083.0,27515.0,0.4027984735598764,-0.013807647871802997,-0.055146788968411985,0.02753149322480599
claude_ai,KR-27,coursework_share,KR,42.0,564.0,0.07446808510638298,1857.0,28511.0,0.06513275577847147,0.009335329327911507,-0.012520108234284236,0.03119076689010725
claude_ai,KR-27,success_rate,KR,400.0,564.0,0.7092198581560284,20090.0,28511.0,0.7046403142646698,0.004579543891358617,-0.03327183282468844,0.04243092060740567
claude_ai,KR-27,work_share,KR,242.0,564.0,0.42907801418439717,14361.0,28511.0,0.5037003261898916,-0.0746223120054944,-0.11588076193647577,-0.03336386207451304
claude_ai,KR-28,automation_share,KR,1328.0,2990.0,0.44414715719063547,9967.0,25070.0,0.3975668129238133,0.04658034426682217,0.027768196933439522,0.06539249160020483
claude_ai,KR-28,coursework_share,KR,186.0,3070.0,0.06058631921824104,1713.0,26005.0,0.06587194770236493,-0.005285628484123887,-0.014247240914982504,0.0036759839467347295
claude_ai,KR-28,success_rate,KR,2156.0,3070.0,0.7022801302931596,18334.0,26005.0,0.7050182657181311,-0.0027381354249714773,-0.01983652010403209,0.014360249254089134
claude_ai,KR-28,work_share,KR,1670.0,3070.0,0.5439739413680782,12933.0,26005.0,0.49732743703134014,0.04664650433673806,0.028009324733652308,0.06528368393982381
claude_ai,KR-29,automation_share,KR,89.0,294.0,0.30272108843537415,11206.0,27766.0,0.40358712093927823,-0.10086603250390408,-0.1537000031608945,-0.04803206184691366
claude_ai,KR-29,coursework_share,KR,29.0,303.0,0.09570957095709572,1870.0,28772.0,0.06499374391769776,0.030715827039397958,-0.0025322205309358664,0.06396387460973178
claude_ai,KR-29,success_rate,KR,228.0,303.0,0.7524752475247525,20262.0,28772.0,0.7042263311552899,0.0482489163694626,-0.0006312390645725266,0.09712907180349772
claude_ai,KR-29,work_share,KR,130.0,303.0,0.429042904290429,14473.0,28772.0,0.5030237731127485,-0.07398086882231947,-0.13000925517619508,-0.017952482468443852
claude_ai,KR-30,automation_share,KR,229.0,617.0,0.3711507293354943,11066.0,27443.0,0.4032357978355136,-0.0320850685000193,-0.07064515579207473,0.006475018792036137
claude_ai,KR-30,coursework_share,KR,71.0,635.0,0.11181102362204724,1828.0,28440.0,0.06427566807313642,0.04753535554891082,0.022859009533986133,0.07221170156383551
claude_ai,KR-30,success_rate,KR,450.0,635.0,0.7086614173228346,20040.0,28440.0,0.7046413502109705,0.00402006711186409,-0.03171715838677598,0.03975729261050416
claude_ai,KR-30,work_share,KR,304.0,635.0,0.47874015748031495,14299.0,28440.0,0.5027777777777778,-0.024037620297462814,-0.06332470295672535,0.015249462361799727
claude_ai,KR-41,automation_share,KR,1766.0,4291.0,0.4115590771381962,9529.0,23769.0,0.4009003323656864,0.010658744772509832,-0.00532978229138471,0.026647271836404373
claude_ai,KR-41,coursework_share,KR,249.0,4436.0,0.05613165013525699,1650.0,24639.0,0.06696700353098746,-0.010835353395730468,-0.018293483786815855,-0.0033772230046450807
claude_ai,KR-41,success_rate,KR,3135.0,4436.0,0.7067177637511272,17355.0,24639.0,0.70437111895775,0.002346644793377206,-0.012212258180908493,0.016905547767662905
claude_ai,KR-41,work_share,KR,2183.0,4436.0,0.49211000901713253,12420.0,24639.0,0.5040788993059784,-0.011968890288845846,-0.027950870850365152,0.004013090272673461
claude_ai,KR-42,automation_share,KR,126.0,277.0,0.4548736462093863,11169.0,27783.0,0.4020084224165857,0.05286522379280062,-0.006059697519581263,0.11179014510518251
claude_ai,KR-42,coursework_share,KR,22.0,288.0,0.0763888888888889,1877.0,28787.0,0.06520304304026123,0.011185845848627668,-0.01962390786293307,0.041995599560188404
claude_ai,KR-42,success_rate,KR,214.0,288.0,0.7430555555555556,20276.0,28787.0,0.7043457116059333,0.03870984394962229,-0.012029724483731886,0.08944941238297646
claude_ai,KR-42,work_share,KR,134.0,288.0,0.4652777777777778,14469.0,28787.0,0.5026227116406712,-0.03734493386289339,-0.09524140858305338,0.020551540857266605
claude_ai,KR-43,automation_share,KR,116.0,255.0,0.4549019607843137,11179.0,27805.0,0.4020499910088114,0.05285196977550233,-0.008538987278615892,0.11424292682962055
claude_ai,KR-43,coursework_share,KR,25.0,277.0,0.09025270758122744,1874.0,28798.0,0.0650739634696854,0.025178744111542042,-0.008686082957971769,0.059043571181055854
claude_ai,KR-43,success_rate,KR,191.0,277.0,0.6895306859205776,20299.0,28798.0,0.7048753385651781,-0.015344652644600498,-0.07008688861534354,0.03939758332614255
claude_ai,KR-43,work_share,KR,130.0,277.0,0.4693140794223827,14473.0,28798.0,0.5025696228904785,-0.03325554346809578,-0.0923100746132552,0.025798987677063637
claude_ai,KR-44,automation_share,KR,158.0,362.0,0.43646408839779005,11137.0,27698.0,0.40208679327027225,0.034377295127517804,-0.01703810826720964,0.08579269852224525
claude_ai,KR-44,coursework_share,KR,24.0,375.0,0.064,1875.0,28700.0,0.06533101045296168,-0.0013310104529616756,-0.026267851449503683,0.02360583054358033
claude_ai,KR-44,success_rate,KR,256.0,375.0,0.6826666666666666,20234.0,28700.0,0.7050174216027875,-0.02235075493612082,-0.06975415503615698,0.02505264516391533
claude_ai,KR-44,work_share,KR,178.0,375.0,0.4746666666666667,14425.0,28700.0,0.5026132404181185,-0.02794657375145182,-0.0788185171438019,0.022925369640898266
claude_ai,KR-45,automation_share,KR,118.0,263.0,0.44866920152091255,11177.0,27797.0,0.402093751124222,0.04657545039669053,-0.013810391556121883,0.10696129234950294
claude_ai,KR-45,coursework_share,KR,19.0,284.0,0.06690140845070422,1880.0,28791.0,0.06529818346010906,0.0016032249905951618,-0.027595407271445757,0.03080185725263608
claude_ai,KR-45,success_rate,KR,189.0,284.0,0.6654929577464789,20301.0,28791.0,0.7051161821402522,-0.039623224393773304,-0.09475002536870539,0.015503576581158786
claude_ai,KR-45,work_share,KR,125.0,284.0,0.44014084507042256,14478.0,28791.0,0.502865478795457,-0.0627246337250344,-0.12074685969646463,-0.004702407753604157
claude_ai,KR-46,coursework_share,KR,44.0,218.0,0.2018348623853211,1855.0,28857.0,0.06428249644800221,0.1375523659373189,0.08419628360099807,0.19090844827363973
claude_ai,KR-46,success_rate,KR,163.0,218.0,0.7477064220183486,20327.0,28857.0,0.7044044772498874,0.043301944768461165,-0.014594200967690596,0.10119809050461293
claude_ai,KR-46,work_share,KR,80.0,218.0,0.3669724770642202,14523.0,28857.0,0.5032747686869737,-0.13630229162275354,-0.2005435525372935,-0.07206103070821357
claude_ai,KR-47,automation_share,KR,103.0,316.0,0.3259493670886076,11192.0,27744.0,0.40340253748558247,-0.07745317039697486,-0.12945592553670202,-0.025450415257247692
claude_ai,KR-47,coursework_share,KR,33.0,325.0,0.10153846153846154,1866.0,28750.0,0.06490434782608695,0.036634113712374586,0.003672659348237725,0.06959556807651145
claude_ai,KR-47,success_rate,KR,236.0,325.0,0.7261538461538461,20254.0,28750.0,0.7044869565217391,0.021666889632107056,-0.027101322490530905,0.07043510175474502
claude_ai,KR-47,work_share,KR,140.0,325.0,0.4307692307692308,14463.0,28750.0,0.5030608695652173,-0.07229163879598655,-0.12643798994581434,-0.018145287646158734
claude_ai,KR-48,automation_share,KR,181.0,483.0,0.3747412008281574,11114.0,27577.0,0.40301700692606157,-0.0282758060979042,-0.07183187537782651,0.015280263182018111
claude_ai,KR-48,coursework_share,KR,35.0,504.0,0.06944444444444445,1864.0,28571.0,0.06524097861467922,0.004203465829765232,-0.018174256422775942,0.026581188082306407
claude_ai,KR-48,success_rate,KR,358.0,504.0,0.7103174603174603,20132.0,28571.0,0.7046305694585419,0.005686890858918492,-0.034267867864915036,0.04564164958275202
claude_ai,KR-48,work_share,KR,219.0,504.0,0.43452380952380953,14384.0,28571.0,0.5034475517132757,-0.06892374218946618,-0.11258712493200443,-0.025260359446927914
claude_ai,KR-50,automation_share,KR,96.0,214.0,0.4485981308411215,11199.0,27846.0,0.4021762551174316,0.04642187572368989,-0.020463022654677754,0.11330677410205753
claude_ai,KR-50,coursework_share,KR,19.0,239.0,0.0794979079497908,1880.0,28836.0,0.06519628242474684,0.014301625525043951,-0.02011284850029145,0.04871609955037935
claude_ai,KR-50,success_rate,KR,160.0,239.0,0.6694560669456067,20330.0,28836.0,0.7050215009016507,-0.03556543395604406,-0.09543659100249888,0.024305723090410757
claude_ai,KR-50,work_share,KR,141.0,239.0,0.5899581589958159,14462.0,28836.0,0.5015258704397281,0.08843228855608787,0.025809290663098894,0.15105528644907684
claude_ai,KW,automation_share,GLOBAL,182.0,437.0,0.41647597254004576,441387.0,969073.0,0.4554734266665153,-0.038997454126469544,-0.0852291272664675,0.0072342190135284146
claude_ai,KW,coursework_share,GLOBAL,39.0,455.0,0.08571428571428572,124409.0,999247.0,0.1245027505711801,-0.038788464856894384,-0.06451939168408982,-0.013057538029698942
claude_ai,KW,success_rate,GLOBAL,296.0,455.0,0.6505494505494506,699089.0,999545.0,0.6994072302897818,-0.04885777974033123,-0.09267802333005928,-0.005037536150603171
claude_ai,KW,work_share,GLOBAL,191.0,455.0,0.4197802197802198,452152.0,999247.0,0.45249272702344867,-0.03271250724322888,-0.07807095384529456,0.012645939358836789
claude_ai,KZ,automation_share,GLOBAL,850.0,1940.0,0.4381443298969072,440719.0,967570.0,0.45549055882261746,-0.01734622892571025,-0.03944735460235711,0.0047548967509366165
claude_ai,KZ,coursework_share,GLOBAL,532.0,2026.0,0.26258637709772953,123916.0,997676.0,0.12420465161034244,0.13838172548738709,0.11920936422771976,0.15755408674705443
claude_ai,KZ,success_rate,GLOBAL,1484.0,2026.0,0.7324777887462981,697901.0,997974.0,0.6993178178990636,0.03315997084723454,0.013863138035909734,0.052456803658559356
claude_ai,KZ,work_share,GLOBAL,678.0,2026.0,0.33464955577492594,451665.0,997676.0,0.4527171145742706,-0.11806755879934466,-0.13863815285225864,-0.09749696474643069
claude_ai,KZ-71,automation_share,KZ,219.0,516.0,0.42441860465116277,631.0,1424.0,0.4431179775280899,-0.018699372876927134,-0.06854333004082547,0.031144584286971207
claude_ai,KZ-71,coursework_share,KZ,146.0,529.0,0.27599243856332706,386.0,1497.0,0.2578490313961256,0.018143407167201475,-0.025926688809971225,0.062213503144374176
claude_ai,KZ-71,success_rate,KZ,379.0,529.0,0.7164461247637051,1105.0,1497.0,0.7381429525718103,-0.021696827808105223,-0.06609614301766058,0.02270248740145013
claude_ai,KZ-71,work_share,KZ,181.0,529.0,0.34215500945179583,497.0,1497.0,0.331997327989312,0.010157681462483859,-0.03678576198594284,0.05710112491091056
claude_ai,KZ-75,automation_share,KZ,332.0,768.0,0.4322916666666667,518.0,1172.0,0.44197952218430037,-0.009687855517633681,-0.05481000923134289,0.03543429819607553
claude_ai,KZ-75,coursework_share,KZ,187.0,800.0,0.23375,345.0,1226.0,0.2814029363784666,-0.04765293637846657,-0.08630161977456527,-0.009004252982367879
claude_ai,KZ-75,success_rate,KZ,581.0,800.0,0.72625,903.0,1226.0,0.736541598694943,-0.010291598694943005,-0.0498229598916548,0.02923976250176879
claude_ai,KZ-75,work_share,KZ,326.0,800.0,0.4075,352.0,1226.0,0.28711256117455136,0.12038743882544861,0.07795204690316102,0.1628228307477362
claude_ai,LB,automation_share,GLOBAL,302.0,700.0,0.43142857142857144,441267.0,968810.0,0.45547320940122416,-0.024044637972652716,-0.06074857042613866,0.012659294480833229
claude_ai,LB,coursework_share,GLOBAL,127.0,714.0,0.17787114845938376,124321.0,998988.0,0.12444694030358723,0.05342420815579653,0.025366946941896108,0.08148146936969695
claude_ai,LB,success_rate,GLOBAL,497.0,714.0,0.696078431372549,698888.0,999286.0,0.69938736257688,-0.003308931204330956,-0.037058711846431766,0.030440849437769854
claude_ai,LB,work_share,GLOBAL,340.0,714.0,0.47619047619047616,452003.0,998988.0,0.45246089042110615,0.02372958576937001,-0.012917386991127433,0.06037655852986745
claude_ai,LB-BA,automation_share,LB,140.0,313.0,0.4472843450479233,162.0,387.0,0.4186046511627907,0.028679693885132584,-0.04514544574636818,0.10250483351663335
claude_ai,LB-BA,coursework_share,LB,57.0,336.0,0.16964285714285715,70.0,378.0,0.18518518518518517,-0.015542328042328024,-0.0716141832482063,0.04052952716355025
claude_ai,LB-BA,success_rate,LB,223.0,336.0,0.6636904761904762,274.0,378.0,0.7248677248677249,-0.06117724867724872,-0.1288442832020386,0.006489785847541188
claude_ai,LB-BA,work_share,LB,159.0,336.0,0.4732142857142857,181.0,378.0,0.47883597883597884,-0.005621693121693139,-0.0790132375765632,0.06776985133317692
claude_ai,LB-JL,automation_share,LB,139.0,306.0,0.4542483660130719,163.0,394.0,0.4137055837563452,0.040542782256726695,-0.033465591381537554,0.11455115589499094
claude_ai,LB-JL,coursework_share,LB,60.0,322.0,0.18633540372670807,67.0,392.0,0.17091836734693877,0.015417036379769294,-0.04112974858732036,0.07196382134685894
claude_ai,LB-JL,success_rate,LB,230.0,322.0,0.7142857142857143,267.0,392.0,0.6811224489795918,0.03316326530612246,-0.0343888646510956,0.10071539526334052
claude_ai,LB-JL,work_share,LB,156.0,322.0,0.484472049689441,184.0,392.0,0.46938775510204084,0.015084294587400182,-0.05854007901717384,0.0887086681919742
claude_ai,LK,automation_share,GLOBAL,1243.0,2390.0,0.5200836820083682,440326.0,967120.0,0.4552961369840351,0.06478754502433309,0.04473317441938006,0.08484191562928613
claude_ai,LK,coursework_share,GLOBAL,718.0,2451.0,0.29294165646674825,123730.0,997251.0,0.12407107137521045,0.1688705850915378,0.15084113618535225,0.18690003399772334
claude_ai,LK,success_rate,GLOBAL,1702.0,2451.0,0.6944104447164423,697683.0,997549.0,0.6993972225925744,-0.004986777876132109,-0.02324631427838716,0.013272758526122943
claude_ai,LK,work_share,GLOBAL,1064.0,2451.0,0.43410852713178294,451279.0,997251.0,0.45252298568765537,-0.018414458555872426,-0.03806107259475019,0.0012321554830053358
claude_ai,LK-1,automation_share,LK,1103.0,2135.0,0.5166276346604215,140.0,255.0,0.5490196078431373,-0.032391973182715805,-0.09704035167010723,0.03225640530467562
claude_ai,LK-1,coursework_share,LK,641.0,2189.0,0.29282777523983555,77.0,262.0,0.29389312977099236,-0.0010653545311568036,-0.05942798828716025,0.05729727922484664
claude_ai,LK-1,success_rate,LK,1522.0,2189.0,0.6952946550936501,180.0,262.0,0.6870229007633588,0.008271754330291259,-0.0510965205820014,0.06764002924258392
claude_ai,LK-1,work_share,LK,950.0,2189.0,0.43398812243033347,114.0,262.0,0.4351145038167939,-0.0011263813864604288,-0.06464810416444294,0.062395341391522086
claude_ai,LT,automation_share,GLOBAL,486.0,1106.0,0.4394213381555154,441083.0,968404.0,0.45547416161023707,-0.0160528234547217,-0.04532041033151987,0.013214763422076479
claude_ai,LT,coursework_share,GLOBAL,85.0,1147.0,0.07410636442894507,124363.0,998555.0,0.12454296458382362,-0.05043660015487855,-0.06560985172371886,-0.035263348586038246
claude_ai,LT,success_rate,GLOBAL,789.0,1147.0,0.6878814298169137,698596.0,998853.0,0.6993982097465793,-0.0115167799296656,-0.038347664818400205,0.015314104959069007
claude_ai,LT,work_share,GLOBAL,516.0,1147.0,0.44986922406277247,451827.0,998555.0,0.4524808348062951,-0.002611610743522619,-0.03141874235789412,0.026195520870848883
claude_ai,LT-VL,automation_share,LT,342.0,794.0,0.43073047858942065,144.0,312.0,0.46153846153846156,-0.030807982949040913,-0.09597198599870767,0.03435602010062584
claude_ai,LT-VL,coursework_share,LT,61.0,825.0,0.07393939393939394,24.0,322.0,0.07453416149068323,-0.000594767551289288,-0.034385118588543095,0.03319558348596452
claude_ai,LT-VL,success_rate,LT,576.0,825.0,0.6981818181818182,213.0,322.0,0.6614906832298136,0.0366911349520046,-0.023746477291896093,0.0971287471959053
claude_ai,LT-VL,work_share,LT,377.0,825.0,0.45696969696969697,139.0,322.0,0.43167701863354035,0.025292678336156615,-0.038601110900700314,0.08918646757301354
claude_ai,LU,automation_share,GLOBAL,223.0,516.0,0.4321705426356589,441346.0,968994.0,0.45546824851340667,-0.023297705877747765,-0.06605247799443323,0.019457066238937705
claude_ai,LU,coursework_share,GLOBAL,22.0,520.0,0.04230769230769231,124426.0,999182.0,0.12452786379258234,-0.08222017148489003,-0.09953351424772856,-0.06490682872205149
claude_ai,LU,success_rate,GLOBAL,380.0,520.0,0.7307692307692307,699005.0,999480.0,0.6993686717092888,0.03140055905994188,-0.006734776270165735,0.0695358943900495
claude_ai,LU,work_share,GLOBAL,291.0,520.0,0.5596153846153846,452052.0,999182.0,0.4524220812624727,0.10719330335291194,0.06451286585237881,0.14987374085344507
claude_ai,LV,automation_share,GLOBAL,293.0,698.0,0.4197707736389685,441276.0,968812.0,0.45548155885765246,-0.03571078521868398,-0.07233712418413835,0.0009155537467703881
claude_ai,LV,coursework_share,GLOBAL,63.0,712.0,0.08848314606741572,124385.0,998990.0,0.12451075586342206,-0.03602760979600633,-0.056898346360042734,-0.015156873231969927
claude_ai,LV,success_rate,GLOBAL,512.0,713.0,0.7180925666199158,698873.0,999287.0,0.6993716519878673,0.018720914632048502,-0.014317229551585577,0.05175905881568258
claude_ai,LV,work_share,GLOBAL,325.0,712.0,0.45646067415730335,452018.0,998990.0,0.45247499974974725,0.003985674407556095,-0.03261488537254129,0.04058623418765348
claude_ai,MA,automation_share,GLOBAL,1989.0,4202.0,0.47334602570204665,439580.0,965308.0,0.45537797262635343,0.017968053075693213,0.002838766249077784,0.03309733990230864
claude_ai,MA,coursework_share,GLOBAL,1103.0,4324.0,0.25508788159111934,123345.0,995378.0,0.12391774783047245,0.1311701337606469,0.11816098355139196,0.14417928396990184
claude_ai,MA,success_rate,GLOBAL,3046.0,4325.0,0.7042774566473988,696339.0,995675.0,0.6993637482110127,0.004913708436386166,-0.008717277431508576,0.018544694304280906
claude_ai,MA,work_share,GLOBAL,1766.0,4324.0,0.408418131359852,450577.0,995378.0,0.452669237214405,-0.044251105854553,-0.0589349010646984,-0.029567310644407596
claude_ai,MA-01,automation_share,MA,193.0,399.0,0.48370927318295737,1796.0,3803.0,0.47225874309755456,0.01145053008540281,-0.04008802299530169,0.06298908316610731
claude_ai,MA-01,coursework_share,MA,86.0,407.0,0.2113022113022113,1017.0,3917.0,0.2596374776614756,-0.0483352663592643,-0.09030595774194713,-0.006364574976581473
claude_ai,MA-01,success_rate,MA,292.0,407.0,0.7174447174447175,2754.0,3918.0,0.7029096477794793,0.01453506966523821,-0.031488538346470966,0.060558677676947385
claude_ai,MA-01,work_share,MA,174.0,407.0,0.4275184275184275,1592.0,3917.0,0.4064334950217003,0.021084932496727216,-0.02938009550756688,0.0715499605010213
claude_ai,MA-03,automation_share,MA,166.0,344.0,0.48255813953488375,1823.0,3858.0,0.4725246241575946,0.010033515377289137,-0.04507228022225559,0.06513931097683387
claude_ai,MA-03,coursework_share,MA,140.0,375.0,0.37333333333333335,963.0,3949.0,0.24385920486199036,0.129474128471343,0.07871902891959019,0.18022922802309577
claude_ai,MA-03,success_rate,MA,264.0,375.0,0.704,2782.0,3950.0,0.7043037974683545,-0.0003037974683545164,-0.04864928265013076,0.048041687713421724
claude_ai,MA-03,work_share,MA,110.0,375.0,0.29333333333333333,1656.0,3949.0,0.4193466700430489,-0.12601333670971554,-0.17459723753427595,-0.07742943588515513
claude_ai,MA-04,automation_share,MA,305.0,630.0,0.48412698412698413,1684.0,3572.0,0.47144456886898095,0.012682415258003177,-0.029636612584937314,0.05500144310094367
claude_ai,MA-04,coursework_share,MA,174.0,650.0,0.2676923076923077,929.0,3674.0,0.2528579205225912,0.014834387169716468,-0.021991214619986356,0.05165998895941929
claude_ai,MA-04,success_rate,MA,442.0,650.0,0.68,2604.0,3675.0,0.7085714285714285,-0.02857142857142847,-0.06732589511301665,0.010183037970159702
claude_ai,MA-04,work_share,MA,253.0,650.0,0.3892307692307692,1513.0,3674.0,0.41181273816004355,-0.022581968929274332,-0.06330413272108798,0.01814019486253931
claude_ai,MA-06,automation_share,MA,887.0,1896.0,0.46782700421940926,1102.0,2306.0,0.4778837814397225,-0.010056777220313229,-0.04039003799680488,0.020276483556178417
claude_ai,MA-06,coursework_share,MA,463.0,1949.0,0.2375577219086711,640.0,2375.0,0.2694736842105263,-0.0319159623018552,-0.057904941765681714,-0.005926982838028689
claude_ai,MA-06,success_rate,MA,1378.0,1950.0,0.7066666666666667,1668.0,2375.0,0.7023157894736842,0.004350877192982439,-0.022972026242413873,0.03167378062837875
claude_ai,MA-06,work_share,MA,854.0,1949.0,0.4381734222678297,912.0,2375.0,0.384,0.054173422267829674,0.02471421759105007,0.08363262694460928
claude_ai,MA-07,automation_share,MA,194.0,434.0,0.4470046082949309,1795.0,3768.0,0.476380042462845,-0.029375434167914105,-0.07879565063980234,0.020044782303974128
claude_ai,MA-07,coursework_share,MA,115.0,449.0,0.2561247216035635,988.0,3875.0,0.2549677419354839,0.001156979668079594,-0.04148611825816278,0.043800077594321966
claude_ai,MA-07,success_rate,MA,321.0,449.0,0.7149220489977728,2725.0,3876.0,0.7030443756449949,0.011877673352777895,-0.03228889497705702,0.05604424168261281
claude_ai,MA-07,work_share,MA,183.0,449.0,0.40757238307349664,1583.0,3875.0,0.4085161290322581,-0.000943745958761455,-0.048958656052588534,0.047071164135065624
claude_ai,MA-09,automation_share,MA,142.0,272.0,0.5220588235294118,1847.0,3930.0,0.46997455470737914,0.05208426882203265,-0.00929573852901621,0.11346427617308152
claude_ai,MA-09,coursework_share,MA,52.0,283.0,0.18374558303886926,1051.0,4041.0,0.2600841375897055,-0.07633855455083624,-0.12344375052436586,-0.02923335857730662
claude_ai,MA-09,success_rate,MA,195.0,283.0,0.6890459363957597,2851.0,4042.0,0.7053438891637803,-0.016297952768020596,-0.07202978071672336,0.03943387518068217
claude_ai,MA-09,work_share,MA,127.0,283.0,0.44876325088339225,1639.0,4041.0,0.4055926750804256,0.043170575802966626,-0.016722617290286797,0.10306376889622004
claude_ai,MD,automation_share,GLOBAL,298.0,609.0,0.48932676518883417,441271.0,968901.0,0.45543455936158594,0.03389220582724822,-0.005822731490735811,0.07360714314523226
claude_ai,MD,coursework_share,GLOBAL,103.0,631.0,0.16323296354992076,124345.0,999071.0,0.12446062391962133,0.03877233963029943,0.009928239468780787,0.06761643979181807
claude_ai,MD,success_rate,GLOBAL,455.0,631.0,0.7210776545166403,698930.0,999369.0,0.6993713032923775,0.021706351224262788,-0.013297622190936637,0.05671032463946221
claude_ai,MD,work_share,GLOBAL,270.0,631.0,0.42789223454833597,452073.0,999071.0,0.4524933663373274,-0.024601131788991426,-0.06321881957775596,0.014016555999773105
claude_ai,MG,automation_share,GLOBAL,243.0,491.0,0.49490835030549896,441326.0,969019.0,0.4554358583268233,0.03947249197867564,-0.004763110669500935,0.08370809462685222
claude_ai,MG,coursework_share,GLOBAL,115.0,515.0,0.22330097087378642,124333.0,999187.0,0.1244341649761256,0.09886680589766082,0.06289233298820662,0.13484127880711502
claude_ai,MG,success_rate,GLOBAL,324.0,515.0,0.629126213592233,699061.0,999485.0,0.6994212019189883,-0.07029498832675529,-0.11202372210027212,-0.028566254553238475
claude_ai,MG,work_share,GLOBAL,266.0,515.0,0.516504854368932,452077.0,999187.0,0.4524448376530119,0.0640600167159201,0.020888558158076734,0.10723147527376346
claude_ai,MK,automation_share,GLOBAL,200.0,393.0,0.5089058524173028,441369.0,969117.0,0.4554341735827563,0.05347167883454651,0.004035116109095689,0.10290824155999734
claude_ai,MK,coursework_share,GLOBAL,47.0,408.0,0.11519607843137254,124401.0,999294.0,0.12448888915574395,-0.009292810724371409,-0.04027864119230847,0.021693019743565654
claude_ai,MK,success_rate,GLOBAL,295.0,408.0,0.7230392156862745,699090.0,999592.0,0.6993753451408175,0.023663870545457044,-0.0197680558825473,0.06709579697346138
claude_ai,MK,work_share,GLOBAL,223.0,408.0,0.5465686274509803,452120.0,999294.0,0.4524394222320959,0.09412920521888446,0.04581300974519087,0.14244540069257805
claude_ai,MN,automation_share,GLOBAL,124.0,230.0,0.5391304347826087,441445.0,969280.0,0.45543599372730276,0.08369444105530593,0.01926571874477312,0.14812316336583875
claude_ai,MN,coursework_share,GLOBAL,46.0,243.0,0.18930041152263374,124402.0,999459.0,0.1244693379118103,0.06483107361082345,0.015570872921481821,0.11409127430016508
claude_ai,MN,success_rate,GLOBAL,164.0,243.0,0.6748971193415638,699221.0,999757.0,0.6993909520013363,-0.024493832659772452,-0.08339619310990234,0.03440852779035745
claude_ai,MN,work_share,GLOBAL,105.0,243.0,0.43209876543209874,452238.0,999459.0,0.4524827931911164,-0.020384027759017653,-0.08267629651638156,0.041908240998346245
claude_ai,MT,automation_share,GLOBAL,136.0,331.0,0.4108761329305136,441433.0,969179.0,0.45547107397085573,-0.04459494104034212,-0.09760726152653756,0.008417379445853322
claude_ai,MT,coursework_share,GLOBAL,26.0,340.0,0.07647058823529412,124422.0,999362.0,0.12450143191356085,-0.048030843678266724,-0.07628635608715004,-0.019775331269383405
claude_ai,MT,success_rate,GLOBAL,235.0,340.0,0.6911764705882353,699150.0,999660.0,0.6993877918492287,-0.008211321260993443,-0.05732913295576954,0.04090649043378265
claude_ai,MT,work_share,GLOBAL,162.0,340.0,0.4764705882352941,452181.0,999362.0,0.45246967565306667,0.02400091258222742,-0.02909713641421119,0.07709896157866603
claude_ai,MU,automation_share,GLOBAL,154.0,300.0,0.5133333333333333,441415.0,969210.0,0.45543793398747434,0.05789539934585897,0.0013265044579145735,0.11446429423380336
claude_ai,MU,coursework_share,GLOBAL,61.0,319.0,0.19122257053291536,124387.0,999383.0,0.12446379416099733,0.06675877637191803,0.023597562510757487,0.10991999023307858
claude_ai,MU,success_rate,GLOBAL,233.0,319.0,0.7304075235109718,699152.0,999681.0,0.6993751006571096,0.031032422853862207,-0.017672314493348162,0.07973716020107258
claude_ai,MU,work_share,GLOBAL,147.0,319.0,0.4608150470219436,452196.0,999383.0,0.45247517718432273,0.008339869837620861,-0.04636954096157413,0.06304928063681585
claude_ai,MX,automation_share,GLOBAL,4308.0,9446.0,0.45606605970781283,437261.0,960064.0,0.45544984501033264,0.0006162146974801885,-0.009477351734167187,0.010709781129127564
claude_ai,MX,coursework_share,GLOBAL,2256.0,9757.0,0.23121861227836424,122192.0,989945.0,0.1234331200218194,0.10778549225654484,0.09939457244167128,0.11617641207141839
claude_ai,MX,success_rate,GLOBAL,7110.0,9757.0,0.7287075945475043,692275.0,990243.0,0.6990960804570191,0.029611514090485236,0.020742849793437663,0.03848017838753281
claude_ai,MX,work_share,GLOBAL,3965.0,9757.0,0.4063749103207953,448378.0,989945.0,0.45293223360893786,-0.04655732328814255,-0.05635233078416796,-0.03676231579211714
claude_ai,MX-BCN,automation_share,MX,137.0,298.0,0.4597315436241611,4171.0,9148.0,0.4559466550065588,0.003784888617602289,-0.05371367384356746,0.06128345107877204
claude_ai,MX-BCN,coursework_share,MX,65.0,304.0,0.2138157894736842,2191.0,9453.0,0.2317782714482175,-0.01796248197453329,-0.06483033849930835,0.028905374550241766
claude_ai,MX-BCN,success_rate,MX,226.0,304.0,0.743421052631579,6884.0,9453.0,0.7282344229345181,0.01518662969706086,-0.03472186316621846,0.06509512256034018
claude_ai,MX-BCN,work_share,MX,112.0,304.0,0.3684210526315789,3853.0,9453.0,0.4075954723368243,-0.03917441970524538,-0.09429751844160057,0.015948679031109816
claude_ai,MX-CHH,automation_share,MX,113.0,221.0,0.5113122171945701,4195.0,9225.0,0.45474254742547426,0.05656966976909583,-0.010114154290911961,0.12325349382910362
claude_ai,MX-CHH,coursework_share,MX,72.0,241.0,0.2987551867219917,2184.0,9516.0,0.22950819672131148,0.06924699000068021,0.010844264742159174,0.12764971525920127
claude_ai,MX-CHH,success_rate,MX,186.0,241.0,0.7717842323651453,6924.0,9516.0,0.7276166456494325,0.04416758671571275,-0.009568979291563147,0.09790415272298864
claude_ai,MX-CHH,work_share,MX,90.0,241.0,0.37344398340248963,3875.0,9516.0,0.40720891130727194,-0.033764927904782305,-0.0956293382533899,0.02809948244382529
claude_ai,MX-CMX,automation_share,MX,1343.0,2999.0,0.4478159386462154,2965.0,6447.0,0.45990383123933615,-0.012087892593120764,-0.03364623954811391,0.009470454361872379
claude_ai,MX-CMX,coursework_share,MX,583.0,3106.0,0.18770122343850612,1673.0,6651.0,0.25154112163584424,-0.06383989819733812,-0.08108293508572781,-0.04659686130894844
claude_ai,MX-CMX,success_rate,MX,2231.0,3106.0,0.7182871860914359,4879.0,6651.0,0.7335738986618554,-0.01528671257041947,-0.034343504236273296,0.0037700790954343574
claude_ai,MX-CMX,work_share,MX,1382.0,3106.0,0.4449452672247263,2583.0,6651.0,0.38836265223274696,0.05658261499197936,0.03554313021625089,0.07762209976770784
claude_ai,MX-GUA,automation_share,MX,133.0,268.0,0.4962686567164179,4175.0,9178.0,0.4548921333623883,0.04137652335402958,-0.019345568039256127,0.1020986147473153
claude_ai,MX-GUA,coursework_share,MX,81.0,288.0,0.28125,2175.0,9469.0,0.22969690569225895,0.05155309430774105,-0.0010607734195238541,0.10416696203500594
claude_ai,MX-GUA,success_rate,MX,207.0,288.0,0.71875,6903.0,9469.0,0.7290104551695005,-0.010260455169500471,-0.06295375500447364,0.0424328446654727
claude_ai,MX-GUA,work_share,MX,119.0,288.0,0.4131944444444444,3846.0,9469.0,0.4061674939275531,0.007026950516891339,-0.050697088197709635,0.0647509892314923
claude_ai,MX-JAL,automation_share,MX,353.0,780.0,0.45256410256410257,3955.0,8666.0,0.45638126009693053,-0.003817157532827964,-0.04028879310076783,0.0326544780351119
claude_ai,MX-JAL,coursework_share,MX,188.0,810.0,0.23209876543209876,2068.0,8947.0,0.23113892925002794,0.0009598361820708223,-0.029397941573247096,0.031317613937388744
claude_ai,MX-JAL,success_rate,MX,590.0,810.0,0.7283950617283951,6520.0,8947.0,0.7287358891248463,-0.0003408273964512487,-0.03232765176386909,0.031645996970966594
claude_ai,MX-JAL,work_share,MX,329.0,810.0,0.40617283950617283,3636.0,8947.0,0.4063932044260646,-0.00022036491989174678,-0.035540434547543395,0.0350997047077599
claude_ai,MX-MEX,automation_share,MX,255.0,553.0,0.46112115732368897,4053.0,8893.0,0.45575171483189025,0.005369442491798715,-0.03744828216930188,0.04818716715289931
claude_ai,MX-MEX,coursework_share,MX,146.0,567.0,0.25749559082892415,2110.0,9190.0,0.2295973884657236,0.027898202363200536,-0.009106155449997377,0.06490256017639845
claude_ai,MX-MEX,success_rate,MX,413.0,567.0,0.7283950617283951,6697.0,9190.0,0.7287268770402612,-0.0003318153118661016,-0.03805493408280717,0.037391303459074966
claude_ai,MX-MEX,work_share,MX,225.0,567.0,0.3968253968253968,3740.0,9190.0,0.40696409140369966,-0.010138694578302854,-0.05164279872797682,0.031365409571371114
claude_ai,MX-NLE,automation_share,MX,299.0,719.0,0.41585535465924894,4009.0,8727.0,0.45937893892517473,-0.043523584265925785,-0.08103674216550133,-0.006010426366350248
claude_ai,MX-NLE,coursework_share,MX,160.0,743.0,0.21534320323014805,2096.0,9014.0,0.23252717994231195,-0.0171839767121639,-0.048001165074675375,0.01363321165034757
claude_ai,MX-NLE,success_rate,MX,558.0,743.0,0.7510094212651414,6552.0,9014.0,0.7268693143998225,0.024140106865318867,-0.008285859735489995,0.05656607346612773
claude_ai,MX-NLE,work_share,MX,289.0,743.0,0.38896366083445494,3676.0,9014.0,0.4078100732194364,-0.01884641238498147,-0.05533990146513546,0.01764707669517252
claude_ai,MX-PUE,automation_share,MX,223.0,479.0,0.46555323590814196,4085.0,8967.0,0.45555927288948367,0.009993963018658292,-0.03585090294333684,0.05583882898065343
claude_ai,MX-PUE,coursework_share,MX,189.0,492.0,0.38414634146341464,2067.0,9265.0,0.22309767943874798,0.16104866202466667,0.11724115090000986,0.20485617314932347
claude_ai,MX-PUE,success_rate,MX,367.0,492.0,0.7459349593495935,6743.0,9265.0,0.7277927684835402,0.018142190866053287,-0.02137880633302748,0.057663188065134055
claude_ai,MX-PUE,work_share,MX,157.0,492.0,0.31910569105691056,3808.0,9265.0,0.41100917431192663,-0.09190348325501607,-0.134293391285011,-0.04951357522502116
claude_ai,MX-QUE,automation_share,MX,133.0,273.0,0.48717948717948717,4175.0,9173.0,0.4551400850321596,0.03203940214732759,-0.02812280845798148,0.09220161275263666
claude_ai,MX-QUE,coursework_share,MX,72.0,295.0,0.2440677966101695,2184.0,9462.0,0.23081800887761572,0.01324978773255378,-0.036496500130450464,0.06299607559555803
claude_ai,MX-QUE,success_rate,MX,218.0,295.0,0.7389830508474576,6892.0,9462.0,0.7283872331430987,0.010595817704358912,-0.040317550759204276,0.0615091861679221
claude_ai,MX-QUE,work_share,MX,114.0,295.0,0.3864406779661017,3851.0,9462.0,0.406996406679349,-0.02055572871324729,-0.07699728520941637,0.0358858277829218
claude_ai,MX-ROO,automation_share,MX,123.0,278.0,0.44244604316546765,4185.0,9168.0,0.45647905759162305,-0.014033014426155399,-0.07330243649401234,0.045236407641701545
claude_ai,MX-ROO,coursework_share,MX,52.0,294.0,0.17687074829931973,2204.0,9463.0,0.23290711190954244,-0.05603636361022271,-0.10047590171353155,-0.011596825506913884
claude_ai,MX-ROO,success_rate,MX,214.0,294.0,0.7278911564625851,6896.0,9463.0,0.7287329599492761,-0.0008418034866910507,-0.05249747238590354,0.05081386541252144
claude_ai,MX-ROO,work_share,MX,135.0,294.0,0.45918367346938777,3830.0,9463.0,0.4047342280460742,0.05444944542331359,-0.0033666739130716883,0.11226556475969887
claude_ai,MX-VER,automation_share,MX,120.0,235.0,0.5106382978723404,4188.0,9211.0,0.4546737596352188,0.05596453823712161,-0.00875306544755873,0.12068214192180195
claude_ai,MX-VER,coursework_share,MX,66.0,256.0,0.2578125,2190.0,9501.0,0.2305020524155352,0.027310447584464798,-0.026939820812869025,0.08156071598179862
claude_ai,MX-VER,success_rate,MX,182.0,256.0,0.7109375,6928.0,9501.0,0.7291864014314283,-0.01824890143142832,-0.0744957745355446,0.03799797167268796
claude_ai,MX-VER,work_share,MX,109.0,256.0,0.42578125,3856.0,9501.0,0.40585201557730766,0.019929234422692343,-0.04144178358878353,0.08130025243416822
claude_ai,MX-YUC,automation_share,MX,135.0,290.0,0.46551724137931033,4173.0,9156.0,0.45576671035386634,0.009750531025443987,-0.048559372193564376,0.06806043424445235
claude_ai,MX-YUC,coursework_share,MX,55.0,317.0,0.17350157728706625,2201.0,9440.0,0.23315677966101694,-0.059655202373950694,-0.10220581369493781,-0.017104591052963573
claude_ai,MX-YUC,success_rate,MX,229.0,317.0,0.722397476340694,6881.0,9440.0,0.7289194915254237,-0.006522015184729724,-0.056628603503245,0.043584573133785554
claude_ai,MX-YUC,work_share,MX,138.0,317.0,0.4353312302839117,3827.0,9440.0,0.40540254237288137,0.029928687911030316,-0.02554263791678294,0.08540001373884357
claude_ai,MY,automation_share,GLOBAL,1674.0,3794.0,0.441222983658408,439895.0,965716.0,0.4555117653637301,-0.014288781705322107,-0.03011992418421875,0.0015423607735745373
claude_ai,MY,coursework_share,GLOBAL,707.0,3920.0,0.18035714285714285,123741.0,995782.0,0.12426515040440578,0.05609199245273708,0.04403829171374972,0.06814569319172444
claude_ai,MY,success_rate,GLOBAL,2795.0,3921.0,0.7128283601122163,696590.0,996079.0,0.6993320810899537,0.01349627902226258,-0.0006942031652096732,0.027686761209734834
claude_ai,MY,work_share,GLOBAL,1769.0,3920.0,0.45127551020408163,450574.0,995782.0,0.4524825714865302,-0.0012070612824485738,-0.01681568591837583,0.014401563353478685
claude_ai,MY-01,automation_share,MY,109.0,233.0,0.4678111587982833,1565.0,3561.0,0.4394832912103342,0.028327867587949085,-0.03778229784637853,0.0944380330222767
claude_ai,MY-01,coursework_share,MY,54.0,256.0,0.2109375,653.0,3664.0,0.17822052401746724,0.03271697598253276,-0.018773220730741114,0.08420717269580663
claude_ai,MY-01,success_rate,MY,181.0,256.0,0.70703125,2614.0,3665.0,0.7132332878581173,-0.0062020378581173485,-0.06384535979882976,0.05144128408259506
claude_ai,MY-01,work_share,MY,100.0,256.0,0.390625,1669.0,3664.0,0.4555131004366812,-0.0648881004366812,-0.12679195542847924,-0.0029842454448831615
claude_ai,MY-07,automation_share,MY,97.0,207.0,0.46859903381642515,1577.0,3587.0,0.43964315584053526,0.028955877975889888,-0.04093802462435506,0.09884978057613483
claude_ai,MY-07,coursework_share,MY,34.0,239.0,0.14225941422594143,673.0,3681.0,0.1828307525129041,-0.04057133828696266,-0.08658497254022834,0.00544229596630303
claude_ai,MY-07,success_rate,MY,176.0,239.0,0.7364016736401674,2619.0,3682.0,0.7112982074959261,0.025103466144241304,-0.032640597516873995,0.0828475298053566
claude_ai,MY-07,work_share,MY,111.0,239.0,0.46443514644351463,1658.0,3681.0,0.4504210812279272,0.014014065215587457,-0.05122718864445849,0.07925531907563341
claude_ai,MY-10,automation_share,MY,738.0,1673.0,0.4411237298266587,936.0,2121.0,0.44130127298444133,-0.00017754315778262253,-0.03199991768604794,0.0316448313704827
claude_ai,MY-10,coursework_share,MY,331.0,1713.0,0.1932282545242265,376.0,2207.0,0.1703670140462166,0.022861240478009914,-0.0015442904874712199,0.04726677144349105
claude_ai,MY-10,success_rate,MY,1231.0,1713.0,0.7186223000583771,1564.0,2208.0,0.7083333333333334,0.010288966725043758,-0.01822270909879387,0.03880064254888138
claude_ai,MY-10,work_share,MY,771.0,1713.0,0.4500875656742557,998.0,2207.0,0.4521975532396919,-0.0021099875654362332,-0.0335146091818123,0.029294634050939836
claude_ai,MY-14,automation_share,MY,419.0,988.0,0.4240890688259109,1255.0,2806.0,0.447255880256593,-0.02316681143068211,-0.05905715430048498,0.012723531439120757
claude_ai,MY-14,coursework_share,MY,147.0,1017.0,0.14454277286135694,560.0,2903.0,0.19290389252497417,-0.048361119663617225,-0.0743053794053451,-0.022416859921889357
claude_ai,MY-14,success_rate,MY,723.0,1018.0,0.7102161100196464,2072.0,2903.0,0.7137444023424044,-0.0035282923227580865,-0.03588611690412875,0.028829532258612574
claude_ai,MY-14,work_share,MY,497.0,1017.0,0.4886922320550639,1272.0,2903.0,0.43816741302101275,0.05052481903405115,0.014892896782435078,0.08615674128566722
claude_ai,MZ,automation_share,GLOBAL,112.0,207.0,0.5410628019323671,441457.0,969303.0,0.4554375669940153,0.08562523493835184,0.01773337927633961,0.15351709060036406
claude_ai,MZ,coursework_share,GLOBAL,37.0,225.0,0.16444444444444445,124411.0,999477.0,0.12447610100082343,0.03996834344362102,-0.008471290201840877,0.0884079770890829
claude_ai,MZ,success_rate,GLOBAL,156.0,225.0,0.6933333333333334,699229.0,999775.0,0.6993863619314346,-0.0060530285981011955,-0.0663114091945135,0.05420535199831112
claude_ai,MZ,work_share,GLOBAL,96.0,225.0,0.4266666666666667,452247.0,999477.0,0.4524836489484,-0.02581698228173329,-0.09045116585485037,0.03881720129138379
claude_ai,NG,automation_share,GLOBAL,3638.0,7497.0,0.4852607709750567,437931.0,962013.0,0.45522357805975594,0.03003719291530077,0.01868009945097814,0.041394286379623405
claude_ai,NG,coursework_share,GLOBAL,1528.0,7702.0,0.19839002856400934,122920.0,992000.0,0.12391129032258065,0.07447873824142869,0.06554889963424623,0.08340857684861114
claude_ai,NG,success_rate,GLOBAL,5575.0,7704.0,0.72365005192108,693810.0,992296.0,0.6991966106887461,0.02445344123233395,0.014426746632878927,0.03448013583178897
claude_ai,NG,work_share,GLOBAL,3413.0,7702.0,0.44313165411581407,448930.0,992000.0,0.4525504032258065,-0.009418749109992408,-0.020556130006494894,0.0017186317865100775
claude_ai,NG-ED,automation_share,NG,124.0,247.0,0.5020242914979757,3514.0,7250.0,0.4846896551724138,0.01733463632556187,-0.046073092981275474,0.08074236563239921
claude_ai,NG-ED,coursework_share,NG,59.0,258.0,0.22868217054263565,1469.0,7444.0,0.1973401397098334,0.03134203083280224,-0.020697634219482147,0.08338169588508662
claude_ai,NG-ED,success_rate,NG,198.0,258.0,0.7674418604651163,5377.0,7446.0,0.7221326886919152,0.04530917177320115,-0.007236059249976556,0.09785440279637886
claude_ai,NG-ED,work_share,NG,94.0,258.0,0.3643410852713178,3319.0,7444.0,0.44586243954862975,-0.08152135427731194,-0.1413206889542741,-0.02172201960034978
claude_ai,NG-FC,automation_share,NG,477.0,968.0,0.4927685950413223,3161.0,6529.0,0.48414764895083473,0.00862094609048758,-0.025126512090992474,0.042368404271967634
claude_ai,NG-FC,coursework_share,NG,213.0,1001.0,0.2127872127872128,1315.0,6701.0,0.19623936725861812,0.016547845528594674,-0.010531359651229075,0.04362705070841842
claude_ai,NG-FC,success_rate,NG,710.0,1001.0,0.7092907092907093,4865.0,6703.0,0.7257944204087722,-0.016503711118062925,-0.04659351756393671,0.013586095327810861
claude_ai,NG-FC,work_share,NG,442.0,1001.0,0.44155844155844154,2971.0,6701.0,0.4433666616922847,-0.0018082201338431858,-0.034790278480804016,0.031173838213117644
claude_ai,NG-LA,automation_share,NG,2172.0,4492.0,0.4835262689225289,1466.0,3005.0,0.48785357737104823,-0.004327308448519307,-0.02741371745794364,0.018759100560905025
claude_ai,NG-LA,coursework_share,NG,827.0,4616.0,0.17915944540727902,701.0,3086.0,0.22715489306545691,-0.0479954476581779,-0.0664597271146814,-0.029531168201674396
claude_ai,NG-LA,success_rate,NG,3344.0,4617.0,0.7242798353909465,2231.0,3087.0,0.7227081308713962,0.0015717045195503543,-0.018813297124693155,0.021956706163793863
claude_ai,NG-LA,work_share,NG,2175.0,4616.0,0.4711871750433276,1238.0,3086.0,0.40116655865197665,0.07002061639135093,0.04751683421347145,0.09252439856923042
claude_ai,NG-OY,automation_share,NG,283.0,589.0,0.48047538200339557,3355.0,6908.0,0.4856687898089172,-0.005193407805521633,-0.04722895136923661,0.036842135758193346
claude_ai,NG-OY,coursework_share,NG,147.0,595.0,0.24705882352941178,1381.0,7107.0,0.1943154636274096,0.052743359902002185,0.01688722397581801,0.08859949582818635
claude_ai,NG-OY,success_rate,NG,440.0,595.0,0.7394957983193278,5135.0,7109.0,0.7223238148825433,0.0171719834367845,-0.019599909710406677,0.053943876583975675
claude_ai,NG-OY,work_share,NG,245.0,595.0,0.4117647058823529,3168.0,7107.0,0.4457577036724356,-0.03399299779008269,-0.07519245164842614,0.007206456068260765
claude_ai,NG-RI,automation_share,NG,459.0,943.0,0.4867444326617179,3179.0,6554.0,0.48504729935916996,0.0016971333025479485,-0.03242238244312593,0.03581664904822183
claude_ai,NG-RI,coursework_share,NG,213.0,970.0,0.21958762886597938,1315.0,6732.0,0.1953357100415924,0.024251918824386987,-0.0034678526391519644,0.051971690287925934
claude_ai,NG-RI,success_rate,NG,695.0,970.0,0.7164948453608248,4880.0,6734.0,0.7246807246807246,-0.008185879319899891,-0.03848933594284805,0.022117577303048266
claude_ai,NG-RI,work_share,NG,363.0,970.0,0.37422680412371134,3050.0,6732.0,0.4530600118835413,-0.07883320775982994,-0.11152660629554537,-0.04613980922411451
claude_ai,NL,automation_share,GLOBAL,3873.0,10022.0,0.38644981041708243,437696.0,959488.0,0.4561766275346852,-0.06972681711760276,-0.0793122272475717,-0.060141406987633816
claude_ai,NL,coursework_share,GLOBAL,793.0,10294.0,0.07703516611618419,123655.0,989408.0,0.12497877518677836,-0.04794360907059417,-0.053135773994759786,-0.04275144414642855
claude_ai,NL,success_rate,GLOBAL,7445.0,10296.0,0.7230963480963482,691940.0,989704.0,0.6991383282274296,0.023958019868918545,0.015267525301973905,0.03264851443586318
claude_ai,NL,work_share,GLOBAL,4716.0,10294.0,0.45813095006800075,447627.0,989408.0,0.45241902228403247,0.005711927783968285,-0.003963027095241505,0.015386882663178074
claude_ai,NL-FL,automation_share,NL,150.0,386.0,0.38860103626943004,3723.0,9636.0,0.38636363636363635,0.002237399905793691,-0.047351882588035854,0.051826682399623236
claude_ai,NL-FL,coursework_share,NL,28.0,400.0,0.07,765.0,9894.0,0.07731958762886598,-0.007319587628865976,-0.032871896385133076,0.01823272112740112
claude_ai,NL-FL,success_rate,NL,287.0,400.0,0.7175,7158.0,9896.0,0.723322554567502,-0.005822554567502025,-0.05081543778863174,0.03917032865362769
claude_ai,NL-FL,work_share,NL,191.0,400.0,0.4775,4525.0,9894.0,0.4573478876086517,0.020152112391348287,-0.029772836816691607,0.07007706159938817
claude_ai,NL-GE,automation_share,NL,274.0,712.0,0.3848314606741573,3599.0,9310.0,0.38657357679914073,-0.0017421161249834283,-0.038825275360714694,0.03534104311074784
claude_ai,NL-GE,coursework_share,NL,62.0,729.0,0.0850480109739369,731.0,9565.0,0.07642446419236801,0.008623546781568889,-0.012314655541532583,0.02956174910467036
claude_ai,NL-GE,success_rate,NL,519.0,729.0,0.7119341563786008,6926.0,9567.0,0.72394690080485,-0.012012744426249222,-0.04608583930992781,0.022060350457429365
claude_ai,NL-GE,work_share,NL,356.0,729.0,0.4883401920438957,4360.0,9565.0,0.4558285415577627,0.032511650486133026,-0.005122493752651405,0.07014579472491746
claude_ai,NL-GR,automation_share,NL,110.0,243.0,0.45267489711934156,3763.0,9779.0,0.38480417220574703,0.06787072491359453,0.004547318544022419,0.13119413128316665
claude_ai,NL-GR,coursework_share,NL,25.0,251.0,0.099601593625498,768.0,10043.0,0.07647117395200637,0.023130419673491637,-0.01428080937304705,0.060541648720030324
claude_ai,NL-GR,success_rate,NL,178.0,251.0,0.7091633466135459,7267.0,10045.0,0.7234444997511199,-0.014281153137574054,-0.07114255840040747,0.04258025212525936
claude_ai,NL-GR,work_share,NL,111.0,251.0,0.44223107569721115,4605.0,10043.0,0.4585283281887882,-0.01629725249157704,-0.07850809190746176,0.04591358692430768
claude_ai,NL-LI,automation_share,NL,133.0,318.0,0.41823899371069184,3740.0,9704.0,0.3854080791426216,0.032830914568070246,-0.022243039249813433,0.08790486838595393
claude_ai,NL-LI,coursework_share,NL,46.0,325.0,0.14153846153846153,747.0,9969.0,0.07493229009930785,0.06660617143915368,0.028357744960631197,0.10485459791767615
claude_ai,NL-LI,success_rate,NL,235.0,325.0,0.7230769230769231,7210.0,9971.0,0.7230969812456123,-2.0058168689218725e-05,-0.04945691129611131,0.04941679495873287
claude_ai,NL-LI,work_share,NL,154.0,325.0,0.47384615384615386,4562.0,9969.0,0.45761861771491624,0.01622753613123762,-0.03893257659374031,0.07138764885621554
claude_ai,NL-NB,automation_share,NL,384.0,938.0,0.4093816631130064,3489.0,9084.0,0.38408190224570676,0.025299760867299625,-0.007719799114069635,0.058319320848668886
claude_ai,NL-NB,coursework_share,NL,74.0,960.0,0.07708333333333334,719.0,9334.0,0.07703021212770517,5.3121205628170465e-05,-0.017665394386425254,0.017771636797681595
claude_ai,NL-NB,success_rate,NL,695.0,960.0,0.7239583333333334,6750.0,9336.0,0.7230077120822622,0.0009506212510711487,-0.02874972073236779,0.030650963234510088
claude_ai,NL-NB,work_share,NL,434.0,960.0,0.45208333333333334,4282.0,9334.0,0.4587529462181273,-0.006669612884793952,-0.039736533661712176,0.026397307892124272
claude_ai,NL-NH,automation_share,NL,1186.0,3172.0,0.3738965952080706,2687.0,6850.0,0.39226277372262774,-0.01836617851455713,-0.038791900593361725,0.0020595435642474617
claude_ai,NL-NH,coursework_share,NL,230.0,3253.0,0.07070396557024285,563.0,7041.0,0.07996023292146003,-0.009256267351217179,-0.020106698563752128,0.0015941638613177697
claude_ai,NL-NH,success_rate,NL,2332.0,3254.0,0.7166564228641672,5113.0,7042.0,0.7260721385969895,-0.009415715732822294,-0.028076602681463485,0.009245171215818897
claude_ai,NL-NH,work_share,NL,1504.0,3253.0,0.46234245312019673,3212.0,7041.0,0.4561852009657719,0.006157252154424808,-0.014552990461271086,0.026867494770120702
claude_ai,NL-OV,automation_share,NL,160.0,370.0,0.43243243243243246,3713.0,9652.0,0.38468711147948614,0.04774532095294631,-0.003659786300008773,0.09915042820590139
claude_ai,NL-OV,coursework_share,NL,39.0,399.0,0.09774436090225563,754.0,9895.0,0.07620010106114199,0.021544259841113647,-0.00806034705138406,0.05114886673361135
claude_ai,NL-OV,success_rate,NL,276.0,399.0,0.6917293233082706,7169.0,9897.0,0.7243609174497322,-0.03263159414146155,-0.07878989650588179,0.013526708222958692
claude_ai,NL-OV,work_share,NL,170.0,399.0,0.42606516290726815,4546.0,9895.0,0.45942395149065185,-0.0333587885833837,-0.0828644141928922,0.016146837026124794
claude_ai,NL-UT,automation_share,NL,329.0,825.0,0.3987878787878788,3544.0,9197.0,0.38534304664564534,0.013444832142233465,-0.021417107561246096,0.048306771845713026
claude_ai,NL-UT,coursework_share,NL,74.0,850.0,0.08705882352941176,719.0,9444.0,0.07613299449385853,0.010925829035553225,-0.008767359713621893,0.030619017784728343
claude_ai,NL-UT,success_rate,NL,629.0,850.0,0.74,6816.0,9446.0,0.7215752699555368,0.01842473004446321,-0.012417828252437257,0.04926728834136368
claude_ai,NL-UT,work_share,NL,402.0,850.0,0.47294117647058825,4314.0,9444.0,0.4567979669631512,0.01614320950743703,-0.018892603984100434,0.05117902299897449
claude_ai,NL-ZH,automation_share,NL,1033.0,2743.0,0.3765949690120306,2840.0,7279.0,0.39016348399505424,-0.013568514983023638,-0.03488455863293866,0.007747528666891386
claude_ai,NL-ZH,coursework_share,NL,197.0,2830.0,0.0696113074204947,596.0,7464.0,0.07984994640943194,-0.010238638988937232,-0.02145167822892008,0.0009744002510456151
claude_ai,NL-ZH,success_rate,NL,2077.0,2831.0,0.7336630166019075,5368.0,7465.0,0.7190890823844608,0.014573934217446682,-0.004638237177680533,0.0337861056125739
claude_ai,NL-ZH,work_share,NL,1252.0,2830.0,0.44240282685512367,3464.0,7464.0,0.4640943193997856,-0.02169149254466196,-0.04320586219184165,-0.00017712289748226737
claude_ai,NO,automation_share,GLOBAL,1026.0,2535.0,0.40473372781065087,440543.0,966975.0,0.45558882080715635,-0.05085509299650548,-0.06998851670839275,-0.03172166928461821
claude_ai,NO,coursework_share,GLOBAL,271.0,2618.0,0.10351413292589763,124177.0,997084.0,0.12454015910394711,-0.02102602617804948,-0.0327132575990071,-0.009338794757091857
claude_ai,NO,success_rate,GLOBAL,1881.0,2619.0,0.718213058419244,697504.0,997381.0,0.6993355598311979,0.018877498588046104,0.0016244039086651188,0.03613059326742709
claude_ai,NO,work_share,GLOBAL,1110.0,2618.0,0.4239877769289534,451233.0,997084.0,0.4525526435084707,-0.02856486657951729,-0.04752063465420256,-0.009609098504832016
claude_ai,NO-03,automation_share,NO,518.0,1304.0,0.39723926380368096,508.0,1231.0,0.41267262388302195,-0.015433360079340985,-0.05366651039770332,0.02279979023902135
claude_ai,NO-03,coursework_share,NO,120.0,1353.0,0.08869179600886919,151.0,1265.0,0.11936758893280633,-0.030675792923937142,-0.05410054275894352,-0.007251043088930761
claude_ai,NO-03,success_rate,NO,948.0,1354.0,0.7001477104874446,933.0,1265.0,0.7375494071146245,-0.03740169662717985,-0.07180359644134654,-0.002999796813013149
claude_ai,NO-03,work_share,NO,594.0,1353.0,0.43902439024390244,516.0,1265.0,0.4079051383399209,0.031119251903981515,-0.006732115316094162,0.06897061912405719
claude_ai,NO-11,coursework_share,NO,25.0,204.0,0.12254901960784313,246.0,2414.0,0.10190555095277548,0.02064346865506765,-0.02594619187405057,0.06723312918418586
claude_ai,NO-11,success_rate,NO,143.0,204.0,0.7009803921568627,1738.0,2415.0,0.7196687370600414,-0.018688344903178722,-0.08401909610625084,0.0466424062998934
claude_ai,NO-11,work_share,NO,74.0,204.0,0.3627450980392157,1036.0,2414.0,0.4291632145816073,-0.0664181165423916,-0.135287131452258,0.0024508983674747936
claude_ai,NO-30,automation_share,NO,95.0,211.0,0.45023696682464454,931.0,2324.0,0.4006024096385542,0.04963455718609033,-0.020390395826055563,0.11965951019823623
claude_ai,NO-30,coursework_share,NO,21.0,233.0,0.09012875536480687,250.0,2385.0,0.10482180293501048,-0.014693047570203607,-0.053464338721879744,0.02407824358147253
claude_ai,NO-30,success_rate,NO,164.0,233.0,0.703862660944206,1717.0,2386.0,0.7196144174350377,-0.015751756490831714,-0.07708304282809753,0.0455795298464341
claude_ai,NO-30,work_share,NO,99.0,233.0,0.4248927038626609,1011.0,2385.0,0.4238993710691824,0.0009933327934785185,-0.06550655864903178,0.06749322423598882
claude_ai,NO-46,automation_share,NO,79.0,217.0,0.3640552995391705,947.0,2318.0,0.408541846419327,-0.04448654688015652,-0.11156183251788063,0.02258873875756759
claude_ai,NO-46,coursework_share,NO,17.0,223.0,0.07623318385650224,254.0,2395.0,0.10605427974947808,-0.029821095892975838,-0.06676996049070258,0.007127768704750903
claude_ai,NO-46,success_rate,NO,168.0,223.0,0.7533632286995515,1713.0,2396.0,0.7149415692821369,0.0384216594174146,-0.02097229343051664,0.09781561226534584
claude_ai,NO-46,work_share,NO,90.0,223.0,0.40358744394618834,1020.0,2395.0,0.42588726513569936,-0.022299821189511015,-0.0896703456044361,0.045070703225414066
claude_ai,NO-50,automation_share,NO,96.0,232.0,0.41379310344827586,930.0,2303.0,0.40382110290924883,0.009972000539027026,-0.05649745486388462,0.07644145594193867
claude_ai,NO-50,coursework_share,NO,61.0,248.0,0.24596774193548387,210.0,2370.0,0.08860759493670886,0.157360146998775,0.10255272699081266,0.21216756700673736
claude_ai,NO-50,success_rate,NO,194.0,248.0,0.782258064516129,1687.0,2371.0,0.7115141290594685,0.07074393545666047,0.016236624998087687,0.12525124591523323
claude_ai,NO-50,work_share,NO,93.0,248.0,0.375,1017.0,2370.0,0.4291139240506329,-0.05411392405063292,-0.11757754767872307,0.009349699577457224
claude_ai,NP,automation_share,GLOBAL,770.0,1550.0,0.4967741935483871,440799.0,967960.0,0.45538968552419523,0.04138450802419186,0.0164732373922523,0.06629577865613141
claude_ai,NP,coursework_share,GLOBAL,419.0,1583.0,0.26468730259001894,124029.0,998119.0,0.12426273821057408,0.14042456437944484,0.11868200455113713,0.16216712420775253
claude_ai,NP,success_rate,GLOBAL,1105.0,1584.0,0.69760101010101,698280.0,998416.0,0.699387830323232,-0.0017868202222219853,-0.024423632978462954,0.020849992534018983
claude_ai,NP,work_share,GLOBAL,673.0,1583.0,0.425142135186355,451670.0,998119.0,0.4525211923628345,-0.027379057176479482,-0.05175221264872067,-0.003005901704238291
claude_ai,NZ,automation_share,GLOBAL,1087.0,2673.0,0.4066591844369622,440482.0,966837.0,0.45559075624950224,-0.04893157181254004,-0.06757991426348156,-0.030283229361598517
claude_ai,NZ,coursework_share,GLOBAL,161.0,2738.0,0.05880204528853177,124287.0,996964.0,0.1246654844106708,-0.06586343912213902,-0.07469929736098792,-0.057027580883290116
claude_ai,NZ,success_rate,GLOBAL,1990.0,2739.0,0.7265425337714494,697395.0,997261.0,0.6993104112163215,0.027232122555127858,0.010514836798472777,0.04394940831178294
claude_ai,NZ,work_share,GLOBAL,1197.0,2738.0,0.4371804236669102,451146.0,996964.0,0.45251985026540575,-0.015339426598495576,-0.03394546581412151,0.003266612617130356
claude_ai,NZ-AUK,automation_share,NZ,743.0,1781.0,0.4171813587871982,344.0,892.0,0.38565022421524664,0.03153113457195156,-0.007773068596647281,0.0708353377405504
claude_ai,NZ-AUK,coursework_share,NZ,110.0,1822.0,0.06037321624588365,51.0,916.0,0.055676855895196505,0.004696360350687143,-0.013745728058800998,0.023138448760175283
claude_ai,NZ-AUK,success_rate,NZ,1306.0,1823.0,0.7164015359297861,684.0,916.0,0.7467248908296943,-0.030323354899908228,-0.06527069379804505,0.004623983998228595
claude_ai,NZ-AUK,work_share,NZ,822.0,1822.0,0.45115257958287597,375.0,916.0,0.4093886462882096,0.04176393329466638,0.0025705639047463036,0.08095730268458645
claude_ai,NZ-CAN,automation_share,NZ,85.0,217.0,0.391705069124424,1002.0,2456.0,0.40798045602605865,-0.01627538690163466,-0.08406907606827742,0.0515183022650081
claude_ai,NZ-CAN,coursework_share,NZ,0.0,224.0,0.0,161.0,2514.0,0.06404136833731106,-0.06404136833731106,-0.07361181182033685,-0.05447092485428526
claude_ai,NZ-CAN,success_rate,NZ,179.0,235.0,0.7617021276595745,1811.0,2504.0,0.7232428115015974,0.03845931615797704,-0.018762232910907027,0.09568086522686112
claude_ai,NZ-CAN,work_share,NZ,86.0,224.0,0.38392857142857145,1111.0,2514.0,0.4419252187748608,-0.05799664734628934,-0.12457977029990865,0.00858647560732996
claude_ai,NZ-WGN,automation_share,NZ,108.0,292.0,0.3698630136986301,979.0,2381.0,0.41117177656446874,-0.04130876286583862,-0.10010384988164314,0.017486324149965905
claude_ai,NZ-WGN,coursework_share,NZ,15.0,303.0,0.04950495049504951,146.0,2435.0,0.05995893223819302,-0.010453981743143513,-0.03663607514006319,0.015728111653776165
claude_ai,NZ-WGN,success_rate,NZ,228.0,303.0,0.7524752475247525,1762.0,2436.0,0.7233169129720853,0.029158334552667142,-0.022582030558741716,0.08089869966407601
claude_ai,NZ-WGN,work_share,NZ,128.0,303.0,0.42244224422442245,1069.0,2435.0,0.43901437371663243,-0.016572129492209986,-0.07557992536817815,0.04243566638375817
claude_ai,OM,automation_share,GLOBAL,180.0,346.0,0.5202312138728323,441389.0,969164.0,0.45543272346063207,0.06479849041220026,0.012147173315034808,0.1174498075093657
claude_ai,OM,coursework_share,GLOBAL,53.0,359.0,0.14763231197771587,124395.0,999343.0,0.12447678124527815,0.023155530732437715,-0.013545697190586,0.05985675865546143
claude_ai,OM,success_rate,GLOBAL,243.0,359.0,0.6768802228412256,699142.0,999641.0,0.6993930821164798,-0.02251285927525415,-0.07089905528730403,0.02587333673679574
claude_ai,OM,work_share,GLOBAL,174.0,359.0,0.48467966573816157,452169.0,999343.0,0.4524662703396131,0.03221339539854845,-0.019493950675381386,0.08392074147247829
claude_ai,PA,automation_share,GLOBAL,266.0,539.0,0.4935064935064935,441303.0,968971.0,0.45543468277172383,0.03807181073476967,-0.004147864020403763,0.08029148548994311
claude_ai,PA,coursework_share,GLOBAL,79.0,558.0,0.14157706093189965,124369.0,999144.0,0.12447555107171739,0.01710150986018226,-0.01183157863655276,0.04603459835691728
claude_ai,PA,success_rate,GLOBAL,382.0,559.0,0.6833631484794276,699003.0,999441.0,0.6993939612243244,-0.016030812744896816,-0.054603034173439036,0.022541408683645403
claude_ai,PA,work_share,GLOBAL,262.0,558.0,0.46953405017921146,452081.0,999144.0,0.4524683128758217,0.017065737303389783,-0.024355385249125977,0.05848685985590554
claude_ai,PE,automation_share,GLOBAL,1530.0,3284.0,0.4658952496954933,440039.0,966226.0,0.4554203674916634,0.01047488220382986,-0.0066152809564474745,0.027565045364107196
claude_ai,PE,coursework_share,GLOBAL,702.0,3354.0,0.20930232558139536,123746.0,996348.0,0.12419957685467327,0.08510274872672209,0.07131965473042494,0.09888584272301924
claude_ai,PE,success_rate,GLOBAL,2414.0,3354.0,0.7197376267143709,696971.0,996646.0,0.6993165075663776,0.020421119147993272,0.005194465288535148,0.035647773007451394
claude_ai,PE,work_share,GLOBAL,1535.0,3354.0,0.4576624925462135,450808.0,996348.0,0.452460385327215,0.005202107218998497,-0.011687144357453282,0.022091358795450277
claude_ai,PE-LMA,automation_share,PE,1071.0,2287.0,0.46829908176650636,459.0,997.0,0.46038114343029085,0.007917938336215513,-0.029169693843672656,0.04500557051610368
claude_ai,PE-LMA,coursework_share,PE,418.0,2336.0,0.17893835616438356,284.0,1018.0,0.27897838899803534,-0.10004003283365179,-0.13167362922170903,-0.06840643644559455
claude_ai,PE-LMA,success_rate,PE,1682.0,2336.0,0.7200342465753424,732.0,1018.0,0.7190569744597249,0.000977272115617489,-0.03209606565972678,0.03405060989096176
claude_ai,PE-LMA,work_share,PE,1101.0,2336.0,0.4713184931506849,434.0,1018.0,0.4263261296660118,0.044992363484673115,0.008486023217550986,0.08149870375179524
claude_ai,PH,automation_share,GLOBAL,4246.0,9013.0,0.4710973038943748,437323.0,960497.0,0.4553090743646258,0.01578822952974901,0.005434821931265701,0.026141637128232316
claude_ai,PH,coursework_share,GLOBAL,2693.0,9277.0,0.2902878085588013,121755.0,990425.0,0.1229320746144332,0.16735573394436812,0.15809661464871955,0.1766148532400167
claude_ai,PH,success_rate,GLOBAL,6806.0,9281.0,0.733326150199332,692579.0,990719.0,0.6990670412094651,0.03425910898986695,0.0252168936162426,0.043301324363491295
claude_ai,PH,work_share,GLOBAL,3657.0,9277.0,0.3942007114368869,448686.0,990425.0,0.4530237019461342,-0.05882299050924733,-0.06881552544903453,-0.04883045556946013
claude_ai,PH-00,automation_share,PH,2334.0,5126.0,0.4553257900897386,1912.0,3887.0,0.4918960638024183,-0.03657027371267968,-0.05737599307268031,-0.015764554352679046
claude_ai,PH-00,coursework_share,PH,1425.0,5268.0,0.270501138952164,1268.0,4009.0,0.316288351209778,-0.04578721225761401,-0.06452540990052656,-0.027049014614701456
claude_ai,PH-00,success_rate,PH,3900.0,5271.0,0.7398975526465567,2906.0,4010.0,0.7246882793017456,0.015209273344811036,-0.0029950382743598146,0.03341358496398189
claude_ai,PH-00,work_share,PH,2148.0,5268.0,0.40774487471526194,1509.0,4009.0,0.3764030930406585,0.03134178167460344,0.011316187216073227,0.051367376133133656
claude_ai,PH-03,automation_share,PH,224.0,404.0,0.5544554455445545,4022.0,8609.0,0.467185503542804,0.08726994200175048,0.037670474104703186,0.13686940989879776
claude_ai,PH-03,coursework_share,PH,119.0,432.0,0.27546296296296297,2574.0,8845.0,0.29101187111362353,-0.015548908150660568,-0.05872787192374172,0.027630055622420588
claude_ai,PH-03,success_rate,PH,311.0,433.0,0.7182448036951501,6495.0,8848.0,0.7340641952983725,-0.015819391603222432,-0.059180529268633,0.027541746062188135
claude_ai,PH-03,work_share,PH,181.0,432.0,0.41898148148148145,3476.0,8845.0,0.3929903900508762,0.02599109143060524,-0.021636472147828913,0.07361865500903939
claude_ai,PH-07,automation_share,PH,375.0,810.0,0.46296296296296297,3871.0,8203.0,0.47190052419846396,-0.00893756123550099,-0.04493593026575251,0.02706080779475053
claude_ai,PH-07,coursework_share,PH,264.0,831.0,0.3176895306859206,2429.0,8446.0,0.28759175941273973,0.030097771273180862,-0.002996862144372184,0.06319240469073391
claude_ai,PH-07,success_rate,PH,621.0,831.0,0.7472924187725631,6185.0,8450.0,0.7319526627218935,0.015339756050669617,-0.015679728749549163,0.0463592408508884
claude_ai,PH-07,work_share,PH,309.0,831.0,0.37184115523465705,3348.0,8446.0,0.39640066303575655,-0.0245595078010995,-0.05903581541667429,0.00991679981447529
claude_ai,PH-11,automation_share,PH,282.0,534.0,0.5280898876404494,3964.0,8479.0,0.4675079608444392,0.06058192679601021,0.016928573534244082,0.10423528005777634
claude_ai,PH-11,coursework_share,PH,189.0,564.0,0.3351063829787234,2504.0,8713.0,0.2873866636061058,0.0477197193726176,0.007620688777956956,0.08781874996727823
claude_ai,PH-11,success_rate,PH,392.0,564.0,0.6950354609929078,6414.0,8717.0,0.7358036021567053,-0.040768141163797456,-0.07987584109948455,-0.0016604412281103625
claude_ai,PH-11,work_share,PH,196.0,564.0,0.3475177304964539,3461.0,8713.0,0.39722254103064386,-0.04970481053418996,-0.09032544624978747,-0.009084174818592451
claude_ai,PH-40,automation_share,PH,507.0,1047.0,0.48424068767908307,3739.0,7966.0,0.4693698217424052,0.014870865936677857,-0.017323639383027785,0.0470653712563835
claude_ai,PH-40,coursework_share,PH,325.0,1088.0,0.29871323529411764,2368.0,8189.0,0.2891683966296251,0.009544838664492517,-0.019370367022790165,0.0384600443517752
claude_ai,PH-40,success_rate,PH,788.0,1088.0,0.7242647058823529,6018.0,8193.0,0.7345294763822775,-0.01026477049992458,-0.03848829491814955,0.01795875391830039
claude_ai,PH-40,work_share,PH,422.0,1088.0,0.38786764705882354,3235.0,8189.0,0.39504212968616437,-0.007174482627340828,-0.03800362255027272,0.023654657295591058
claude_ai,PK,automation_share,GLOBAL,4436.0,8458.0,0.5244738708914637,437133.0,961052.0,0.4548484369212072,0.0696254339702565,0.05893579299286869,0.08031507494764431
claude_ai,PK,coursework_share,GLOBAL,1363.0,8695.0,0.15675675675675677,123085.0,991007.0,0.1242019481194381,0.03255480863731866,0.02488520270556411,0.04022441456907321
claude_ai,PK,success_rate,GLOBAL,5931.0,8699.0,0.6818025060351764,693454.0,991301.0,0.6995392923037503,-0.01773678626857389,-0.027566421631734152,-0.007907150905413626
claude_ai,PK,work_share,GLOBAL,4441.0,8695.0,0.5107533064979873,447902.0,991007.0,0.45196653504970197,0.05878677144828537,0.0482338871698374,0.06933965572673334
claude_ai,PK-IS,automation_share,PK,442.0,838.0,0.5274463007159904,3994.0,7620.0,0.5241469816272966,0.003299319088693853,-0.03231460417190773,0.038913242349295434
claude_ai,PK-IS,coursework_share,PK,156.0,867.0,0.17993079584775087,1207.0,7828.0,0.15419008686765456,0.02574070898009631,-0.0010512260130763791,0.052532643973269
claude_ai,PK-IS,success_rate,PK,600.0,867.0,0.6920415224913494,5331.0,7832.0,0.6806690500510725,0.011372472440276948,-0.0210455870428125,0.0437905319233664
claude_ai,PK-IS,work_share,PK,439.0,867.0,0.5063437139561707,4002.0,7828.0,0.5112416964741952,-0.004897982518024424,-0.0399718367905701,0.03017587175452125
claude_ai,PK-KP,automation_share,PK,234.0,480.0,0.4875,4202.0,7978.0,0.5266984206568062,-0.03919842065680618,-0.08523775848012685,0.0068409171665145055
claude_ai,PK-KP,coursework_share,PK,105.0,496.0,0.21169354838709678,1258.0,8199.0,0.15343334552994267,0.05826020285715411,0.021472055007291664,0.09504835070701656
claude_ai,PK-KP,success_rate,PK,340.0,496.0,0.6854838709677419,5591.0,8203.0,0.6815799097891015,0.003903961178640336,-0.03818477676789537,0.04599269912517604
claude_ai,PK-KP,work_share,PK,206.0,496.0,0.4153225806451613,4235.0,8199.0,0.5165264056592267,-0.10120382501406539,-0.1459001752802339,-0.05650747474789686
claude_ai,PK-PB,automation_share,PK,2501.0,4620.0,0.5413419913419913,1935.0,3838.0,0.5041688379364252,0.03717315340556615,0.01580320495315308,0.05854310185797922
claude_ai,PK-PB,coursework_share,PK,689.0,4745.0,0.14520547945205478,674.0,3950.0,0.17063291139240505,-0.02542743194035027,-0.040858671359752664,-0.009996192520947878
claude_ai,PK-PB,success_rate,PK,3209.0,4749.0,0.6757212044640977,2722.0,3950.0,0.6891139240506329,-0.013392719586535207,-0.03302969110294055,0.0062442519298701385
claude_ai,PK-PB,work_share,PK,2476.0,4745.0,0.5218124341412013,1965.0,3950.0,0.49746835443037973,0.02434407971082153,0.003245493549796148,0.045442665871846914
claude_ai,PK-SD,automation_share,PK,1233.0,2461.0,0.5010158472165787,3203.0,5997.0,0.5341003835250959,-0.033084536308517265,-0.05652911133602899,-0.009639961281005537
claude_ai,PK-SD,coursework_share,PK,404.0,2541.0,0.15899252262888627,959.0,6154.0,0.155833604159896,0.003158918468990274,-0.013701503299590061,0.02001934023757061
claude_ai,PK-SD,success_rate,PK,1752.0,2541.0,0.6894923258559622,4179.0,6158.0,0.6786294251380318,0.01086290071793039,-0.01057839244791619,0.03230419388377697
claude_ai,PK-SD,work_share,PK,1295.0,2541.0,0.509641873278237,3146.0,6154.0,0.5112122196945076,-0.0015703464162706293,-0.02467453445595837,0.02153384162341711
claude_ai,PL,automation_share,GLOBAL,3782.0,9069.0,0.41702503032307864,437787.0,960441.0,0.45581873326940436,-0.038793702946325725,-0.048990514594462714,-0.028596891298188737
claude_ai,PL,coursework_share,GLOBAL,769.0,9308.0,0.08261710356682424,123679.0,990394.0,0.12487858367477994,-0.042261480107955704,-0.0478921630616841,-0.03663079715422731
claude_ai,PL,success_rate,GLOBAL,6814.0,9310.0,0.7319011815252416,692571.0,990690.0,0.6990794294885383,0.032821752036703344,0.02377835276550758,0.04186515130789911
claude_ai,PL,work_share,GLOBAL,4200.0,9308.0,0.45122475290073055,448143.0,990394.0,0.4524896152440342,-0.001264862343303641,-0.011421591545252976,0.008891866858645694
claude_ai,PL-02,automation_share,PL,223.0,498.0,0.44779116465863456,3559.0,8571.0,0.4152374285380936,0.032553736120540966,-0.012349709132210063,0.077457181373292
claude_ai,PL-02,coursework_share,PL,31.0,507.0,0.0611439842209073,738.0,8801.0,0.08385410748778548,-0.022710123266878178,-0.044354992118129655,-0.0010652544156267013
claude_ai,PL-02,success_rate,PL,381.0,507.0,0.7514792899408284,6433.0,8803.0,0.7307735999091219,0.020705690031706414,-0.018036371476712443,0.05944775154012527
claude_ai,PL-02,work_share,PL,252.0,507.0,0.4970414201183432,3948.0,8801.0,0.44858538802408815,0.04845603209425503,0.003710262934156189,0.09320180125435387
claude_ai,PL-06,automation_share,PL,78.0,319.0,0.2445141065830721,3704.0,8750.0,0.4233142857142857,-0.1788001791312136,-0.22708865750725793,-0.13051170075516927
claude_ai,PL-06,coursework_share,PL,45.0,339.0,0.13274336283185842,724.0,8969.0,0.08072248857174713,0.05202087426011129,0.015464471384864606,0.08857727713535797
claude_ai,PL-06,success_rate,PL,246.0,339.0,0.7256637168141593,6568.0,8971.0,0.7321368855200089,-0.006473168705849575,-0.054846080615173945,0.041899743203474796
claude_ai,PL-06,work_share,PL,229.0,339.0,0.6755162241887905,3971.0,8969.0,0.44274724049503844,0.2327689836937521,0.18188070786964908,0.28365725951785514
claude_ai,PL-10,automation_share,PL,132.0,295.0,0.44745762711864406,3650.0,8774.0,0.41600182356963755,0.03145580354900651,-0.026215791299168567,0.08912739839718159
claude_ai,PL-10,coursework_share,PL,19.0,318.0,0.059748427672955975,750.0,8990.0,0.08342602892102335,-0.02367760124806738,-0.05034857112797406,0.0029933686318392994
claude_ai,PL-10,success_rate,PL,221.0,318.0,0.6949685534591195,6593.0,8992.0,0.7332072953736655,-0.038238741914546015,-0.08966328845079406,0.013185804621702032
claude_ai,PL-10,work_share,PL,141.0,318.0,0.44339622641509435,4059.0,8990.0,0.45150166852057844,-0.008105442105484084,-0.0636684219327065,0.04745753772173834
claude_ai,PL-12,automation_share,PL,209.0,488.0,0.42827868852459017,3573.0,8581.0,0.4163850367090083,0.011893651815581885,-0.03323206887425483,0.0570193725054186
claude_ai,PL-12,coursework_share,PL,35.0,493.0,0.07099391480730223,734.0,8815.0,0.08326715825297788,-0.012273243445675652,-0.03566549754359297,0.011119010652241662
claude_ai,PL-12,success_rate,PL,349.0,493.0,0.7079107505070994,6465.0,8817.0,0.7332425995236475,-0.025331849016548058,-0.06651994536414126,0.01585624733104514
claude_ai,PL-12,work_share,PL,235.0,493.0,0.4766734279918864,3965.0,8815.0,0.4498014747589336,0.026871953232952772,-0.01842358172718929,0.07216748819309483
claude_ai,PL-14,automation_share,PL,2077.0,5024.0,0.4134156050955414,1705.0,4045.0,0.4215080346106304,-0.008092429515088984,-0.028513195605163737,0.01232833657498577
claude_ai,PL-14,coursework_share,PL,419.0,5166.0,0.081107239643825,350.0,4142.0,0.08450024142926123,-0.0033930017854362227,-0.014670031219474187,0.007884027648601742
claude_ai,PL-14,success_rate,PL,3826.0,5167.0,0.7404683568802013,2988.0,4143.0,0.721216509775525,0.019251847104676312,0.001104788047094813,0.037398906162257814
claude_ai,PL-14,work_share,PL,2263.0,5166.0,0.43805652342237705,1937.0,4142.0,0.46764847899565426,-0.029591955573277207,-0.0499377781819058,-0.009246132964648612
claude_ai,PL-18,coursework_share,PL,23.0,214.0,0.10747663551401869,746.0,9094.0,0.08203210908291181,0.02544452643110688,-0.016433939547836555,0.06732299241005033
claude_ai,PL-18,success_rate,PL,153.0,214.0,0.7149532710280374,6661.0,9096.0,0.7322999120492524,-0.01734664102121497,-0.078512004126371,0.043818722083941046
claude_ai,PL-18,work_share,PL,92.0,214.0,0.42990654205607476,4108.0,9094.0,0.45172641301957334,-0.021819870963498578,-0.08893378342366756,0.045294041496670406
claude_ai,PL-22,automation_share,PL,227.0,516.0,0.43992248062015504,3555.0,8553.0,0.4156436338126973,0.024278846807457732,-0.019805856536846883,0.06836355015176235
claude_ai,PL-22,coursework_share,PL,32.0,539.0,0.059369202226345084,737.0,8769.0,0.08404607138784354,-0.02467686916149845,-0.04545532127944005,-0.003898417043556854
claude_ai,PL-22,success_rate,PL,383.0,539.0,0.7105751391465677,6431.0,8771.0,0.7332117204423669,-0.022636581295799263,-0.06202512586114029,0.016751963269541766
claude_ai,PL-22,work_share,PL,246.0,539.0,0.45640074211502785,3954.0,8769.0,0.450906602805337,0.0054941393096908375,-0.03782717528770644,0.048815453907088115
claude_ai,PL-24,automation_share,PL,223.0,534.0,0.41760299625468167,3559.0,8535.0,0.41698886936145285,0.0006141268932288169,-0.04250295986224928,0.04373121364870691
claude_ai,PL-24,coursework_share,PL,45.0,544.0,0.08272058823529412,724.0,8764.0,0.08261068005476951,0.00010990818052460105,-0.023744898988793055,0.023964715349842257
claude_ai,PL-24,success_rate,PL,394.0,544.0,0.7242647058823529,6420.0,8766.0,0.7323750855578371,-0.008110379675484225,-0.04679070679734102,0.03056994744637257
claude_ai,PL-24,work_share,PL,228.0,544.0,0.41911764705882354,3972.0,8764.0,0.4532177088087631,-0.03410006174993957,-0.07685364351245896,0.008653520012579824
claude_ai,PL-30,automation_share,PL,288.0,668.0,0.4311377245508982,3494.0,8401.0,0.41590286870610643,0.015234855844791784,-0.02377205911536849,0.05424177080495206
claude_ai,PL-30,coursework_share,PL,63.0,683.0,0.09224011713030747,706.0,8625.0,0.08185507246376812,0.010385044666539348,-0.012074525106054963,0.032844614439133654
claude_ai,PL-30,success_rate,PL,492.0,684.0,0.7192982456140351,6322.0,8626.0,0.7329005332715047,-0.013602287657469625,-0.04854757696752607,0.021343001652586818
claude_ai,PL-30,work_share,PL,297.0,683.0,0.43484626647144947,3903.0,8625.0,0.4525217391304348,-0.017675472658985336,-0.05630990780096981,0.02095896248299914
claude_ai,PR,automation_share,GLOBAL,250.0,567.0,0.4409171075837742,441319.0,968943.0,0.4554643565204558,-0.014547248936681578,-0.055427064403823514,0.026332566530460358
claude_ai,PR,coursework_share,GLOBAL,81.0,587.0,0.13798977853492334,124367.0,999115.0,0.12447716228862543,0.013512616246297904,-0.014395694191004352,0.04142092668360016
claude_ai,PR,success_rate,GLOBAL,427.0,587.0,0.727427597955707,698958.0,999413.0,0.6993685293267148,0.028059068628992212,-0.007974564264784947,0.06409270152276937
claude_ai,PR,work_share,GLOBAL,254.0,587.0,0.43270868824531517,452089.0,999115.0,0.45248945316605194,-0.01978076492073677,-0.05987358591371604,0.0203120560722425
claude_ai,PS,automation_share,GLOBAL,117.0,241.0,0.4854771784232365,441452.0,969269.0,0.45544838429785744,0.030028794125379066,-0.033079709488769746,0.09313729773952788
claude_ai,PS,coursework_share,GLOBAL,56.0,259.0,0.21621621621621623,124392.0,999443.0,0.1244613249580016,0.09175489125821462,0.04161485553185976,0.14189492698456949
claude_ai,PS,success_rate,GLOBAL,179.0,259.0,0.6911196911196911,699206.0,999741.0,0.6993871412695888,-0.008267450149897715,-0.0645447603646205,0.04800986006482506
claude_ai,PS,work_share,GLOBAL,125.0,259.0,0.4826254826254826,452218.0,999443.0,0.452470025804373,0.030155456821109594,-0.03070982750762135,0.09102074114984054
claude_ai,PT,automation_share,GLOBAL,1820.0,4297.0,0.42355131487084013,439749.0,965213.0,0.4555978835759568,-0.032046568705116685,-0.04685423330849012,-0.017238904101743256
claude_ai,PT,coursework_share,GLOBAL,417.0,4403.0,0.09470815353168294,124031.0,995299.0,0.12461682368815803,-0.029908670156475095,-0.03858205282993777,-0.02123528748301242
claude_ai,PT,success_rate,GLOBAL,3120.0,4406.0,0.7081252837040399,696265.0,995594.0,0.6993463198854152,0.008778963818624752,-0.004675380457920951,0.022233308095170455
claude_ai,PT,work_share,GLOBAL,2037.0,4403.0,0.4626391096979332,450306.0,995299.0,0.45243288700179546,0.010206222696137746,-0.004553938138986514,0.024966383531262005
claude_ai,PT-03,automation_share,PT,97.0,202.0,0.4801980198019802,1723.0,4095.0,0.42075702075702076,0.05944099904495942,-0.011097198030019281,0.12997919611993813
claude_ai,PT-03,coursework_share,PT,23.0,212.0,0.10849056603773585,394.0,4191.0,0.09401097590073967,0.014479590136996179,-0.028307301516930283,0.05726648179092264
claude_ai,PT-03,success_rate,PT,156.0,212.0,0.7358490566037735,2964.0,4194.0,0.7067238912732475,0.029125165330526004,-0.03180163947297835,0.09005197013403035
claude_ai,PT-03,work_share,PT,130.0,212.0,0.6132075471698113,1907.0,4191.0,0.45502266762109284,0.15818487954871846,0.09091484590323795,0.22545491319419897
claude_ai,PT-11,automation_share,PT,897.0,2231.0,0.4020618556701031,923.0,2066.0,0.44675701839303,-0.044695162722926896,-0.07425106971668248,-0.015139255729171311
claude_ai,PT-11,coursework_share,PT,196.0,2292.0,0.08551483420593368,221.0,2111.0,0.10468972051160587,-0.019174886305672184,-0.03654276714546066,-0.0018070054658837105
claude_ai,PT-11,success_rate,PT,1641.0,2295.0,0.7150326797385621,1479.0,2111.0,0.7006158218853624,0.014416857853199683,-0.012467796944486555,0.04130151265088592
claude_ai,PT-11,work_share,PT,1062.0,2292.0,0.46335078534031415,975.0,2111.0,0.46186641402179063,0.0014843713185235252,-0.02799571316325425,0.0309644558003013
claude_ai,PT-13,automation_share,PT,433.0,961.0,0.4505723204994797,1387.0,3336.0,0.4157673860911271,0.034804934408352584,-0.000822703672223285,0.07043257248892845
claude_ai,PT-13,coursework_share,PT,102.0,985.0,0.10355329949238579,315.0,3418.0,0.09215915740198946,0.011394142090396325,-0.00996191585294233,0.03275020003373498
claude_ai,PT-13,success_rate,PT,686.0,985.0,0.6964467005076143,2434.0,3421.0,0.7114878690441392,-0.01504116853652493,-0.047522329750616266,0.017439992677566407
claude_ai,PT-13,work_share,PT,433.0,985.0,0.43959390862944164,1604.0,3418.0,0.4692802808660035,-0.029686372236561842,-0.06491018082300783,0.005537436349884142
claude_ai,PT-15,coursework_share,PT,20.0,201.0,0.09950248756218906,397.0,4202.0,0.09447881960970966,0.0050236679524793965,-0.037293262144176206,0.047340598049135
claude_ai,PT-15,success_rate,PT,126.0,201.0,0.6268656716417911,2994.0,4205.0,0.7120095124851368,-0.0851438408433457,-0.15339212205881864,-0.016895559627872772
claude_ai,PT-15,work_share,PT,98.0,201.0,0.48756218905472637,1939.0,4202.0,0.4614469300333175,0.026115259021408876,-0.04461204650324284,0.09684256454606059
claude_ai,PY,automation_share,GLOBAL,239.0,505.0,0.47326732673267324,441330.0,969005.0,0.4554465663231872,0.017820760409486047,-0.025737580947647887,0.06137910176661998
claude_ai,PY,coursework_share,GLOBAL,30.0,515.0,0.05825242718446602,124418.0,999187.0,0.12451923413735366,-0.06626680695288764,-0.08650627147138645,-0.04602734243438883
claude_ai,PY,success_rate,GLOBAL,379.0,515.0,0.7359223300970874,699006.0,999485.0,0.6993661735793933,0.03655615651769406,-0.0015289612647295947,0.07464127430011772
claude_ai,PY,work_share,GLOBAL,265.0,515.0,0.5145631067961165,452078.0,999187.0,0.4524458384666734,0.06211726832944309,0.018940598330160242,0.10529393832872594
claude_ai,QA,automation_share,GLOBAL,280.0,620.0,0.45161290322580644,441289.0,968890.0,0.455458307960656,-0.003845404734849567,-0.04303097048624448,0.03534016101654534
claude_ai,QA,coursework_share,GLOBAL,95.0,634.0,0.1498422712933754,124353.0,999068.0,0.1244690051127651,0.02537326618061031,-0.002417224809231077,0.0531637571704517
claude_ai,QA,success_rate,GLOBAL,425.0,634.0,0.6703470031545742,698960.0,999366.0,0.6994034217694018,-0.02905641861482766,-0.06565976690308216,0.007546929673426836
claude_ai,QA,work_share,GLOBAL,283.0,634.0,0.44637223974763407,452060.0,999068.0,0.45248171295647543,-0.006109473208841365,-0.04481803726995406,0.03259909085227133
claude_ai,RE,automation_share,GLOBAL,151.0,331.0,0.4561933534743202,441418.0,969179.0,0.4554555969537103,0.0007377565206099224,-0.05292993764605683,0.054405450687276674
claude_ai,RE,coursework_share,GLOBAL,57.0,340.0,0.1676470588235294,124391.0,999362.0,0.12447041212293443,0.04317664670059497,0.0034642562790002385,0.0828890371221897
claude_ai,RE,success_rate,GLOBAL,248.0,340.0,0.7294117647058823,699137.0,999660.0,0.6993747874277254,0.030036977278156907,-0.01719499819052365,0.07726895274683745
claude_ai,RE,work_share,GLOBAL,146.0,340.0,0.4294117647058823,452197.0,999362.0,0.45248568586758353,-0.023073921161701205,-0.07569862620445311,0.02955078388105071
claude_ai,RO,automation_share,GLOBAL,1682.0,3714.0,0.45288099084544964,439887.0,965796.0,0.45546575053116806,-0.0025847596857184185,-0.0186246838416915,0.013455164470254664
claude_ai,RO,coursework_share,GLOBAL,418.0,3831.0,0.10910989297833464,124030.0,995871.0,0.1245442431800906,-0.015434350201755959,-0.025328514058076644,-0.005540186345435275
claude_ai,RO,success_rate,GLOBAL,2637.0,3833.0,0.6879728672058439,696748.0,996167.0,0.6994289110159241,-0.011456043810080141,-0.026151572443858087,0.003239484823697805
claude_ai,RO,work_share,GLOBAL,1651.0,3831.0,0.4309579744192117,450692.0,995871.0,0.45256062281158904,-0.021602648392377355,-0.037314664030725586,-0.005890632754029127
claude_ai,RO-B,automation_share,RO,701.0,1532.0,0.4575718015665796,981.0,2182.0,0.44958753437213567,0.00798426719444395,-0.024543431927560075,0.040511966316447975
claude_ai,RO-B,coursework_share,RO,147.0,1574.0,0.09339263024142312,271.0,2257.0,0.12007089056269384,-0.026678260321270714,-0.04633744219643835,-0.007019078446103076
claude_ai,RO-B,success_rate,RO,1091.0,1575.0,0.6926984126984127,1546.0,2258.0,0.6846767050487157,0.008021707649697007,-0.021752686785407326,0.037796102084801345
claude_ai,RO-B,work_share,RO,707.0,1574.0,0.4491740787801779,944.0,2257.0,0.41825431989366413,0.03091975888651377,-0.000986462603359134,0.06282598037638668
claude_ai,RO-CJ,automation_share,RO,161.0,340.0,0.47352941176470587,1521.0,3374.0,0.45080023710729106,0.022729174657414808,-0.03293661467056864,0.07839496398539825
claude_ai,RO-CJ,coursework_share,RO,38.0,346.0,0.10982658959537572,380.0,3485.0,0.10903873744619799,0.0007878521491777313,-0.0337456222650564,0.035321326563411866
claude_ai,RO-CJ,success_rate,RO,244.0,347.0,0.7031700288184438,2393.0,3486.0,0.6864601262191624,0.0167099025992814,-0.033767086344338705,0.0671868915429015
claude_ai,RO-CJ,work_share,RO,168.0,346.0,0.48554913294797686,1483.0,3485.0,0.4255380200860832,0.060011112861893645,0.004848869583428117,0.11517335614035917
claude_ai,RO-IS,coursework_share,RO,27.0,202.0,0.13366336633663367,391.0,3629.0,0.10774317993937724,0.025920186397256434,-0.022079627806193373,0.07392000060070625
claude_ai,RO-IS,success_rate,RO,140.0,202.0,0.693069306930693,2497.0,3631.0,0.6876893417791242,0.0053799651515688,-0.05998655061408546,0.07074648091722306
claude_ai,RO-IS,work_share,RO,85.0,202.0,0.4207920792079208,1566.0,3629.0,0.43152383576742903,-0.010731756559508254,-0.08069476006187554,0.05923124694285903
claude_ai,RO-TM,coursework_share,RO,29.0,200.0,0.145,389.0,3631.0,0.10713302120627927,0.037866978793720724,-0.011957868529740456,0.0876918261171819
claude_ai,RO-TM,success_rate,RO,132.0,200.0,0.66,2505.0,3633.0,0.6895127993393889,-0.029512799339388884,-0.09686747586251923,0.03784187718374146
claude_ai,RO-TM,work_share,RO,90.0,200.0,0.45,1561.0,3631.0,0.4299091159460204,0.02009088405397963,-0.050713652979405846,0.0908954210873651
claude_ai,RS,automation_share,GLOBAL,674.0,1585.0,0.4252365930599369,440895.0,967925.0,0.4555053335743988,-0.030268740514461934,-0.05462787450356378,-0.005909606525360083
claude_ai,RS,coursework_share,GLOBAL,169.0,1643.0,0.10286062081558126,124279.0,998059.0,0.12452069466835126,-0.02166007385277001,-0.036363336098065566,-0.0069568116074744495
claude_ai,RS,success_rate,GLOBAL,1194.0,1643.0,0.7267194157029824,698191.0,998357.0,0.6993400156457059,0.02737940005727646,0.005811737426420185,0.04894706268813273
claude_ai,RS,work_share,GLOBAL,780.0,1643.0,0.47474132684114423,451563.0,998059.0,0.4524411883465807,0.022300138494563526,-0.00186600078944954,0.04646627777857659
claude_ai,RS-00,automation_share,RS,330.0,808.0,0.4084158415841584,344.0,777.0,0.44272844272844275,-0.03431260114428436,-0.08298039545854605,0.014355193169977333
claude_ai,RS-00,coursework_share,RS,68.0,837.0,0.08124253285543608,101.0,806.0,0.12531017369727046,-0.044067640841834385,-0.07347859732831725,-0.014656684355351515
claude_ai,RS-00,success_rate,RS,612.0,837.0,0.7311827956989247,582.0,806.0,0.7220843672456576,0.009098428453267138,-0.034013239301821936,0.05221009620835621
claude_ai,RS-00,work_share,RS,403.0,837.0,0.48148148148148145,377.0,806.0,0.46774193548387094,0.013739545997610514,-0.03455601194738875,0.062035103942609776
claude_ai,RS-VO,automation_share,RS,211.0,513.0,0.41130604288499023,463.0,1072.0,0.4319029850746269,-0.020596942189636647,-0.07248618305981219,0.03129229868053889
claude_ai,RS-VO,coursework_share,RS,73.0,534.0,0.13670411985018727,96.0,1109.0,0.08656447249774572,0.050139647352441544,0.01662975909079023,0.08364953561409286
claude_ai,RS-VO,success_rate,RS,388.0,534.0,0.7265917602996255,806.0,1109.0,0.7267808836789901,-0.00018912337936460855,-0.04619984250620475,0.04582159574747553
claude_ai,RS-VO,work_share,RS,244.0,534.0,0.45692883895131087,536.0,1109.0,0.4833183047790803,-0.02638946582776941,-0.07786953513703519,0.025090603481496374
claude_ai,RW,automation_share,GLOBAL,269.0,490.0,0.5489795918367347,441300.0,969020.0,0.4554085570989247,0.09357103473781003,0.04950091948592811,0.13764114998969196
claude_ai,RW,coursework_share,GLOBAL,150.0,504.0,0.2976190476190476,124298.0,999198.0,0.12439776700914133,0.17322128060990627,0.13329906910001021,0.21314349211980232
claude_ai,RW,success_rate,GLOBAL,337.0,504.0,0.6686507936507936,699048.0,999496.0,0.6994004978509168,-0.03074970420012324,-0.07185401132813413,0.01035460292788764
claude_ai,RW,work_share,GLOBAL,231.0,504.0,0.4583333333333333,452112.0,999198.0,0.45247488485765586,0.005858448475677458,-0.037653331745092875,0.04937022869644779
claude_ai,SA,automation_share,GLOBAL,1673.0,3570.0,0.46862745098039216,439896.0,965940.0,0.45540716814708987,0.013220282833302288,-0.003179316186423666,0.029619881853028242
claude_ai,SA,coursework_share,GLOBAL,461.0,3697.0,0.1246956992155802,123987.0,996005.0,0.12448431483777692,0.00021138437780328367,-0.010458014905479485,0.010880783661086052
claude_ai,SA,success_rate,GLOBAL,2379.0,3698.0,0.643320713899405,697006.0,996302.0,0.6995930952662948,-0.05627238136688972,-0.07173782165273415,-0.040806941081045295
claude_ai,SA,work_share,GLOBAL,1814.0,3697.0,0.4906681092777928,450529.0,996005.0,0.4523360826501875,0.03833202662760532,0.02218757873072524,0.054476474524485397
claude_ai,SA-01,automation_share,SA,889.0,1932.0,0.4601449275362319,784.0,1638.0,0.47863247863247865,-0.01848755109624678,-0.0513386850650507,0.014363582872557144
claude_ai,SA-01,coursework_share,SA,211.0,2004.0,0.10528942115768464,250.0,1693.0,0.14766686355581807,-0.04237744239813343,-0.0639685993525319,-0.02078628544373497
claude_ai,SA-01,success_rate,SA,1272.0,2004.0,0.6347305389221557,1107.0,1694.0,0.653482880755608,-0.018752341833452313,-0.049703343030511146,0.012198659363606524
claude_ai,SA-01,work_share,SA,1103.0,2004.0,0.5503992015968064,711.0,1693.0,0.4199645599527466,0.13043464164405982,0.09838602026431673,0.16248326302380292
claude_ai,SA-02,automation_share,SA,450.0,917.0,0.49073064340239914,1223.0,2653.0,0.4609875612514135,0.029743082150985645,-0.007763846892135086,0.06725001119410637
claude_ai,SA-02,coursework_share,SA,138.0,950.0,0.14526315789473684,323.0,2747.0,0.11758281761922097,0.02768034027551587,0.0022405020347074436,0.0531201785163243
claude_ai,SA-02,success_rate,SA,604.0,951.0,0.6351209253417456,1775.0,2747.0,0.6461594466690935,-0.01103852132734795,-0.046476842742145856,0.024399800087449956
claude_ai,SA-02,work_share,SA,403.0,950.0,0.4242105263157895,1411.0,2747.0,0.5136512559155443,-0.0894407295997548,-0.12600679054043612,-0.05287466865907348
claude_ai,SA-04,automation_share,SA,233.0,498.0,0.4678714859437751,1440.0,3072.0,0.46875,-0.0008785140562249105,-0.048122140975529006,0.046365112863079185
claude_ai,SA-04,coursework_share,SA,69.0,511.0,0.1350293542074364,392.0,3186.0,0.12303829252981795,0.011991061677618445,-0.01976041293492385,0.04374253629016074
claude_ai,SA-04,success_rate,SA,342.0,511.0,0.6692759295499021,2037.0,3187.0,0.6391590837778475,0.030116845772054646,-0.013951744372327012,0.07418543591643631
claude_ai,SA-04,work_share,SA,231.0,511.0,0.4520547945205479,1583.0,3186.0,0.49686126804770875,-0.04480647352716083,-0.09132101411021903,0.0017080670558973707
claude_ai,SE,automation_share,GLOBAL,1852.0,4753.0,0.3896486429623396,439717.0,964757.0,0.4557800565323703,-0.06613141357003072,-0.08003131224846045,-0.05223151489160098
claude_ai,SE,coursework_share,GLOBAL,476.0,4882.0,0.09750102417042196,123972.0,994820.0,0.12461751874711002,-0.027116494576688063,-0.035462952487600626,-0.0187700366657755
claude_ai,SE,success_rate,GLOBAL,3499.0,4885.0,0.716274309109519,695886.0,995115.0,0.6993020907131337,0.016972218396385297,0.004298239441070627,0.029646197351699967
claude_ai,SE,work_share,GLOBAL,2041.0,4882.0,0.41806636624334287,450302.0,994820.0,0.4526467099575803,-0.034580343714237405,-0.04845106485641303,-0.020709622572061777
claude_ai,SE-AB,automation_share,SE,878.0,2306.0,0.38074588031222895,974.0,2447.0,0.3980384143849612,-0.017292534072732235,-0.0450224147525944,0.01043734660712993
claude_ai,SE-AB,coursework_share,SE,211.0,2370.0,0.0890295358649789,265.0,2512.0,0.10549363057324841,-0.01646409470826951,-0.033070554551171395,0.00014236513463237316
claude_ai,SE-AB,success_rate,SE,1703.0,2373.0,0.7176569742941424,1796.0,2512.0,0.714968152866242,0.0026888214279003897,-0.022603074553297877,0.027980717409098656
claude_ai,SE-AB,work_share,SE,995.0,2370.0,0.41983122362869196,1046.0,2512.0,0.4164012738853503,0.0034299497433416537,-0.024254906458617827,0.031114805945301135
claude_ai,SE-M,automation_share,SE,226.0,560.0,0.4035714285714286,1626.0,4193.0,0.38778917243024086,0.015782256141187723,-0.027446494390010408,0.05901100667238585
claude_ai,SE-M,coursework_share,SE,56.0,586.0,0.09556313993174062,420.0,4296.0,0.09776536312849161,-0.0022022231967509937,-0.027608639734713458,0.02320419334121147
claude_ai,SE-M,success_rate,SE,430.0,586.0,0.7337883959044369,3069.0,4299.0,0.7138869504535938,0.019901445450843047,-0.01834926929313066,0.058152160194816754
claude_ai,SE-M,work_share,SE,260.0,586.0,0.44368600682593856,1781.0,4296.0,0.41457169459962756,0.029114312226311,-0.013724326070731055,0.07195295052335306
claude_ai,SE-O,automation_share,SE,306.0,760.0,0.4026315789473684,1546.0,3993.0,0.38717756073127974,0.01545401821608866,-0.022546466875376966,0.05345450330755429
claude_ai,SE-O,coursework_share,SE,75.0,775.0,0.0967741935483871,401.0,4107.0,0.0976381787192598,-0.0008639851708727025,-0.023572776460822672,0.021844806119077267
claude_ai,SE-O,success_rate,SE,539.0,775.0,0.6954838709677419,2960.0,4110.0,0.7201946472019465,-0.02471077623420459,-0.05989823968389325,0.010476687215484067
claude_ai,SE-O,work_share,SE,316.0,775.0,0.40774193548387094,1725.0,4107.0,0.4200146092037984,-0.012272673719927463,-0.05002045899254286,0.025475111552687932
claude_ai,SG,automation_share,GLOBAL,2131.0,5347.0,0.3985412380774266,439438.0,964163.0,0.4557714826227515,-0.05723024454532494,-0.07039106935946743,-0.044069419731182446
claude_ai,SG,coursework_share,GLOBAL,1076.0,5491.0,0.19595702057912948,123372.0,994211.0,0.12409035908876485,0.07186666149036462,0.06134762009649924,0.08238570288423
claude_ai,SG,success_rate,GLOBAL,3922.0,5499.0,0.7132205855610111,695463.0,994501.0,0.699308497427353,0.013912088133658074,0.0019245217890253644,0.025899654478290783
claude_ai,SG,work_share,GLOBAL,2216.0,5491.0,0.4035694773265343,450127.0,994211.0,0.4527479579284478,-0.04917848060191349,-0.06219217024502874,-0.03616479095879824
claude_ai,SG-01,automation_share,SG,1650.0,4192.0,0.39360687022900764,481.0,1155.0,0.41645021645021646,-0.022843346221208816,-0.05489060962996433,0.0092039171875467
claude_ai,SG-01,coursework_share,SG,786.0,4306.0,0.18253599628425451,290.0,1185.0,0.24472573839662448,-0.06218974211236997,-0.08925138264319632,-0.035128101581543614
claude_ai,SG-01,success_rate,SG,3110.0,4312.0,0.7212430426716141,812.0,1187.0,0.6840775063184499,0.03716553635316422,0.007525133220859834,0.0668059394854686
claude_ai,SG-01,work_share,SG,1777.0,4306.0,0.41267998142127266,439.0,1185.0,0.37046413502109704,0.042215846400175616,0.011034081886278399,0.07339761091407283
claude_ai,SG-02,automation_share,SG,157.0,348.0,0.4511494252873563,1974.0,4999.0,0.394878975795159,0.05627044949219728,0.002260699000807616,0.11028019998358696
claude_ai,SG-02,coursework_share,SG,84.0,357.0,0.23529411764705882,992.0,5134.0,0.19322165952473705,0.04207245812232177,-0.00323583622064004,0.08738075246528358
claude_ai,SG-02,success_rate,SG,251.0,358.0,0.7011173184357542,3671.0,5141.0,0.7140634117875899,-0.012946093351835719,-0.06194827627612721,0.03605608957245577
claude_ai,SG-02,work_share,SG,138.0,357.0,0.3865546218487395,2078.0,5134.0,0.40475262952863267,-0.018198007679893158,-0.07046639824832443,0.03407038288853812
claude_ai,SG-04,automation_share,SG,126.0,345.0,0.3652173913043478,2005.0,5002.0,0.40083966413434624,-0.035622272829998414,-0.08821443934035249,0.01696989368035566
claude_ai,SG-04,coursework_share,SG,70.0,353.0,0.19830028328611898,1006.0,5138.0,0.1957960295834955,0.0025042537026234712,-0.04048220267330179,0.045490710078548734
claude_ai,SG-04,success_rate,SG,251.0,353.0,0.7110481586402266,3671.0,5146.0,0.7133696074621065,-0.002321448821879901,-0.051194682264384714,0.04655178462062491
claude_ai,SG-04,work_share,SG,148.0,353.0,0.4192634560906516,2068.0,5138.0,0.402491241728299,0.0167722143623526,-0.03642133896175069,0.06996576768645589
claude_ai,SG-05,automation_share,SG,137.0,316.0,0.43354430379746833,1994.0,5031.0,0.39634267541244284,0.0372016283850255,-0.01908551779712009,0.09348877456717108
claude_ai,SG-05,coursework_share,SG,106.0,322.0,0.32919254658385094,970.0,5169.0,0.187657187076804,0.14153535950704693,0.08911560286368217,0.1939551161504117
claude_ai,SG-05,success_rate,SG,216.0,323.0,0.6687306501547987,3706.0,5176.0,0.7159969088098919,-0.04726625865509315,-0.10004587751723087,0.005513360207044578
claude_ai,SG-05,work_share,SG,102.0,322.0,0.3167701863354037,2114.0,5169.0,0.4089765912168698,-0.09220640488146609,-0.14475836584787602,-0.039654443915056146
claude_ai,SI,automation_share,GLOBAL,322.0,741.0,0.43454790823211875,441247.0,968769.0,0.45547184106840743,-0.020923932836288683,-0.05662911810689912,0.014781252434321754
claude_ai,SI,coursework_share,GLOBAL,57.0,763.0,0.07470511140235911,124391.0,998939.0,0.12452311902929007,-0.04981800762693096,-0.06848483301657664,-0.03115118223728529
claude_ai,SI,success_rate,GLOBAL,532.0,764.0,0.6963350785340314,698853.0,999236.0,0.6993873319215881,-0.003052253387556658,-0.03567202066897545,0.029567513893862134
claude_ai,SI,work_share,GLOBAL,355.0,763.0,0.46526867627785057,451988.0,998939.0,0.4524680686208067,0.012800607657043883,-0.022605535177269043,0.04820675049135681
claude_ai,SI-061,automation_share,SI,228.0,491.0,0.46435845213849286,94.0,250.0,0.376,0.08835845213849286,0.013850765584145844,0.1628661386928399
claude_ai,SI-061,coursework_share,SI,35.0,506.0,0.0691699604743083,22.0,257.0,0.08560311284046693,-0.016433152366158624,-0.05716235162231825,0.024296046890001005
claude_ai,SI-061,success_rate,SI,355.0,507.0,0.7001972386587771,177.0,257.0,0.688715953307393,0.011481285351384152,-0.05776619393702134,0.08072876463978965
claude_ai,SI-061,work_share,SI,239.0,506.0,0.4723320158102767,116.0,257.0,0.45136186770428016,0.02097014810599651,-0.05382166389931484,0.09576196011130786
claude_ai,SK,automation_share,GLOBAL,458.0,1056.0,0.4337121212121212,441111.0,968454.0,0.4554795581411198,-0.021767436928998574,-0.05167510112059548,0.008140227262598328
claude_ai,SK,coursework_share,GLOBAL,99.0,1088.0,0.09099264705882353,124349.0,998614.0,0.12452158691947039,-0.03352893986064687,-0.05063067067704785,-0.016427209044245886
claude_ai,SK,success_rate,GLOBAL,782.0,1089.0,0.7180899908172635,698603.0,998911.0,0.6993646080581754,0.018725382759088194,-0.008012840749800628,0.04546360626797702
claude_ai,SK,work_share,GLOBAL,499.0,1088.0,0.4586397058823529,451844.0,998614.0,0.4524711249792212,0.006168580903131715,-0.023456297874882993,0.035793459681146424
claude_ai,SK-BL,automation_share,SK,244.0,589.0,0.4142614601018676,214.0,467.0,0.4582441113490364,-0.043982651247168825,-0.1041889881134355,0.016223685619097837
claude_ai,SK-BL,coursework_share,SK,43.0,607.0,0.07084019769357495,56.0,481.0,0.11642411642411643,-0.045583918730541476,-0.08077145911982021,-0.010396378341262738
claude_ai,SK-BL,success_rate,SK,444.0,607.0,0.7314662273476112,338.0,482.0,0.7012448132780082,0.030221414069602992,-0.023749648001969298,0.08419247614117528
claude_ai,SK-BL,work_share,SK,293.0,607.0,0.4827018121911038,206.0,481.0,0.4282744282744283,0.05442738391667551,-0.005036045235123021,0.11389081306847404
claude_ai,SN,automation_share,GLOBAL,441.0,863.0,0.5110081112398609,441128.0,968647.0,0.455406355462826,0.05560175577703491,0.022235511031290164,0.08896800052277966
claude_ai,SN,coursework_share,GLOBAL,310.0,892.0,0.3475336322869955,124138.0,998810.0,0.1242859002212633,0.22324773206573223,0.19199095530014332,0.25450450883132114
claude_ai,SN,success_rate,GLOBAL,629.0,892.0,0.7051569506726457,698756.0,999108.0,0.6993798468233664,0.005777103849279319,-0.024159873295734154,0.035714080994292796
claude_ai,SN,work_share,GLOBAL,338.0,892.0,0.3789237668161435,452005.0,998810.0,0.4525435267968883,-0.07361975998074483,-0.10547098032019944,-0.04176853964129021
claude_ai,SV,automation_share,GLOBAL,225.0,459.0,0.49019607843137253,441344.0,969051.0,0.4554393937986752,0.03475668463269732,-0.010987751953478751,0.0805011212188734
claude_ai,SV,coursework_share,GLOBAL,107.0,474.0,0.22573839662447256,124341.0,999228.0,0.12443706541449999,0.10130133120997258,0.0636588985882809,0.13894376383166424
claude_ai,SV,success_rate,GLOBAL,332.0,475.0,0.6989473684210527,699053.0,999525.0,0.6993852079737876,-0.0004378395527349088,-0.04170036464672217,0.040824685541252355
claude_ai,SV,work_share,GLOBAL,210.0,474.0,0.4430379746835443,452133.0,999228.0,0.45248231634822084,-0.009444341664676559,-0.05417482224860613,0.035286138919253016
claude_ai,TG,automation_share,GLOBAL,156.0,276.0,0.5652173913043478,441413.0,969234.0,0.45542459302913435,0.10979279827521343,0.05129927694756204,0.16828631960286483
claude_ai,TG,coursework_share,GLOBAL,87.0,296.0,0.2939189189189189,124361.0,999406.0,0.12443491433911744,0.16948400457980148,0.11758189199438579,0.22138611716521717
claude_ai,TG,success_rate,GLOBAL,207.0,296.0,0.6993243243243243,699178.0,999704.0,0.6993850179653177,-6.0693640993370046e-05,-0.05230788612892058,0.05218649884693384
claude_ai,TG,work_share,GLOBAL,118.0,296.0,0.39864864864864863,452225.0,999406.0,0.4524937813060958,-0.05384513265744717,-0.10963251237984496,0.0019422470649506224
claude_ai,TH,automation_share,GLOBAL,2822.0,6039.0,0.4672959099188607,438747.0,963471.0,0.45538163577315766,0.011914274145703063,-0.000708778087290099,0.024537326378696225
claude_ai,TH,coursework_share,GLOBAL,885.0,6216.0,0.14237451737451737,123563.0,993486.0,0.12437316680859116,0.018001350565926208,0.00929023172810252,0.026712469403749897
claude_ai,TH,success_rate,GLOBAL,4426.0,6217.0,0.7119189319607527,694959.0,993783.0,0.6993065890642122,0.012612342896540563,0.0013188931449402853,0.02390579264814084
claude_ai,TH,work_share,GLOBAL,2985.0,6216.0,0.4802123552123552,449358.0,993486.0,0.45230431027714535,0.027908044935209875,0.01544929621827159,0.04036679365214816
claude_ai,TH-10,automation_share,TH,1655.0,3644.0,0.45417124039517015,1167.0,2395.0,0.4872651356993737,-0.033093895304203536,-0.058824894528533844,-0.007362896079873227
claude_ai,TH-10,coursework_share,TH,472.0,3738.0,0.12627073301230604,413.0,2478.0,0.16666666666666666,-0.040395933654360616,-0.058526051782069655,-0.022265815526651578
claude_ai,TH-10,success_rate,TH,2701.0,3739.0,0.7223856646162076,1725.0,2478.0,0.6961259079903148,0.02625975662589275,0.003151617617981408,0.04936789563380409
claude_ai,TH-10,work_share,TH,1847.0,3738.0,0.4941144997324773,1138.0,2478.0,0.45924132364810333,0.03487317608437396,0.009537659039039668,0.06020869312970825
claude_ai,TH-50,automation_share,TH,151.0,345.0,0.43768115942028984,2671.0,5694.0,0.46909027046013346,-0.03140911103984362,-0.08534006419740864,0.02252184211772141
claude_ai,TH-50,coursework_share,TH,47.0,355.0,0.1323943661971831,838.0,5861.0,0.1429790138201672,-0.010584647622984111,-0.046962241725916315,0.025792946479948092
claude_ai,TH-50,success_rate,TH,255.0,355.0,0.7183098591549296,4171.0,5862.0,0.7115319003752986,0.006777958779631055,-0.04143120753903038,0.05498712509829249
claude_ai,TH-50,work_share,TH,150.0,355.0,0.4225352112676056,2835.0,5861.0,0.48370585224364443,-0.061170640976038804,-0.11412443097707661,-0.008216850975000994
claude_ai,TN,automation_share,GLOBAL,957.0,1809.0,0.5290215588723052,440612.0,967701.0,0.4553183266318832,0.07370323224042197,0.050679397360998156,0.09672706711984577
claude_ai,TN,coursework_share,GLOBAL,570.0,1850.0,0.3081081081081081,123878.0,997852.0,0.12414466273555598,0.18396344537255216,0.1629137344046396,0.20501315634046471
claude_ai,TN,success_rate,GLOBAL,1246.0,1851.0,0.6731496488384657,698139.0,998149.0,0.6994336516892768,-0.026284002850811117,-0.04767187467686791,-0.004896131024754325
claude_ai,TN,work_share,GLOBAL,813.0,1850.0,0.43945945945945947,451530.0,997852.0,0.45250197424066896,-0.013042514781209491,-0.03568049326360559,0.00959546370118661
claude_ai,TN-11,automation_share,TN,841.0,1580.0,0.5322784810126582,116.0,229.0,0.5065502183406113,0.025728262672046864,-0.043542810184837674,0.0949993355289314
claude_ai,TN-11,coursework_share,TN,502.0,1611.0,0.3116076970825574,68.0,239.0,0.28451882845188287,0.027088868630674556,-0.03442206085860406,0.08859979811995317
claude_ai,TN-11,success_rate,TN,1089.0,1612.0,0.6755583126550868,157.0,239.0,0.6569037656903766,0.01865454696471025,-0.045727348019374156,0.08303644194879466
claude_ai,TN-11,work_share,TN,705.0,1611.0,0.4376163873370577,108.0,239.0,0.45188284518828453,-0.014266457851226821,-0.08185393175272969,0.053321016050276046
claude_ai,TR,automation_share,GLOBAL,4142.0,8848.0,0.46812839059674505,437427.0,960662.0,0.45533913072443793,0.012789259872307113,0.002344403823523059,0.023234115921091168
claude_ai,TR,coursework_share,GLOBAL,789.0,9164.0,0.08609777389786119,123659.0,990538.0,0.12484023833512697,-0.03874246443726578,-0.04452250711607445,-0.032962421758457115
claude_ai,TR,success_rate,GLOBAL,6124.0,9170.0,0.6678298800436205,693261.0,990830.0,0.6996770384425179,-0.0318471583988974,-0.04152948995159194,-0.022164826846202863
claude_ai,TR,work_share,GLOBAL,4165.0,9164.0,0.4544958533391532,448178.0,990538.0,0.45245916865380226,0.0020366846853509535,-0.008205101626816196,0.012278470997518103
claude_ai,TR-06,automation_share,TR,570.0,1271.0,0.44846577498033047,3572.0,7577.0,0.47142668602349214,-0.02296091104316167,-0.05252332766331289,0.006601505576989554
claude_ai,TR-06,coursework_share,TR,143.0,1317.0,0.10858010630220197,646.0,7847.0,0.08232445520581114,0.02625565109639083,0.008386226744278486,0.04412507544850318
claude_ai,TR-06,success_rate,TR,891.0,1317.0,0.6765375854214123,5233.0,7853.0,0.6663695403030689,0.01016804511834335,-0.017164763589615026,0.03750085382630172
claude_ai,TR-06,work_share,TR,622.0,1317.0,0.47228549734244496,3543.0,7847.0,0.4515101312603543,0.020775366082090685,-0.008349061080849134,0.04989979324503051
claude_ai,TR-07,automation_share,TR,149.0,313.0,0.476038338658147,3993.0,8535.0,0.4678383128295255,0.008200025828621504,-0.04813276192032259,0.0645328135775656
claude_ai,TR-07,coursework_share,TR,17.0,328.0,0.051829268292682924,772.0,8836.0,0.08736985061113627,-0.03554058231845334,-0.06024359986995036,-0.01083756476695633
claude_ai,TR-07,success_rate,TR,197.0,328.0,0.600609756097561,5927.0,8842.0,0.6703234562316218,-0.06971370013406086,-0.12361646495378331,-0.015810935314338408
claude_ai,TR-07,work_share,TR,155.0,328.0,0.4725609756097561,4010.0,8836.0,0.45382526029877773,0.01873571531097834,-0.0362824218303352,0.07375385245229188
claude_ai,TR-16,automation_share,TR,176.0,329.0,0.5349544072948328,3966.0,8519.0,0.46554759948350743,0.06940680781132536,0.014478824712429249,0.12433479091022145
claude_ai,TR-16,coursework_share,TR,21.0,352.0,0.05965909090909091,768.0,8812.0,0.08715388107126645,-0.027494790162175542,-0.05292974947327405,-0.002059830851077034
claude_ai,TR-16,success_rate,TR,224.0,353.0,0.6345609065155807,5900.0,8817.0,0.6691618464330271,-0.034600939917446394,-0.08578773885599146,0.016585859021098673
claude_ai,TR-16,work_share,TR,154.0,352.0,0.4375,4011.0,8812.0,0.45517476168860643,-0.017674761688606433,-0.0705320174411117,0.03518249406389883
claude_ai,TR-34,automation_share,TR,1927.0,4163.0,0.46288734085995675,2215.0,4685.0,0.4727854855923159,-0.009898144732359171,-0.030726379551173046,0.010930090086454704
claude_ai,TR-34,coursework_share,TR,308.0,4314.0,0.07139545665275845,481.0,4850.0,0.09917525773195876,-0.027779801079200306,-0.039172891530394535,-0.016386710628006076
claude_ai,TR-34,success_rate,TR,2921.0,4317.0,0.6766272874681492,3203.0,4853.0,0.6600041211621678,0.016623166305981374,-0.002672947747973227,0.035919280359935975
claude_ai,TR-34,work_share,TR,2046.0,4314.0,0.47426981919332406,2119.0,4850.0,0.4369072164948454,0.037362602698478686,0.01694442341522144,0.05778078198173593
claude_ai,TR-35,automation_share,TR,317.0,654.0,0.4847094801223242,3825.0,8194.0,0.46680497925311204,0.017904500869212137,-0.02189272629889511,0.057701728037319384
claude_ai,TR-35,coursework_share,TR,57.0,674.0,0.08456973293768547,732.0,8490.0,0.0862190812720848,-0.0016493483343993365,-0.02348755087417698,0.020188854205378307
claude_ai,TR-35,success_rate,TR,446.0,675.0,0.6607407407407407,5678.0,8495.0,0.6683931724543849,-0.007652431713644159,-0.04474687759739861,0.02944201417011029
claude_ai,TR-35,work_share,TR,284.0,674.0,0.42136498516320475,3881.0,8490.0,0.4571260306242638,-0.03576104546105907,-0.07451632211152928,0.0029942311894111395
claude_ai,TW,automation_share,GLOBAL,2302.0,5649.0,0.4075057532306603,439267.0,963861.0,0.4557368749228364,-0.04823112169217608,-0.061083477185842075,-0.03537876619851009
claude_ai,TW,coursework_share,GLOBAL,545.0,5928.0,0.09193657219973009,123903.0,993774.0,0.1246792530293608,-0.03274268082963071,-0.040126668176214374,-0.02535869348304704
claude_ai,TW,success_rate,GLOBAL,4255.0,5930.0,0.7175379426644182,695130.0,994070.0,0.6992767108956109,0.01826123176880723,0.006767234513892379,0.02975522902372208
claude_ai,TW,work_share,GLOBAL,2770.0,5928.0,0.4672739541160594,449573.0,993774.0,0.4523895775095746,0.014884376606484784,0.002145679647698382,0.027623073565271185
claude_ai,TW-CHA,automation_share,TW,152.0,360.0,0.4222222222222222,2150.0,5289.0,0.4065040650406504,0.015718157181571824,-0.03699293548096918,0.06842924984411283
claude_ai,TW-CHA,coursework_share,TW,56.0,378.0,0.14814814814814814,489.0,5550.0,0.08810810810810811,0.06004004004004003,0.023458870311225788,0.09662120976885427
claude_ai,TW-CHA,success_rate,TW,271.0,378.0,0.716931216931217,3984.0,5552.0,0.7175792507204611,-0.0006480337892441623,-0.04758103402130757,0.04628496644281924
claude_ai,TW-CHA,work_share,TW,171.0,378.0,0.4523809523809524,2599.0,5550.0,0.4682882882882883,-0.015907335907335896,-0.06777297423658522,0.03595830242191343
claude_ai,TW-KHH,automation_share,TW,150.0,392.0,0.3826530612244898,2152.0,5257.0,0.4093589499714666,-0.026705888746976825,-0.07662319033424968,0.023211412840296028
claude_ai,TW-KHH,coursework_share,TW,48.0,410.0,0.11707317073170732,497.0,5518.0,0.09006886553098949,0.027004305200717837,-0.005020397873933297,0.05902900827536897
claude_ai,TW-KHH,success_rate,TW,307.0,410.0,0.748780487804878,3948.0,5520.0,0.7152173913043478,0.03356309650053024,-0.01007494995010038,0.07720114295116087
claude_ai,TW-KHH,work_share,TW,168.0,410.0,0.4097560975609756,2602.0,5518.0,0.471547662196448,-0.06179156463547242,-0.11118404444552801,-0.012399084825416823
claude_ai,TW-NWT,automation_share,TW,334.0,758.0,0.44063324538258575,1968.0,4891.0,0.40237170312819465,0.0382615422543911,0.00034016468540972594,0.07618291982337247
claude_ai,TW-NWT,coursework_share,TW,65.0,833.0,0.07803121248499399,480.0,5095.0,0.09421000981354269,-0.016178797328548697,-0.03608163264772812,0.0037240379906307228
claude_ai,TW-NWT,success_rate,TW,583.0,833.0,0.6998799519807923,3672.0,5097.0,0.7204237786933491,-0.020543826712556723,-0.05401765038316098,0.012929996958047536
claude_ai,TW-NWT,work_share,TW,347.0,833.0,0.41656662665066024,2423.0,5095.0,0.4755642787046124,-0.05899765205395213,-0.09517618723343085,-0.022819116874473418
claude_ai,TW-TAO,automation_share,TW,175.0,473.0,0.3699788583509514,2127.0,5176.0,0.41093508500772796,-0.04095622665677656,-0.08648426743257165,0.004571814119018525
claude_ai,TW-TAO,coursework_share,TW,44.0,500.0,0.088,501.0,5428.0,0.09229918938835667,-0.004299189388356675,-0.0302975969312725,0.02169921815455915
claude_ai,TW-TAO,success_rate,TW,343.0,500.0,0.686,3912.0,5430.0,0.7204419889502762,-0.03444198895027617,-0.07683870635886864,0.007954728458316289
claude_ai,TW-TAO,work_share,TW,236.0,500.0,0.472,2534.0,5428.0,0.46683861459100956,0.005161385408990415,-0.0405653300009815,0.050888100818962334
claude_ai,TW-TNN,automation_share,TW,104.0,234.0,0.4444444444444444,2198.0,5415.0,0.4059095106186519,0.03853493382579254,-0.02646261990188624,0.10353248755347132
claude_ai,TW-TNN,coursework_share,TW,39.0,246.0,0.15853658536585366,506.0,5682.0,0.08905315029919042,0.06948343506666324,0.02324385370287123,0.11572301643045525
claude_ai,TW-TNN,success_rate,TW,170.0,246.0,0.6910569105691057,4085.0,5684.0,0.7186840253342717,-0.027627114765165994,-0.0865395300476423,0.03128530051731031
claude_ai,TW-TNN,work_share,TW,99.0,246.0,0.4024390243902439,2671.0,5682.0,0.4700809574093629,-0.06764193301911897,-0.13028255090555654,-0.0050013151326814
claude_ai,TW-TPE,automation_share,TW,916.0,2305.0,0.39739696312364425,1386.0,3344.0,0.4144736842105263,-0.017076721086882074,-0.04311346138217262,0.008960019208408474
claude_ai,TW-TPE,coursework_share,TW,182.0,2388.0,0.076214405360134,363.0,3540.0,0.10254237288135593,-0.02632796752122192,-0.04092695533999033,-0.011728979702453516
claude_ai,TW-TPE,success_rate,TW,1743.0,2388.0,0.7298994974874372,2512.0,3542.0,0.7092038396386222,0.020695657848814997,-0.0025600763181797444,0.043951392015809734
claude_ai,TW-TPE,work_share,TW,1217.0,2388.0,0.5096314907872697,1553.0,3540.0,0.4387005649717514,0.07093092581551824,0.04506105927266263,0.09680079235837385
claude_ai,TW-TXG,automation_share,TW,317.0,741.0,0.42780026990553305,1985.0,4908.0,0.40444172779136106,0.023358542114171987,-0.014819915089862197,0.06153699931820617
claude_ai,TW-TXG,coursework_share,TW,71.0,773.0,0.09184993531694696,474.0,5155.0,0.09194956353055286,-9.962821360590124e-05,-0.021934564328488587,0.021735307901276785
claude_ai,TW-TXG,success_rate,TW,557.0,774.0,0.7196382428940569,3698.0,5156.0,0.71722265321955,0.002415589674506835,-0.03153295641303032,0.03636413576204399
claude_ai,TW-TXG,work_share,TW,344.0,773.0,0.445019404915912,2426.0,5155.0,0.47061105722599417,-0.025591652310082147,-0.06318247788069083,0.011999173260526533
claude_ai,TZ,automation_share,GLOBAL,243.0,465.0,0.5225806451612903,441326.0,969045.0,0.4554236387371072,0.06715700642418315,0.021746136320927187,0.11256787652743912
claude_ai,TZ,coursework_share,GLOBAL,158.0,492.0,0.32113821138211385,124290.0,999210.0,0.12438826673071726,0.19674994465139659,0.15548667816877204,0.23801321113402113
claude_ai,TZ,success_rate,GLOBAL,327.0,492.0,0.6646341463414634,699058.0,999508.0,0.6994021058360713,-0.03476795949460787,-0.07649571852338513,0.006959799534169399
claude_ai,TZ,work_share,GLOBAL,201.0,492.0,0.40853658536585363,452142.0,999210.0,0.45249947458492207,-0.043962889219068435,-0.08741016363122428,-0.0005156148069125899
claude_ai,UA,automation_share,GLOBAL,2396.0,5341.0,0.4486051301254447,439173.0,964169.0,0.4554937982864,-0.006888668160955347,-0.02026419879038052,0.006486862468469825
claude_ai,UA,coursework_share,GLOBAL,957.0,5499.0,0.1740316421167485,123491.0,994203.0,0.1242110514653446,0.04982059065140389,0.03977866365193526,0.05986251765087251
claude_ai,UA,success_rate,GLOBAL,4076.0,5501.0,0.7409561897836757,695309.0,994499.0,0.6991550519407259,0.04180113784294981,0.030188512579172384,0.053413763106727234
claude_ai,UA,work_share,GLOBAL,2221.0,5499.0,0.4038916166575741,450122.0,994203.0,0.452746571877172,-0.04885495521959787,-0.06186089491415573,-0.035849015525040016
claude_ai,UA-05,automation_share,UA,114.0,238.0,0.4789915966386555,2282.0,5103.0,0.44718792866941015,0.03180366796924533,-0.03311376804976171,0.09672110398825237
claude_ai,UA-05,coursework_share,UA,62.0,252.0,0.24603174603174602,895.0,5247.0,0.17057366113969888,0.07545808489204714,0.02131540363013292,0.12960076615396135
claude_ai,UA-05,success_rate,UA,189.0,252.0,0.75,3887.0,5249.0,0.7405220041912746,0.009477995808725437,-0.04528478415292,0.06424077577037088
claude_ai,UA-05,work_share,UA,74.0,252.0,0.29365079365079366,2147.0,5247.0,0.40918620163903185,-0.11553540798823819,-0.17331951054185557,-0.0577513054346208
claude_ai,UA-12,automation_share,UA,196.0,462.0,0.42424242424242425,2200.0,4879.0,0.45091207214593154,-0.026669647903507288,-0.07385027755453588,0.020510981747521313
claude_ai,UA-12,coursework_share,UA,108.0,475.0,0.22736842105263158,849.0,5024.0,0.1689888535031847,0.05837956754944687,0.019288106304540163,0.09747102879435357
claude_ai,UA-12,success_rate,UA,367.0,475.0,0.7726315789473684,3709.0,5026.0,0.7379625945085555,0.034668984438812944,-0.004936138034116966,0.07427410691174285
claude_ai,UA-12,work_share,UA,139.0,475.0,0.2926315789473684,2082.0,5024.0,0.4144108280254777,-0.12177924907810928,-0.16490321427639892,-0.07865528387981963
claude_ai,UA-30,automation_share,UA,658.0,1486.0,0.4427994616419919,1738.0,3855.0,0.4508430609597925,-0.008043599317800576,-0.03778520784934139,0.02169800921374024
claude_ai,UA-30,coursework_share,UA,227.0,1527.0,0.14865749836280287,730.0,3972.0,0.1837865055387714,-0.035129007175968535,-0.05665754157791966,-0.013600472774017405
claude_ai,UA-30,success_rate,UA,1171.0,1527.0,0.7668631303208906,2905.0,3974.0,0.7310015098137896,0.035861620507100955,0.010565991650734421,0.06115724936346749
claude_ai,UA-30,work_share,UA,653.0,1527.0,0.42763588736083824,1568.0,3972.0,0.3947633434038268,0.032872543957011446,0.003771805778211911,0.06197328213581098
claude_ai,UA-32,automation_share,UA,223.0,481.0,0.46361746361746364,2173.0,4860.0,0.447119341563786,0.016498122053677622,-0.030208456421195316,0.06320470052855057
claude_ai,UA-32,coursework_share,UA,86.0,501.0,0.17165668662674652,871.0,4998.0,0.17426970788315327,-0.00261302125640675,-0.037267084017443546,0.032041041504630045
claude_ai,UA-32,success_rate,UA,363.0,501.0,0.7245508982035929,3713.0,5000.0,0.7426,-0.018049101796407174,-0.05900260282619633,0.02290439923338198
claude_ai,UA-32,work_share,UA,215.0,501.0,0.4291417165668663,2006.0,4998.0,0.4013605442176871,0.027781172349179206,-0.017640681774658218,0.07320302647301663
claude_ai,UA-46,automation_share,UA,369.0,880.0,0.4193181818181818,2027.0,4461.0,0.45438242546514235,-0.035064243646960536,-0.07079157901506378,0.0006630917211427126
claude_ai,UA-46,coursework_share,UA,149.0,911.0,0.16355653128430298,808.0,4588.0,0.17611159546643418,-0.012555064182131204,-0.03898210019696331,0.013871971832700902
claude_ai,UA-46,success_rate,UA,676.0,913.0,0.7404162102957283,3400.0,4588.0,0.7410636442894507,-0.0006474339937223572,-0.0317823776015823,0.03048750961413758
claude_ai,UA-46,work_share,UA,386.0,911.0,0.42371020856201974,1835.0,4588.0,0.39995640802092414,0.023753800541095604,-0.011326556037633051,0.05883415711982426
claude_ai,UA-51,automation_share,UA,159.0,334.0,0.47604790419161674,2237.0,5007.0,0.4467745156780507,0.029273388513566034,-0.02603021336773572,0.0845769903948678
claude_ai,UA-51,coursework_share,UA,49.0,347.0,0.14121037463976946,908.0,5152.0,0.17624223602484473,-0.035031861385075275,-0.07312151553093982,0.0030577927607892755
claude_ai,UA-51,success_rate,UA,244.0,347.0,0.7031700288184438,3832.0,5154.0,0.743500194024059,-0.040330165205615165,-0.08985677151162645,0.009196441100396122
claude_ai,UA-51,work_share,UA,143.0,347.0,0.41210374639769454,2078.0,5152.0,0.4033385093167702,0.00876523708092436,-0.04472904726155544,0.06225952142340416
claude_ai,UA-63,automation_share,UA,97.0,201.0,0.48258706467661694,2299.0,5140.0,0.4472762645914397,0.03531080008517723,-0.035095769325404466,0.10571736949575893
claude_ai,UA-63,coursework_share,UA,35.0,215.0,0.16279069767441862,922.0,5284.0,0.1744890234670704,-0.011698325792651787,-0.06209611923716227,0.03869946765185869
claude_ai,UA-63,success_rate,UA,160.0,215.0,0.7441860465116279,3916.0,5286.0,0.7408248202799849,0.003361226231643033,-0.05614598873691514,0.06286844120020121
claude_ai,UA-63,work_share,UA,90.0,215.0,0.4186046511627907,2131.0,5284.0,0.40329295987887964,0.015311691283911077,-0.05194568869295804,0.0825690712607802
claude_ai,UG,automation_share,GLOBAL,232.0,455.0,0.5098901098901099,441337.0,969055.0,0.45543029033439797,0.054459819555711886,0.00851499861708662,0.10040464049433714
claude_ai,UG,coursework_share,GLOBAL,80.0,480.0,0.16666666666666666,124368.0,999222.0,0.12446483364057237,0.04220183302609429,0.008855273503382187,0.07554839254880638
claude_ai,UG,success_rate,GLOBAL,313.0,480.0,0.6520833333333333,699072.0,999520.0,0.6994077157035377,-0.04732438237020431,-0.08994514662832098,-0.0047036181120876305
claude_ai,UG,work_share,GLOBAL,235.0,480.0,0.4895833333333333,452108.0,999222.0,0.45246001389080703,0.03712331944252628,-0.00760829549469412,0.08185493437974668
claude_ai,US,automation_share,GLOBAL,89322.0,215650.0,0.4141989334569905,352247.0,753860.0,0.467257846284456,-0.0530589128274655,-0.05542341748802138,-0.050694408166909614
claude_ai,US,coursework_share,GLOBAL,27844.0,222304.0,0.1252519072981143,96604.0,777398.0,0.12426582008186284,0.0009860872162514717,-0.0005731180145107885,0.002545292447013732
claude_ai,US,success_rate,GLOBAL,160445.0,222372.0,0.7215161980824925,538940.0,777628.0,0.6930563199884778,0.028459878094014623,0.026333354601982707,0.03058640158604654
claude_ai,US,work_share,GLOBAL,89872.0,222304.0,0.4042752267165683,362471.0,777398.0,0.4662618118389808,-0.06198658512241251,-0.06430857568437778,-0.05966459456044723
claude_ai,US-AK,automation_share,US,114.0,236.0,0.4830508474576271,89208.0,215414.0,0.41412350172226503,0.06892734573536208,0.005137517659538154,0.132717173811186
claude_ai,US-AK,coursework_share,US,21.0,241.0,0.08713692946058091,27823.0,222063.0,0.12529327262983928,-0.03815634316925837,-0.07379127638120331,-0.0025214099573134183
claude_ai,US-AK,success_rate,US,170.0,241.0,0.7053941908713693,160275.0,222131.0,0.7215336895795724,-0.01613949870820308,-0.07372482136350376,0.0414458239470976
claude_ai,US-AK,work_share,US,87.0,241.0,0.36099585062240663,89785.0,222063.0,0.4043221968540459,-0.04332634623163928,-0.10399947732592195,0.01734678486264339
claude_ai,US-AL,automation_share,US,733.0,1581.0,0.46363061353573687,88589.0,214069.0,0.4138338573076905,0.04979675622804636,0.025126880905196672,0.07446663155089604
claude_ai,US-AL,coursework_share,US,231.0,1632.0,0.14154411764705882,27613.0,220672.0,0.12513141676334108,0.01641270088371774,-0.0005557798132663182,0.0333811815807018
claude_ai,US-AL,success_rate,US,1157.0,1633.0,0.7085119412124924,159288.0,220739.0,0.7216124019769955,-0.013100460764503108,-0.03522141987613134,0.009020498347125126
claude_ai,US-AL,work_share,US,594.0,1632.0,0.3639705882352941,89278.0,220672.0,0.40457330336426917,-0.040602715128975064,-0.06403596199230852,-0.017169468265641617
claude_ai,US-AR,automation_share,US,360.0,781.0,0.46094750320102434,88962.0,214869.0,0.41402901302654177,0.046918490174482574,0.011896477378253938,0.0819405029707112
claude_ai,US-AR,coursework_share,US,92.0,809.0,0.11372064276885044,27752.0,221495.0,0.12529402469581707,-0.011573381926966636,-0.03349373259944671,0.01034696874551344
claude_ai,US-AR,success_rate,US,544.0,809.0,0.6724351050679852,159901.0,221563.0,0.7216954094320802,-0.04926030436409501,-0.08165526560343295,-0.016865343124757064
claude_ai,US-AR,work_share,US,316.0,809.0,0.39060568603213847,89556.0,221495.0,0.40432515406668323,-0.013719468034544768,-0.04740173432160758,0.019962798252518045
claude_ai,US-AZ,automation_share,US,1739.0,4056.0,0.4287475345167653,87583.0,211594.0,0.4139200544438878,0.014827480072877486,-0.0005472008841666091,0.03020216102992158
claude_ai,US-AZ,coursework_share,US,546.0,4201.0,0.1299690549869079,27298.0,218103.0,0.12516104776183729,0.004808007225070604,-0.005455123833719768,0.015071138283860976
claude_ai,US-AZ,success_rate,US,3008.0,4205.0,0.7153388822829965,157437.0,218167.0,0.7216352610614805,-0.006296378778483991,-0.02006476674592842,0.007472009188960441
claude_ai,US-AZ,work_share,US,1642.0,4201.0,0.39085931920971195,88230.0,218103.0,0.4045336377766468,-0.013674318566934851,-0.028572724536159548,0.0012240874022898477
claude_ai,US-CA,automation_share,US,15474.0,39687.0,0.38990097513039534,73848.0,175963.0,0.4196791370913203,-0.029778161960924976,-0.0351019876402518,-0.024454336281598155
claude_ai,US-CA,coursework_share,US,4714.0,41028.0,0.11489714341425368,23130.0,181276.0,0.1275954897504358,-0.012698346336182123,-0.016145247681741654,-0.009251444990622592
claude_ai,US-CA,success_rate,US,29642.0,41038.0,0.7223061552707247,130803.0,181334.0,0.7213374215535973,0.0009687337171274679,-0.003830733612290518,0.005768201046545454
claude_ai,US-CA,work_share,US,16609.0,41028.0,0.40482109778687725,73263.0,181276.0,0.4041516803106865,0.000669417476190759,-0.0045901913290814595,0.0059290262814629775
claude_ai,US-CO,automation_share,US,2378.0,5843.0,0.40698271435906214,86944.0,209807.0,0.4143999008612677,-0.007417186502205575,-0.020189125196928885,0.0053547521925177335
claude_ai,US-CO,coursework_share,US,515.0,6007.0,0.08573331113700683,27329.0,216297.0,0.12634941769881228,-0.04061610656180545,-0.047833317721431,-0.0333988954021799
claude_ai,US-CO,success_rate,US,4312.0,6009.0,0.7175902812447995,156133.0,216363.0,0.7216252316708495,-0.004034950426049955,-0.01557294409358183,0.0075030432414819204
claude_ai,US-CO,work_share,US,2585.0,6007.0,0.4303312801731313,87287.0,216297.0,0.4035515980341845,0.026779682138946825,0.01408909292654254,0.03947027135135111
claude_ai,US-CT,automation_share,US,1017.0,2441.0,0.4166325276526014,88305.0,213209.0,0.41417107157765387,0.002461456074947521,-0.01720778603861622,0.022130698188511263
claude_ai,US-CT,coursework_share,US,390.0,2498.0,0.15612489991993594,27454.0,219806.0,0.12490104910693976,0.03122385081299618,0.01692264259623634,0.045525059029756024
claude_ai,US-CT,success_rate,US,1761.0,2501.0,0.7041183526589364,158684.0,219871.0,0.7217140959926502,-0.01759574333371383,-0.03558235231608317,0.0003908656486555119
claude_ai,US-CT,work_share,US,942.0,2498.0,0.37710168134507605,88930.0,219806.0,0.40458404229183914,-0.027482360946763096,-0.0465991017080156,-0.00836562018551059
claude_ai,US-DC,automation_share,US,807.0,2133.0,0.37834036568213786,88515.0,213517.0,0.4145571546996258,-0.03621678901748793,-0.05690416002201955,-0.015529418012956302
claude_ai,US-DC,coursework_share,US,356.0,2183.0,0.163078332569858,27488.0,220121.0,0.12487677232067818,0.03820156024917981,0.022642360927196625,0.053760759571163
claude_ai,US-DC,success_rate,US,1642.0,2184.0,0.7518315018315018,158803.0,220188.0,0.7212155067487783,0.0306159950827235,0.012403390938982788,0.048828599226464216
claude_ai,US-DC,work_share,US,992.0,2183.0,0.45442052221713236,88880.0,220121.0,0.40377792214282143,0.05064260007431093,0.029654732709992318,0.07163046743862954
claude_ai,US-DE,automation_share,US,230.0,523.0,0.4397705544933078,89092.0,215127.0,0.41413676572443253,0.025633788768875287,-0.01695747552167224,0.06822505305942281
claude_ai,US-DE,coursework_share,US,57.0,535.0,0.10654205607476636,27787.0,221769.0,0.12529704331985084,-0.01875498724508448,-0.044935555691826605,0.0074255812016576425
claude_ai,US-DE,success_rate,US,384.0,535.0,0.7177570093457943,160061.0,221837.0,0.7215252640452224,-0.0037682546994280974,-0.041953736496050276,0.03441722709719408
claude_ai,US-DE,work_share,US,202.0,535.0,0.3775700934579439,89670.0,221769.0,0.4043396507176386,-0.02676955725969471,-0.06789962276533541,0.014360508245945994
claude_ai,US-FL,automation_share,US,5732.0,13090.0,0.43789152024446143,83590.0,202560.0,0.4126678515007899,0.025223668743671546,0.016458192348789993,0.0339891451385531
claude_ai,US-FL,coursework_share,US,1341.0,13503.0,0.09931126416351922,26503.0,208801.0,0.12692946872859803,-0.02761820456507881,-0.032861005739118224,-0.022375403391039397
claude_ai,US-FL,success_rate,US,9483.0,13505.0,0.7021843761569789,150962.0,208867.0,0.7227661621989113,-0.020581786041932393,-0.028529843048332358,-0.01263372903553243
claude_ai,US-FL,work_share,US,5850.0,13503.0,0.43323705843145965,84022.0,208801.0,0.4024022873453671,0.03083477108609256,0.02221611795791239,0.03945342421427273
claude_ai,US-GA,automation_share,US,2986.0,6974.0,0.4281617436191569,86336.0,208676.0,0.4137322931242692,0.014429450494887697,0.0026254649508652885,0.026233436038910103
claude_ai,US-GA,coursework_share,US,992.0,7182.0,0.13812308549150654,26852.0,215122.0,0.12482219391786986,0.013300891573636675,0.005199831351008764,0.021401951796264584
claude_ai,US-GA,success_rate,US,5169.0,7183.0,0.7196157594319922,155276.0,215189.0,0.7215796346467523,-0.001963875214760158,-0.012523054529838207,0.008595304100317891
claude_ai,US-GA,work_share,US,2990.0,7182.0,0.41631857421331103,86882.0,215122.0,0.4038731510491721,0.012445423164138936,0.0008576279564838432,0.024033218371794028
claude_ai,US-HI,automation_share,US,332.0,849.0,0.3910482921083628,88990.0,214801.0,0.4142904362642632,-0.023242144155900424,-0.056133492189505654,0.009649203877704807
claude_ai,US-HI,coursework_share,US,85.0,912.0,0.09320175438596491,27759.0,221392.0,0.12538393437883935,-0.03218217999287444,-0.05110054579672599,-0.01326381418902289
claude_ai,US-HI,success_rate,US,637.0,913.0,0.6976998904709748,159808.0,221459.0,0.7216143846039221,-0.023914494132947328,-0.05376317579928255,0.005934187533387893
claude_ai,US-HI,work_share,US,338.0,912.0,0.3706140350877193,89534.0,221392.0,0.4044138902941389,-0.03379985520641959,-0.0652121616603306,-0.0023875487525085864
claude_ai,US-IA,automation_share,US,428.0,957.0,0.44723092998955066,88894.0,214693.0,0.4140516924166135,0.03317923757293717,0.0016084269784270092,0.06475004816744734
claude_ai,US-IA,coursework_share,US,146.0,977.0,0.14943705220061412,27698.0,221327.0,0.12514514722559833,0.024291904975015793,0.0018935946728047374,0.046690215277226846
claude_ai,US-IA,success_rate,US,710.0,977.0,0.7267144319344934,159735.0,221395.0,0.7214932586553445,0.0052211732791488386,-0.022785815611169064,0.03322816216946674
claude_ai,US-IA,work_share,US,370.0,977.0,0.37871033776867963,89502.0,221327.0,0.4043880773696838,-0.025677739601004168,-0.056162898445249826,0.00480741924324149
claude_ai,US-ID,automation_share,US,338.0,853.0,0.3962485345838218,88984.0,214797.0,0.41427021792669355,-0.01802168334287174,-0.050911948477409506,0.014868581791666023
claude_ai,US-ID,coursework_share,US,106.0,877.0,0.12086659064994298,27738.0,221427.0,0.12526927610454008,-0.0044026854545970995,-0.026021003909326944,0.017215633000132746
claude_ai,US-ID,success_rate,US,627.0,877.0,0.7149372862029647,159818.0,221495.0,0.7215422470033184,-0.006604960800353665,-0.036541833386661365,0.02333191178595404
claude_ai,US-ID,work_share,US,357.0,877.0,0.4070695553021665,89515.0,221427.0,0.4042641592940337,0.0028053960081327878,-0.02977444294464046,0.03538523496090604
claude_ai,US-IL,automation_share,US,3216.0,7964.0,0.4038171772978403,86106.0,207686.0,0.4145970359099795,-0.010779858612139204,-0.02176255259702245,0.00020283537274404066
claude_ai,US-IL,coursework_share,US,1166.0,8192.0,0.142333984375,26678.0,214112.0,0.1245983410551487,0.017735643319851294,0.01004126168778914,0.025430024951913446
claude_ai,US-IL,success_rate,US,6023.0,8193.0,0.7351397534480654,154422.0,214179.0,0.7209950555376577,0.014144697910407622,0.00440277949207475,0.023886616328740493
claude_ai,US-IL,work_share,US,3260.0,8192.0,0.39794921875,86612.0,214112.0,0.4045172619937229,-0.006568043243722899,-0.01736963980797484,0.0042335533205290436
claude_ai,US-IN,automation_share,US,1255.0,2886.0,0.43485793485793484,88067.0,212764.0,0.41391870805211406,0.020939226805820776,0.0027317973503320596,0.03914665626130949
claude_ai,US-IN,coursework_share,US,591.0,2961.0,0.19959473150962512,27253.0,219343.0,0.12424832340216009,0.07534640810746503,0.060883560613850585,0.08980925560107947
claude_ai,US-IN,success_rate,US,2141.0,2961.0,0.7230665315771698,158304.0,219411.0,0.7214952759888975,0.0015712555882723134,-0.014655610753883802,0.01779812193042843
claude_ai,US-IN,work_share,US,1070.0,2961.0,0.3613644039175954,88802.0,219343.0,0.4048544972941922,-0.04349009337659682,-0.0609151921226595,-0.026064994630534133
claude_ai,US-KS,automation_share,US,510.0,1185.0,0.43037974683544306,88812.0,214465.0,0.4141095283612711,0.016270218474171982,-0.011998083541489384,0.04453852048983335
claude_ai,US-KS,coursework_share,US,140.0,1219.0,0.11484823625922888,27704.0,221085.0,0.12530927019019833,-0.010461033930969449,-0.028413013135046773,0.0074909452731078754
claude_ai,US-KS,success_rate,US,877.0,1219.0,0.7194421657095981,159568.0,221153.0,0.7215276301926721,-0.0020854644830740066,-0.02737562423544617,0.023204695269298158
claude_ai,US-KS,work_share,US,482.0,1219.0,0.39540607054963084,89390.0,221085.0,0.4043241287287695,-0.008918058179138655,-0.03644200254446502,0.018605886186187713
claude_ai,US-KY,automation_share,US,569.0,1218.0,0.4671592775041051,88753.0,214432.0,0.4138981122220564,0.05326116528204866,0.02516401086991929,0.08135831969417803
claude_ai,US-KY,coursework_share,US,147.0,1258.0,0.11685214626391097,27697.0,221046.0,0.12529971137229354,-0.008447565108382571,-0.026253276613547375,0.009358146396782233
claude_ai,US-KY,success_rate,US,857.0,1258.0,0.6812400635930048,159588.0,221114.0,0.721745344030681,-0.040505280437676205,-0.0663241532053856,-0.014686407669966817
claude_ai,US-KY,work_share,US,484.0,1258.0,0.3847376788553259,89388.0,221046.0,0.4043864173068049,-0.01964873845147902,-0.046612599930632916,0.007315123027674876
claude_ai,US-LA,automation_share,US,589.0,1344.0,0.4382440476190476,88733.0,214306.0,0.4140481367763852,0.024195910842662427,-0.0024129455810374713,0.05080476726636232
claude_ai,US-LA,coursework_share,US,169.0,1388.0,0.12175792507204611,27675.0,220916.0,0.12527385974759636,-0.003515934675550253,-0.020774738567122475,0.013742869216021969
claude_ai,US-LA,success_rate,US,1000.0,1388.0,0.7204610951008645,159445.0,220984.0,0.7215228251819136,-0.0010617300810490393,-0.024745138948776887,0.022621678786678808
claude_ai,US-LA,work_share,US,566.0,1388.0,0.40778097982708933,89306.0,220916.0,0.4042532003114306,0.0035277795156587466,-0.022406388897824467,0.02946194792914196
claude_ai,US-MA,automation_share,US,2914.0,7483.0,0.38941600962180944,86408.0,208167.0,0.41508980770246967,-0.025673798080660226,-0.03692310048987517,-0.014424495671445286
claude_ai,US-MA,coursework_share,US,1377.0,7675.0,0.17941368078175896,26467.0,214629.0,0.12331511585107324,0.05609856493068571,0.04740225162329588,0.06479487823807555
claude_ai,US-MA,success_rate,US,5578.0,7681.0,0.7262075250618409,154867.0,214691.0,0.7213483564751201,0.004859168586720863,-0.005291706180414631,0.015010043353856358
claude_ai,US-MA,work_share,US,3000.0,7675.0,0.39087947882736157,86872.0,214629.0,0.4047542503575938,-0.013874771530232255,-0.024987191172124244,-0.0027623518883402674
claude_ai,US-MD,automation_share,US,1764.0,4252.0,0.41486359360301034,87558.0,211398.0,0.414185564669486,0.0006780289335243661,-0.014279605533092408,0.01563566340014114
claude_ai,US-MD,coursework_share,US,523.0,4358.0,0.12000917852225791,27321.0,217946.0,0.1253567397428721,-0.00534756122061418,-0.015095674162559452,0.004400551721331091
claude_ai,US-MD,success_rate,US,3161.0,4358.0,0.7253327214318495,157284.0,218014.0,0.7214399075288743,0.003892813902975134,-0.009492222684046408,0.017277850489996676
claude_ai,US-MD,work_share,US,1777.0,4358.0,0.4077558513079394,88095.0,217946.0,0.40420562891725476,0.003550222390684643,-0.011184785330593831,0.01828523011196312
claude_ai,US-ME,automation_share,US,212.0,564.0,0.375886524822695,89110.0,215086.0,0.4142993965204616,-0.03841287169776658,-0.07844095982399912,0.0016152164284659598
claude_ai,US-ME,coursework_share,US,66.0,580.0,0.11379310344827587,27778.0,221724.0,0.1252818819793978,-0.01148877853112193,-0.0373699543020166,0.014392397239772741
claude_ai,US-ME,success_rate,US,420.0,581.0,0.7228915662650602,160025.0,221791.0,0.7215125951909681,0.001378971074092128,-0.03506278385389084,0.037820726002075096
claude_ai,US-ME,work_share,US,256.0,580.0,0.4413793103448276,89616.0,221724.0,0.4041781674514261,0.037201142893401484,-0.0032620969117392734,0.07766438269854224
claude_ai,US-MI,automation_share,US,1867.0,4340.0,0.43018433179723503,87455.0,211310.0,0.41387061662959634,0.016313715167638687,0.0014346707509203197,0.031192759584357056
claude_ai,US-MI,coursework_share,US,682.0,4463.0,0.15281200985883936,27162.0,217841.0,0.12468727190932836,0.028124737949510994,0.01747767674095109,0.0387717991580709
claude_ai,US-MI,success_rate,US,3204.0,4463.0,0.7179027559937262,157241.0,217909.0,0.7215902050856091,-0.0036874490918828995,-0.01702396690061318,0.00964906871684738
claude_ai,US-MI,work_share,US,1677.0,4463.0,0.3757562177907237,88195.0,217841.0,0.40485950762253203,-0.02910328983180832,-0.04346133410740285,-0.014745245556213796
claude_ai,US-MN,automation_share,US,1258.0,2925.0,0.4300854700854701,88064.0,212725.0,0.4139804912445646,0.016104978840905504,-0.00195888590476442,0.03416884358657543
claude_ai,US-MN,coursework_share,US,316.0,3030.0,0.1042904290429043,27528.0,219274.0,0.12554155987485976,-0.02125113083195547,-0.032221938721986504,-0.010280322941924437
claude_ai,US-MN,success_rate,US,2178.0,3031.0,0.7185747278126031,158267.0,219341.0,0.7215568452774447,-0.0029821174648415605,-0.019101245707240904,0.013137010777557783
claude_ai,US-MN,work_share,US,1197.0,3030.0,0.39504950495049507,88675.0,219274.0,0.40440271076370204,-0.009353205813206977,-0.026880857510204113,0.008174445883790158
claude_ai,US-MO,automation_share,US,1009.0,2481.0,0.40669085046352277,88313.0,213169.0,0.41428631742889444,-0.007595466965371667,-0.02703752334399661,0.011846589413253276
claude_ai,US-MO,coursework_share,US,331.0,2558.0,0.12939796716184518,27513.0,219746.0,0.1252036442074031,0.004194322954442081,-0.00888614136712849,0.01727478727601265
claude_ai,US-MO,success_rate,US,1828.0,2560.0,0.7140625,158617.0,219812.0,0.7216030062053027,-0.007540506205302666,-0.025144608614585125,0.010063596203979792
claude_ai,US-MO,work_share,US,1020.0,2558.0,0.39874902267396406,88852.0,219746.0,0.40433955566881763,-0.00559053299485357,-0.024676234918088815,0.013495168928381675
claude_ai,US-MS,automation_share,US,261.0,513.0,0.5087719298245614,89061.0,215137.0,0.4139734215871747,0.09479850823738672,0.051487071822970985,0.13810994465180246
claude_ai,US-MS,coursework_share,US,71.0,528.0,0.13446969696969696,27773.0,221776.0,0.12522996176322054,0.009239735206476418,-0.019892815714938852,0.03837228612789169
claude_ai,US-MS,success_rate,US,388.0,528.0,0.7348484848484849,160057.0,221844.0,0.7214844665620886,0.013364018286396218,-0.02433390379669744,0.051061940369489876
claude_ai,US-MS,work_share,US,214.0,528.0,0.4053030303030303,89658.0,221776.0,0.4042727797417214,0.0010302505613088986,-0.040896658257856724,0.04295715938047452
claude_ai,US-MT,automation_share,US,154.0,359.0,0.42896935933147634,89168.0,215291.0,0.41417430361696495,0.014795055714511396,-0.036445054871981825,0.06603516630100462
claude_ai,US-MT,coursework_share,US,28.0,373.0,0.07506702412868632,27816.0,221931.0,0.12533625315976588,-0.050269229031079554,-0.07704591737413753,-0.023492540688021576
claude_ai,US-MT,success_rate,US,274.0,373.0,0.7345844504021448,160171.0,221999.0,0.7214942409650494,0.01309020943709538,-0.031759682118550146,0.057940100992740905
claude_ai,US-MT,work_share,US,161.0,373.0,0.4316353887399464,89711.0,221931.0,0.40422924242219427,0.027406146317752123,-0.022901229623757534,0.07771352225926179
claude_ai,US-NC,automation_share,US,2804.0,6530.0,0.4294027565084227,86518.0,209120.0,0.4137241775057383,0.01567857900268438,0.0034884680032638837,0.027868690002104873
claude_ai,US-NC,coursework_share,US,908.0,6736.0,0.1347980997624703,26936.0,215568.0,0.12495361092555482,0.009844488836915494,0.001570296295114933,0.018118681378716056
claude_ai,US-NC,success_rate,US,4849.0,6739.0,0.7195429588959786,155596.0,215633.0,0.7215778660965622,-0.0020349072005835245,-0.012926039803154552,0.008856225401987503
claude_ai,US-NC,work_share,US,2713.0,6736.0,0.40276128266033256,87159.0,215568.0,0.4043225339568025,-0.0015612512964699454,-0.01345565289099444,0.010333150298054549
claude_ai,US-NE,automation_share,US,362.0,827.0,0.437726723095526,88960.0,214823.0,0.4141083589745977,0.023618364120928326,-0.010258333755421511,0.05749506199727816
claude_ai,US-NE,coursework_share,US,111.0,847.0,0.13105076741440377,27733.0,221457.0,0.12522972857033193,0.005821038844071841,-0.01694716805388671,0.02858924574203039
claude_ai,US-NE,success_rate,US,622.0,847.0,0.7343565525383707,159823.0,221525.0,0.7214671030357748,0.012889449502595962,-0.016914306193358066,0.042693205198549994
claude_ai,US-NE,work_share,US,316.0,847.0,0.3730814639905549,89556.0,221457.0,0.40439453257291486,-0.03131306858235994,-0.06394744635006033,0.001321309185340458
claude_ai,US-NH,automation_share,US,377.0,904.0,0.4170353982300885,88945.0,214746.0,0.41418699300569045,0.002848405224398054,-0.02936152603799274,0.03505833648678885
claude_ai,US-NH,coursework_share,US,111.0,925.0,0.12,27733.0,221379.0,0.12527385163001006,-0.005273851630010068,-0.02626115527773027,0.015713452017710135
claude_ai,US-NH,success_rate,US,663.0,925.0,0.7167567567567568,159782.0,221447.0,0.7215360786102318,-0.0047793218534750714,-0.03387622124535006,0.024317577538399915
claude_ai,US-NH,work_share,US,375.0,925.0,0.40540540540540543,89497.0,221379.0,0.40427050442905604,0.0011349009763493845,-0.03057136285718383,0.0328411648098826
claude_ai,US-NJ,automation_share,US,2431.0,5841.0,0.416195856873823,86891.0,209809.0,0.41414333989485674,0.0020525169789662456,-0.010763384958890228,0.01486841891682272
claude_ai,US-NJ,coursework_share,US,745.0,5997.0,0.12422878105719526,27099.0,216307.0,0.12528027294539706,-0.0010514918882018054,-0.009515505047392672,0.007412521270989061
claude_ai,US-NJ,success_rate,US,4330.0,5999.0,0.7217869644940823,156115.0,216373.0,0.721508691010431,0.00027827348365128124,-0.011217865650323573,0.011774412617626136
claude_ai,US-NJ,work_share,US,2461.0,5997.0,0.41037185259296316,87411.0,216307.0,0.4041062009088934,0.006265651684069784,-0.006354865177364895,0.018886168545504463
claude_ai,US-NM,automation_share,US,240.0,597.0,0.4020100502512563,89082.0,215053.0,0.4142327705263354,-0.012222720275079091,-0.051608722263781104,0.027163281713622922
claude_ai,US-NM,coursework_share,US,52.0,621.0,0.08373590982286634,27792.0,221683.0,0.1253682059517419,-0.04163229612887555,-0.06346181122707706,-0.019802781030674038
claude_ai,US-NM,success_rate,US,452.0,621.0,0.7278582930756844,159993.0,221751.0,0.7214984374365843,0.0063598556391001315,-0.028694924473562228,0.04141463575176249
claude_ai,US-NM,work_share,US,241.0,621.0,0.38808373590982287,89631.0,221683.0,0.4043205838968256,-0.016236847987002756,-0.054619505784292754,0.022145809810287242
claude_ai,US-NV,automation_share,US,766.0,1737.0,0.4409902130109384,88556.0,213913.0,0.413981384955566,0.027008828055372358,0.0035660707230035713,0.050451585387741145
claude_ai,US-NV,coursework_share,US,144.0,1792.0,0.08035714285714286,27700.0,220512.0,0.12561674648091714,-0.04525960362377428,-0.057922002889927965,-0.03259720435762059
claude_ai,US-NV,success_rate,US,1291.0,1792.0,0.7204241071428571,159154.0,220580.0,0.72152507026929,-0.00110096312643293,-0.021964301650806813,0.019762375397940953
claude_ai,US-NV,work_share,US,718.0,1792.0,0.40066964285714285,89154.0,220512.0,0.40430452764475405,-0.0036348847876112034,-0.026416059672471848,0.01914629009724944
claude_ai,US-NY,automation_share,US,7840.0,19966.0,0.3926675348091756,81482.0,195684.0,0.4163958218352037,-0.023728287026028083,-0.03084558200903793,-0.016610992043018236
claude_ai,US-NY,coursework_share,US,2369.0,20505.0,0.11553279687881005,25475.0,201799.0,0.1262394759141522,-0.010706679035342143,-0.01531581225976483,-0.006097545810919456
claude_ai,US-NY,success_rate,US,14949.0,20510.0,0.7288639687957094,145496.0,201862.0,0.7207696347009342,0.008094334094775113,0.001703296116173373,0.014485372073376853
claude_ai,US-NY,work_share,US,8667.0,20505.0,0.4226773957571324,81205.0,201799.0,0.40240536375304137,0.020272032004091056,0.013180127736962467,0.027363936271219646
claude_ai,US-OH,automation_share,US,2321.0,4905.0,0.473190621814475,87001.0,210745.0,0.4128259270682578,0.060364694746217196,0.04623472925572523,0.07449466023670917
claude_ai,US-OH,coursework_share,US,608.0,5039.0,0.12065886088509625,27236.0,217265.0,0.1253584332497181,-0.004699572364621846,-0.013800491845643281,0.0044013471163995895
claude_ai,US-OH,success_rate,US,3635.0,5044.0,0.7206582077716098,156810.0,217328.0,0.7215361113156151,-0.0008779035440052985,-0.013402792079227118,0.011646984991216521
claude_ai,US-OH,work_share,US,2130.0,5039.0,0.4227029172454852,87742.0,217265.0,0.4038478355924792,0.01885508165300598,0.005060327208061967,0.03264983609794999
claude_ai,US-OK,automation_share,US,586.0,1283.0,0.4567420109119252,88736.0,214367.0,0.4139443104582328,0.042797700453692356,0.015460865353904903,0.07013453555347982
claude_ai,US-OK,coursework_share,US,159.0,1338.0,0.11883408071748879,27685.0,220966.0,0.125290768715549,-0.00645668799806022,-0.02385067671315471,0.01093730071703427
claude_ai,US-OK,success_rate,US,959.0,1338.0,0.7167414050822123,159486.0,221034.0,0.7215451016585683,-0.004803696576356042,-0.0290194379416759,0.019412044788963814
claude_ai,US-OK,work_share,US,524.0,1338.0,0.39162929745889385,89348.0,220966.0,0.404351800729524,-0.012722503270630126,-0.03895713044429724,0.013512123903036986
claude_ai,US-OR,automation_share,US,1158.0,2869.0,0.40362495643081214,88164.0,212781.0,0.4143415060555219,-0.010716549624709748,-0.028791256085841634,0.0073581568364221375
claude_ai,US-OR,coursework_share,US,325.0,2946.0,0.11031907671418872,27519.0,219358.0,0.1254524567145944,-0.015133380000405677,-0.02653109709500219,-0.0037356629058091645
claude_ai,US-OR,success_rate,US,2157.0,2947.0,0.7319307770614184,158288.0,219425.0,0.721376324484448,0.010554452576970408,-0.0055479857426246025,0.026656890896565418
claude_ai,US-OR,work_share,US,1152.0,2946.0,0.3910386965376782,88720.0,219358.0,0.4044529946480183,-0.013414298110340117,-0.031155149814399676,0.004326553593719442
claude_ai,US-PA,automation_share,US,3222.0,7524.0,0.42822966507177035,86100.0,208126.0,0.4136917059857971,0.014537959085973273,0.0031585082787168074,0.02591740989322974
claude_ai,US-PA,coursework_share,US,1367.0,7721.0,0.17704960497344904,26477.0,214583.0,0.12338815283596558,0.05366145213748347,0.045034096196044295,0.06228880807892264
claude_ai,US-PA,success_rate,US,5582.0,7724.0,0.7226825479026411,154863.0,214648.0,0.721474227572584,0.0012083203300571332,-0.00895402966475367,0.011370670324867936
claude_ai,US-PA,work_share,US,2872.0,7721.0,0.3719725424167854,87000.0,214583.0,0.4054375230097445,-0.033464980592959104,-0.04444442556088298,-0.022485535625035226
claude_ai,US-PR,automation_share,US,250.0,567.0,0.4409171075837742,89072.0,215083.0,0.41412849923052963,0.026788608353244592,-0.014132163151802539,0.06770937985829173
claude_ai,US-PR,coursework_share,US,81.0,587.0,0.13798977853492334,27763.0,221717.0,0.12521818354027883,0.012771594994644503,-0.015163198427266326,0.04070638841655533
claude_ai,US-PR,success_rate,US,427.0,587.0,0.727427597955707,160018.0,221785.0,0.7215005523367225,0.0059270456189844944,-0.03014364906556919,0.04199774030353818
claude_ai,US-PR,work_share,US,254.0,587.0,0.43270868824531517,89618.0,221717.0,0.4041999485831037,0.028508739662211457,-0.011624218791108823,0.06864169811553174
claude_ai,US-RI,automation_share,US,284.0,722.0,0.39335180055401664,89038.0,214928.0,0.414268964490434,-0.02091716393641735,-0.05661048777877985,0.01477615990594515
claude_ai,US-RI,coursework_share,US,142.0,740.0,0.1918918918918919,27702.0,221564.0,0.1250293368958856,0.0668625549960063,0.038456279408354485,0.0952688305836581
claude_ai,US-RI,success_rate,US,560.0,741.0,0.7557354925775979,159885.0,221631.0,0.7214017894608606,0.034333703116737224,0.003341599000195778,0.06532580723327867
claude_ai,US-RI,work_share,US,290.0,740.0,0.3918918918918919,89582.0,221564.0,0.40431658572692314,-0.012424693835031253,-0.04765735665196709,0.022807968981904583
claude_ai,US-SC,automation_share,US,708.0,1623.0,0.43622920517560076,88614.0,214027.0,0.41403187448312595,0.022197330692474815,-0.0020198637252573093,0.04641452511020694
claude_ai,US-SC,coursework_share,US,213.0,1665.0,0.12792792792792793,27631.0,220639.0,0.12523171334170297,0.00269621458622496,-0.01340694013148731,0.01879936930393723
claude_ai,US-SC,success_rate,US,1220.0,1665.0,0.7327327327327328,159225.0,220707.0,0.7214315812366622,0.011301151496070583,-0.010037611536295264,0.032639914528436426
claude_ai,US-SC,work_share,US,739.0,1665.0,0.44384384384384384,89133.0,220639.0,0.40397663151120156,0.03986721233264229,0.01591448620579523,0.06381993845948934
claude_ai,US-SD,automation_share,US,88.0,206.0,0.42718446601941745,89234.0,215444.0,0.41418651714598687,0.012997948873430587,-0.05458596863211777,0.08058186637897895
claude_ai,US-SD,coursework_share,US,27.0,223.0,0.1210762331838565,27817.0,222081.0,0.12525610025170997,-0.004179867067853463,-0.04701825103362865,0.03865851689792173
claude_ai,US-SD,success_rate,US,168.0,223.0,0.7533632286995515,160277.0,222149.0,0.7214842290534731,0.03187899964607843,-0.024728030738925433,0.0884860300310823
claude_ai,US-SD,work_share,US,104.0,223.0,0.4663677130044843,89768.0,222081.0,0.4042128772835137,0.062154835720970636,-0.0033539912353760387,0.12766366267731732
claude_ai,US-TN,automation_share,US,1337.0,3139.0,0.42593182542210895,87985.0,212511.0,0.41402562690872474,0.011906198513384203,-0.0055187532706965844,0.02933115029746499
claude_ai,US-TN,coursework_share,US,360.0,3222.0,0.11173184357541899,27484.0,219082.0,0.1254507444701071,-0.013718900894688107,-0.02468508989169993,-0.0027527118976762854
claude_ai,US-TN,success_rate,US,2287.0,3223.0,0.7095873409866584,158158.0,219149.0,0.7216916344587473,-0.012104293472088856,-0.027888660888835137,0.003680073944657424
claude_ai,US-TN,work_share,US,1329.0,3222.0,0.41247672253258844,88543.0,219082.0,0.40415460877662246,0.008322113755965976,-0.008799947071513377,0.02544417458344533
claude_ai,US-TX,automation_share,US,7560.0,17698.0,0.42716691151542546,81762.0,197952.0,0.41303952473326866,0.014127386782156803,0.006523473772469586,0.02173129979184402
claude_ai,US-TX,coursework_share,US,2278.0,18231.0,0.12495200482694312,25566.0,204073.0,0.12527869928897992,-0.0003266944620368001,-0.005336941409226658,0.004683552485153058
claude_ai,US-TX,success_rate,US,13191.0,18236.0,0.7233494187321781,147254.0,204136.0,0.7213524317121919,0.001996987019986185,-0.004780838794455008,0.008774812834427378
claude_ai,US-TX,work_share,US,7551.0,18231.0,0.41418463057429655,82321.0,204073.0,0.40338996339545163,0.010794667178844919,0.0033342264827689377,0.0182551078749209
claude_ai,US-UT,automation_share,US,1222.0,2832.0,0.4314971751412429,88100.0,212818.0,0.41396874324540217,0.017528431895840746,-0.0008328839086884053,0.0358897477003699
claude_ai,US-UT,coursework_share,US,332.0,2976.0,0.11155913978494623,27512.0,219328.0,0.12543770061278087,-0.013878560827834632,-0.025274323822501204,-0.0024827978331680607
claude_ai,US-UT,success_rate,US,2080.0,2978.0,0.6984553391537945,158365.0,219394.0,0.7218292204891656,-0.023373881335371105,-0.03996328841027087,-0.006784474260471334
claude_ai,US-UT,work_share,US,1185.0,2976.0,0.39818548387096775,88687.0,219328.0,0.40435785672599944,-0.006172372855031694,-0.023879782435871858,0.01153503672580847
claude_ai,US-VA,automation_share,US,3102.0,7224.0,0.42940199335548174,86220.0,208426.0,0.41367199869498045,0.01572999466050129,0.004121127453561347,0.027338861867441232
claude_ai,US-VA,coursework_share,US,1055.0,7432.0,0.14195371367061357,26789.0,214872.0,0.12467422465467813,0.017279489015935443,0.00922275395066862,0.025336224081202265
claude_ai,US-VA,success_rate,US,5323.0,7433.0,0.7161307681958832,155122.0,214939.0,0.721702436505241,-0.005571668309357847,-0.015995434316590344,0.00485209769787465
claude_ai,US-VA,work_share,US,3033.0,7432.0,0.4081001076426265,86839.0,214872.0,0.40414293160579323,0.003957176036833265,-0.0074078935934805586,0.01532224566714709
claude_ai,US-VT,automation_share,US,176.0,415.0,0.42409638554216866,89146.0,215235.0,0.4141798499314703,0.009916535610698385,-0.037677743226271584,0.057510814447668354
claude_ai,US-VT,coursework_share,US,52.0,425.0,0.1223529411764706,27792.0,221879.0,0.12525746014719735,-0.0029045189707267577,-0.034090021804171144,0.028280983862717633
claude_ai,US-VT,success_rate,US,305.0,425.0,0.7176470588235294,160140.0,221947.0,0.7215236069872537,-0.0038765481637242916,-0.04671414937483587,0.038961053047387284
claude_ai,US-VT,work_share,US,167.0,425.0,0.39294117647058824,89705.0,221879.0,0.40429693661860744,-0.0113557601480192,-0.05783513847830859,0.03512361818227019
claude_ai,US-WA,automation_share,US,3146.0,8111.0,0.3878683269633831,86176.0,207539.0,0.4152279812468982,-0.02735965428351511,-0.03817383353066349,-0.016545475036366733
claude_ai,US-WA,coursework_share,US,817.0,8335.0,0.09802039592081584,27027.0,213969.0,0.12631269015605065,-0.028292294235234813,-0.03482916064207492,-0.021755427828394704
claude_ai,US-WA,success_rate,US,6122.0,8338.0,0.7342288318541617,154323.0,214034.0,0.7210209592868423,0.013207872567319368,0.0035374781895597725,0.02287826694507896
claude_ai,US-WA,work_share,US,3101.0,8335.0,0.37204559088182365,86771.0,213969.0,0.4055307077193425,-0.03348511683751887,-0.04406846327452983,-0.022901770400507906
claude_ai,US-WI,automation_share,US,991.0,2418.0,0.4098428453267163,88331.0,213232.0,0.4142483304569671,-0.004405485130250797,-0.02411957728735269,0.015308607026851096
claude_ai,US-WI,coursework_share,US,383.0,2483.0,0.15424889246878776,27461.0,219821.0,0.12492437028309397,0.029324522185693785,0.015050520956690567,0.043598523414697006
claude_ai,US-WI,success_rate,US,1831.0,2483.0,0.7374144180426903,158614.0,219889.0,0.7213366744129993,0.016077743629690944,-0.001331888663255086,0.033487375922636974
claude_ai,US-WI,work_share,US,886.0,2483.0,0.3568264196536448,88986.0,219821.0,0.4048111872841994,-0.04798476763055459,-0.06693961109788552,-0.029029924163223673
claude_ai,US-WV,automation_share,US,136.0,305.0,0.4459016393442623,89186.0,215345.0,0.4141540319022963,0.031747607441965975,-0.024076389860478754,0.0875716047444107
claude_ai,US-WV,coursework_share,US,36.0,316.0,0.11392405063291139,27808.0,221988.0,0.1252680325062616,-0.0113439818733502,-0.0464022930743704,0.02371432932767
claude_ai,US-WV,success_rate,US,224.0,316.0,0.7088607594936709,160221.0,222056.0,0.7215342075872753,-0.012673448093604378,-0.06279725049817006,0.03745035431096131
claude_ai,US-WV,work_share,US,117.0,316.0,0.370253164556962,89755.0,221988.0,0.4043236571346199,-0.034070492577657874,-0.08735046274152714,0.019209477586211395
claude_ai,US-WY,automation_share,US,135.0,255.0,0.5294117647058824,89187.0,215395.0,0.41406253627057266,0.1153492284353097,0.05405021142711848,0.17664824544350094
claude_ai,US-WY,coursework_share,US,22.0,434.0,0.05069124423963134,27822.0,221870.0,0.12539775544237616,-0.07470651120274482,-0.09539112139698033,-0.054021901008509315
claude_ai,US-WY,success_rate,US,350.0,434.0,0.8064516129032258,160095.0,221938.0,0.7213501067865801,0.08510150611664569,0.047884513067191846,0.12231849916609952
claude_ai,US-WY,work_share,US,89.0,434.0,0.20506912442396313,89783.0,221870.0,0.40466489385676296,-0.19959576943279983,-0.23763685066697937,-0.1615546881986203
claude_ai,UY,automation_share,GLOBAL,243.0,577.0,0.42114384748700173,441326.0,968933.0,0.4554762816417647,-0.03433243415476295,-0.07463198819065098,0.0059671198811250825
claude_ai,UY,coursework_share,GLOBAL,43.0,593.0,0.07251264755480608,124405.0,999109.0,0.1245159437058419,-0.05200329615103583,-0.07288656154968359,-0.031120030752388058
claude_ai,UY,success_rate,GLOBAL,410.0,593.0,0.6913996627318718,698975.0,999407.0,0.6993897381147021,-0.007990075382830253,-0.04517941158287116,0.02919926081721065
claude_ai,UY,work_share,GLOBAL,251.0,593.0,0.42327150084317033,452092.0,999109.0,0.4524951731993206,-0.029223672356150254,-0.0690027496999048,0.010555404987604301
claude_ai,UZ,automation_share,GLOBAL,403.0,827.0,0.4873035066505441,441166.0,968683.0,0.4554286593240513,0.03187484732649282,-0.002206535880958288,0.06595623053394392
claude_ai,UZ,coursework_share,GLOBAL,250.0,861.0,0.29036004645760743,124198.0,998841.0,0.12434211250839723,0.16601793394921022,0.1356901386006789,0.19634572929774152
claude_ai,UZ,success_rate,GLOBAL,629.0,861.0,0.7305458768873403,698756.0,999139.0,0.6993581473648811,0.031187729522459184,0.0015380203558393556,0.06083743868907901
claude_ai,UZ,work_share,GLOBAL,271.0,861.0,0.3147502903600465,452072.0,998841.0,0.45259655941235893,-0.13784626905231245,-0.16888306651402696,-0.10680947159059795
claude_ai,VN,automation_share,GLOBAL,2901.0,6125.0,0.4736326530612245,438668.0,963385.0,0.4553402845176124,0.018292368543612103,0.005748330291434669,0.030836406795789535
claude_ai,VN,coursework_share,GLOBAL,707.0,6303.0,0.11216880850388704,123741.0,993399.0,0.12456324196017914,-0.012394433456292098,-0.020212279422479683,-0.004576587490104514
claude_ai,VN,success_rate,GLOBAL,4492.0,6306.0,0.712337456390739,694893.0,993694.0,0.699302803478737,0.01303465291200201,0.001825490656554787,0.02424381516744923
claude_ai,VN,work_share,GLOBAL,3278.0,6303.0,0.5200698080279232,449065.0,993399.0,0.45204897528586196,0.06802083274206128,0.05564810965584132,0.08039355582828123
claude_ai,VN-DN,automation_share,VN,160.0,353.0,0.45325779036827196,2741.0,5772.0,0.4748787248787249,-0.021620934510452938,-0.07512675098311888,0.031884881962213014
claude_ai,VN-DN,coursework_share,VN,38.0,370.0,0.10270270270270271,669.0,5933.0,0.11275914377212203,-0.010056441069419317,-0.04201884116378621,0.021905959024947574
claude_ai,VN-DN,success_rate,VN,274.0,370.0,0.7405405405405405,4218.0,5936.0,0.7105795148247979,0.029961025715742662,-0.01616954553614846,0.07609159696763379
claude_ai,VN-DN,work_share,VN,184.0,370.0,0.4972972972972973,3094.0,5933.0,0.5214899713467048,-0.024192674049407503,-0.07670148350467565,0.028316135405860643
claude_ai,VN-HN,automation_share,VN,823.0,1835.0,0.4485013623978202,2078.0,4290.0,0.48438228438228437,-0.03588092198446419,-0.06311100755881766,-0.008650836410110725
claude_ai,VN-HN,coursework_share,VN,207.0,1884.0,0.10987261146496816,500.0,4419.0,0.11314777098891152,-0.0032751595239433606,-0.020206072850559847,0.013655753802673126
claude_ai,VN-HN,success_rate,VN,1332.0,1886.0,0.7062566277836692,3160.0,4420.0,0.7149321266968326,-0.008675498913163437,-0.033164409910265494,0.015813412083938615
claude_ai,VN-HN,work_share,VN,1097.0,1884.0,0.582271762208068,2181.0,4419.0,0.49355057705363203,0.08872118515443594,0.062014204335392384,0.1154281659734795
claude_ai,VN-SG,automation_share,VN,1060.0,2225.0,0.4764044943820225,1841.0,3900.0,0.47205128205128205,0.00435321233074043,-0.02164998297605424,0.0303564076375351
claude_ai,VN-SG,coursework_share,VN,243.0,2281.0,0.10653222270933801,464.0,4022.0,0.11536548980606663,-0.008833267096728617,-0.024888908165888252,0.007222373972431018
claude_ai,VN-SG,success_rate,VN,1651.0,2281.0,0.7238053485313459,2841.0,4025.0,0.7058385093167702,0.01796683921457576,-0.005160090727092562,0.041093769156244075
claude_ai,VN-SG,work_share,VN,1187.0,2281.0,0.5203857957036387,2091.0,4022.0,0.5198906016907011,0.0004951940129376275,-0.025170975839066155,0.02616136386494141
claude_ai,ZA,automation_share,GLOBAL,1940.0,3989.0,0.4863374279267987,439629.0,965521.0,0.455328263186404,0.031009164740394668,0.015466671899733442,0.046551657581055894
claude_ai,ZA,coursework_share,GLOBAL,422.0,4106.0,0.10277642474427667,124026.0,995596.0,0.12457462665579211,-0.021798201911515436,-0.031109285689231284,-0.012487118133799588
claude_ai,ZA,success_rate,GLOBAL,2871.0,4107.0,0.6990504017531045,696514.0,995893.0,0.6993863798620936,-0.00033597810898911007,-0.014392825869560848,0.013720869651582628
claude_ai,ZA,work_share,GLOBAL,2052.0,4106.0,0.4997564539698003,450291.0,995596.0,0.4522828536876404,0.04747360028215991,0.032148541897661254,0.06279865866665857
claude_ai,ZA-GP,automation_share,ZA,1020.0,2097.0,0.4864091559370529,920.0,1892.0,0.48625792811839325,0.0001512278186596716,-0.030911237879772624,0.031213693517091967
claude_ai,ZA-GP,coursework_share,ZA,253.0,2150.0,0.11767441860465117,169.0,1956.0,0.08640081799591003,0.03127360060874114,0.01281966393846367,0.04972753727901861
claude_ai,ZA-GP,success_rate,ZA,1475.0,2150.0,0.686046511627907,1396.0,1957.0,0.7133367399080225,-0.027290228280115514,-0.055330569220539194,0.000750112660308163
claude_ai,ZA-GP,work_share,ZA,1037.0,2150.0,0.4823255813953488,1015.0,1956.0,0.5189161554192229,-0.036590574023874056,-0.0671918614056309,-0.00598928664211722
claude_ai,ZA-KZN,automation_share,ZA,132.0,247.0,0.5344129554655871,1808.0,3742.0,0.4831640833778728,0.05124887208771428,-0.01298666017888861,0.11548440435431717
claude_ai,ZA-KZN,coursework_share,ZA,21.0,268.0,0.07835820895522388,401.0,3838.0,0.10448150078165712,-0.026123291826433234,-0.059721688702778324,0.007475105049911855
claude_ai,ZA-KZN,success_rate,ZA,183.0,268.0,0.6828358208955224,2688.0,3839.0,0.7001823391508205,-0.017346518255298093,-0.07491795153925472,0.040224915028658534
claude_ai,ZA-KZN,work_share,ZA,131.0,268.0,0.48880597014925375,1921.0,3838.0,0.5005211047420531,-0.011715134592799381,-0.07361844737305467,0.05018817818745592
claude_ai,ZA-WC,automation_share,ZA,672.0,1419.0,0.47357293868921774,1268.0,2570.0,0.4933852140077821,-0.019812275318564387,-0.05219367476521712,0.012569124128088346
claude_ai,ZA-WC,coursework_share,ZA,116.0,1472.0,0.07880434782608696,306.0,2634.0,0.11617312072892938,-0.03736877290284242,-0.05578631801418161,-0.018951227791503232
claude_ai,ZA-WC,success_rate,ZA,1056.0,1473.0,0.7169042769857433,1815.0,2634.0,0.6890660592255126,0.027838217760230766,-0.0011753078998064902,0.056851743420268025
claude_ai,ZA-WC,work_share,ZA,779.0,1472.0,0.5292119565217391,1273.0,2634.0,0.4832953682611997,0.04591658826053946,0.01406649877994319,0.07776667774113573
claude_ai,ZM,automation_share,GLOBAL,159.0,305.0,0.521311475409836,441410.0,969205.0,0.45543512466402875,0.06587635074580728,0.009803942808705404,0.12194875868290915
claude_ai,ZM,coursework_share,GLOBAL,90.0,320.0,0.28125,124358.0,999382.0,0.12443490076867504,0.15681509923132497,0.10754836809744552,0.20608183036520444
claude_ai,ZM,success_rate,GLOBAL,214.0,320.0,0.66875,699171.0,999680.0,0.6993948063380282,-0.03064480633802824,-0.08222190193559613,0.020932289259539646
claude_ai,ZM,work_share,GLOBAL,112.0,320.0,0.35,452231.0,999382.0,0.4525106515826781,-0.10251065158267814,-0.15478004821984637,-0.05024125494550989
claude_ai,ZW,automation_share,GLOBAL,190.0,343.0,0.5539358600583091,441379.0,969167.0,0.4554209955559774,0.09851486450233166,0.04589926401690929,0.151130464987754
claude_ai,ZW,coursework_share,GLOBAL,60.0,362.0,0.16574585635359115,124388.0,999340.0,0.12447015029919747,0.04127570605439368,0.002963752576114219,0.07958765953267313
claude_ai,ZW,success_rate,GLOBAL,237.0,362.0,0.6546961325966851,699148.0,999638.0,0.6994011832283287,-0.04470505063164354,-0.09369370521709272,0.0042836039538056495
claude_ai,ZW,work_share,GLOBAL,171.0,362.0,0.4723756906077348,452172.0,999340.0,0.4524706306162067,0.01990505999152814,-0.031533183201628213,0.07134330318468449
